scope_addr,tx_hash,block_time,originator_address,servicer_address,contract_spec_name,loan_class,amount_usd,interest_rate_pct,ledger_class_id,status_type_id,maturity_date,next_pmt_date,next_pmt_amt,payment_frequency,interest_day_count_convention,interest_accrual_method,discovered_at
scope1qq5glf0258s5wzy06hkhueay23uq7mvgtx,1638AB62229C21F8291B870F65701344B1E5AAEB0FC5A11D23EFB6DE590087B1,2026-09-17T23:58:18.257508587Z,pb1xvd4k9jg5h0d4dhzr4z0txtwe9p5zxf58xcmxd,pb1rrwuxd65chqed6t0c5z8z505daw0rvsveyl0eq,,,,,,,,,,,,,2026-09-18T17:37:11.086381+00:00
scope1qpsmcl2l5rlyela5nes5a3gd0fgqgw7z24,BECA01FE2EB7C60D5DF73044CDB3C91FD0F3415A90636C41727B316621289E02,2026-09-17T23:57:33.978163636Z,pb13knswfs6ack05wveq5nua7jgc5jnld3zg8xl52,pb1rrwuxd65chqed6t0c5z8z505daw0rvsveyl0eq,,,,,,,,,,,,,2026-09-18T17:37:11.691999+00:00
scope1qrhkrue0ucj5dav3tcr8j7l06easra8qu7,B8C13B5FAA33BAA63FA71FF4256A85696B7A86704449CEDE68FA370D17F8FBC6,2026-09-17T23:57:29.571123797Z,pb16j3hxhr0m56h9u9ptdtz2qpmtd7333f77h64m6,pb1rrwuxd65chqed6t0c5z8z505daw0rvsveyl0eq,,,,,,,,,,,,,2026-09-18T17:37:12.372401+00:00
scope1qqnpsn6paux50ma5dc6hjs6jqkdsxf9hkc,3F5719C837338C7D2298B2A6F7F3EA3FF4DFC90A8A6FB5252D4EFB8534B8306D,2026-09-17T23:56:32.658742947Z,pb1xvd4k9jg5h0d4dhzr4z0txtwe9p5zxf58xcmxd,pb1rrwuxd65chqed6t0c5z8z505daw0rvsveyl0eq,,,,,,,,,,,,,2026-09-18T17:37:13.003756+00:00
scope1qqjntagc24hyfdymxk29flkmy3uskdqhzj,3C0D707526C2921B785D2A2AACA3DFABD87F82EA5638EC63921847BF289AF9CB,2026-09-17T23:53:24.332760913Z,pb1xvd4k9jg5h0d4dhzr4z0txtwe9p5zxf58xcmxd,pb1rrwuxd65chqed6t0c5z8z505daw0rvsveyl0eq,,,,,,,,,,,,,2026-09-18T17:37:13.609433+00:00
scope1qpdp9245sq7yvudzmngcmqvr062srwrjtx,0677AA7FC4677ED0BB01E84E700DCE0EA35639F78D1B8008C46D5D97819C736A,2026-09-17T23:50:16.124691078Z,pb1xvd4k9jg5h0d4dhzr4z0txtwe9p5zxf58xcmxd,pb1rrwuxd65chqed6t0c5z8z505daw0rvsveyl0eq,,,,,,,,,,,,,2026-09-18T17:37:14.197573+00:00
scope1qqky3tuqu0f5kayatrwk6canwmvsxdt652,D4CF55794E45B8EE9A9329F359B91A6499F9BF92832B7E64C3D5DC8998C3AD5B,2026-09-17T23:46:39.489967906Z,pb1xvd4k9jg5h0d4dhzr4z0txtwe9p5zxf58xcmxd,pb1rrwuxd65chqed6t0c5z8z505daw0rvsveyl0eq,,,,,,,,,,,,,2026-09-18T17:37:14.785652+00:00
scope1qr85gkx3fd9ysfyugkvmqfppcw5s87yhwn,DCE73D7216DE00E677651038C92B7EC97623FA2BAE4ABAAEA3CDE5CA96904910,2026-09-17T23:45:25.938398596Z,pb13knswfs6ack05wveq5nua7jgc5jnld3zg8xl52,pb1rrwuxd65chqed6t0c5z8z505daw0rvsveyl0eq,,,,,,,,,,,,,2026-09-18T17:37:15.423726+00:00
scope1qzyep2mvhux5awy3gv5408plkm3qlw6zt2,E778EE6453A61471668DF972B4CFAFE228AC2B34C134C0E912BA8937B94046DA,2026-09-17T23:45:17.438050312Z,pb1xvd4k9jg5h0d4dhzr4z0txtwe9p5zxf58xcmxd,pb1rrwuxd65chqed6t0c5z8z505daw0rvsveyl0eq,,,,,,,,,,,,,2026-09-18T17:37:16.695892+00:00
scope1qqh649e0z5t5krvxm9p3hqyunx0qlf3vq0,76A90CC901AF8984BE9E981E5E19D97580C309C7EB98F55FD3C3EA11DA70D3E3,2026-09-17T23:45:17.438050312Z,pb14ep8k6jtc338c00t9khyrydpw7vywagdzqntwz,pb1rrwuxd65chqed6t0c5z8z505daw0rvsveyl0eq,,,,,,,,,,,,,2026-09-18T17:37:16.067646+00:00
scope1qql9khcxs645jeuu5pzm0479fexqutkv0h,2D7B0CFE1B8CABB9152FE0617F77C7201C6F50F7C197E3CA9D0BDB105CE1B57E,2026-09-17T23:44:47.006358839Z,pb1xvd4k9jg5h0d4dhzr4z0txtwe9p5zxf58xcmxd,pb1rrwuxd65chqed6t0c5z8z505daw0rvsveyl0eq,,,,,,,,,,,,,2026-09-18T17:37:17.254030+00:00
scope1qzk0p3h9f5yy4vusym0q7yue0ngsgtp020,097E1AD4664FE0A3B6DF4C92EEA4D870F4A9077FC32E97D0007A7D80A78D6FE6,2026-09-17T23:42:49.701610350Z,pb1xvd4k9jg5h0d4dhzr4z0txtwe9p5zxf58xcmxd,pb1rrwuxd65chqed6t0c5z8z505daw0rvsveyl0eq,,,,,,,,,,,,,2026-09-18T17:37:17.823197+00:00
scope1qpeppxehujr5z795jrwngh0428gqv4g55l,8CA36A3E7FBAE516C440F4A730A0DE0EA21A34ABF1559A6642C03FC96E8FE97E,2026-09-17T23:41:17.591453970Z,pb1xvd4k9jg5h0d4dhzr4z0txtwe9p5zxf58xcmxd,pb1rrwuxd65chqed6t0c5z8z505daw0rvsveyl0eq,,,,,,,,,,,,,2026-09-18T17:37:18.398422+00:00
scope1qzl37mgn57852jaux6ta4534dv6q5lenp4,B4E317B1ECA3C9F6BD22D2113245EC4EB73E555E1368AC142D5F99F00D4014B8,2026-09-17T23:40:42.636029548Z,pb14ep8k6jtc338c00t9khyrydpw7vywagdzqntwz,pb1rrwuxd65chqed6t0c5z8z505daw0rvsveyl0eq,,,,,,,,,,,,,2026-09-18T17:37:19.017085+00:00
scope1qz3fcusavh5yyjdqycjr0dw6wprqvjdhrg,D3B0C8CA21BAECE781888EA1BF3B9A58175417347AB2016A69F20144EDBB7F85,2026-09-17T23:40:33.943101367Z,pb1xvd4k9jg5h0d4dhzr4z0txtwe9p5zxf58xcmxd,pb1rrwuxd65chqed6t0c5z8z505daw0rvsveyl0eq,,,,,,,,,,,,,2026-09-18T17:37:19.585116+00:00
scope1qrsqhnzjnecyc6un8sdspy6pef9skkkm7s,6B3F35BECE36793D880F79B05925855D40FFD92B5FE76FCB7CDCBD2AC8546A20,2026-09-17T23:40:25.390072969Z,pb1yanv2m82r4j90len04gf8hftqgelhtu885ekw8,pb1rrwuxd65chqed6t0c5z8z505daw0rvsveyl0eq,,,,,,,,,,,,,2026-09-18T17:37:21.027121+00:00
scope1qq9hmfduuvj58hur9qs0ll606n4ql98mkt,53C9C06E6894DFA2168523D0CE71D32F533FD7597226543B1A1C023DFE7C24F1,2026-09-17T23:40:25.390072969Z,pb13knswfs6ack05wveq5nua7jgc5jnld3zg8xl52,pb1rrwuxd65chqed6t0c5z8z505daw0rvsveyl0eq,,,,,,,,,,,,,2026-09-18T17:37:20.129834+00:00
scope1qzk03lvut2eycxujyvhzhevqa63s0z3q74,BED1C0FEC96F07ECD4411CA9E1C62B5D63F92393EFEC379692592D774B6CE357,2026-09-17T23:40:16.814134084Z,pb1k38pa6rgnepcs592n4mvr3hxucw8tslprcmlvk,pb1rrwuxd65chqed6t0c5z8z505daw0rvsveyl0eq,,,,,,,,,,,,,2026-09-18T17:37:21.617128+00:00
scope1qrrvm77dg2j56hyp7lqpmhux77gsz2nq4f,4151676D5D0CA589655BC808FB5720CE561CD8A4BC3D60AA26F7D5111A5222D6,2026-09-17T23:38:37.123894747Z,pb1xvd4k9jg5h0d4dhzr4z0txtwe9p5zxf58xcmxd,pb1rrwuxd65chqed6t0c5z8z505daw0rvsveyl0eq,,,,,,,,,,,,,2026-09-18T17:37:22.182554+00:00
scope1qz9e5qz97dn5sv9jsey4kurqxlaqmeazk9,8C59585C9C13EA4F488148176AFB82F19DC75169F98E95FBFA5DEE1C390F72C5,2026-09-17T23:35:35.210014862Z,pb1kx5k0nr068xhxgcmnzzef9523cxdcexlm3r29w,pb1rrwuxd65chqed6t0c5z8z505daw0rvsveyl0eq,,,,,,,,,,,,,2026-09-18T17:37:23.526207+00:00
scope1qz2rtuxpche5tt5r8dd3qhddqvpqr7prq5,4A0CDBF23D9056C6823BA475A1D3DA79AC829B9EEE747620112687614A6C884B,2026-09-17T23:35:35.210014862Z,pb1xvd4k9jg5h0d4dhzr4z0txtwe9p5zxf58xcmxd,pb1rrwuxd65chqed6t0c5z8z505daw0rvsveyl0eq,,,,,,,,,,,,,2026-09-18T17:37:22.781719+00:00
scope1qzevw635y9a5uedmtsepq55fs6qqxj2jdg,6DE416BDD763C86AFB23B1AD06A0683C5C67AD67E8690E25685DB3F414F9389A,2026-09-17T23:35:22.325675342Z,pb13knswfs6ack05wveq5nua7jgc5jnld3zg8xl52,pb1rrwuxd65chqed6t0c5z8z505daw0rvsveyl0eq,,,,,,,,,,,,,2026-09-18T17:37:24.180615+00:00
scope1qr8auqmyhne5jeud2cqr333hehnq6f9z96,C3F2A9442364B30B96D2CE0540FBE65CD5B3912D437E1D12AF695BC0CC4B6558,2026-09-17T23:34:43.298635510Z,pb1xvd4k9jg5h0d4dhzr4z0txtwe9p5zxf58xcmxd,pb1rrwuxd65chqed6t0c5z8z505daw0rvsveyl0eq,,,,,,,,,,,,,2026-09-18T17:37:24.779162+00:00
scope1qr8u472gr30ykevn0rvhvsh3gs4qcapgtk,4F1E760D72F05AD90A15A08813E5AE0B3C2DB9C241C264A6C18CCB351AAD92BC,2026-09-17T23:30:27.875259633Z,pb13knswfs6ack05wveq5nua7jgc5jnld3zg8xl52,pb1rrwuxd65chqed6t0c5z8z505daw0rvsveyl0eq,,,,,,,,,,,,,2026-09-18T17:37:25.438651+00:00
scope1qzylgggzxuhyhcazyurnulemtlasfc0ftk,162271990F1BC6073530BFF2E8DA130ED351C9B945EA0874C599CF8BB75CE0C3,2026-09-17T23:30:23.430770217Z,pb1kx5k0nr068xhxgcmnzzef9523cxdcexlm3r29w,pb1rrwuxd65chqed6t0c5z8z505daw0rvsveyl0eq,,,,,,,,,,,,,2026-09-18T17:37:26.066197+00:00
scope1qrcv30srmdsy8s5z0da86jnzwndqsywgal,7218061775E53FB8844D43D19C3FD9D889DA302DBA46696DA5D304776ACEC694,2026-09-17T23:25:50.680391388Z,pb1kx5k0nr068xhxgcmnzzef9523cxdcexlm3r29w,pb1rrwuxd65chqed6t0c5z8z505daw0rvsveyl0eq,,,,,,,,,,,,,2026-09-18T17:37:26.639529+00:00
scope1qq8h66c86weyd34vk04hekw23chqzytrp8,03BA61E68AAB42A76EB2B1FBAC506FBDF1623193A03CD098F58284EE0BC28072,2026-09-17T23:25:46.160947133Z,pb1589kxggzm5sd82dzre47zpp9wjnr4fr229srtj,pb1rrwuxd65chqed6t0c5z8z505daw0rvsveyl0eq,,,,,,,,,,,,,2026-09-18T17:37:27.270912+00:00
scope1qrylglqkdk25xg903tjvafe8dxusgntgka,0F3EB8C2D39B3D856BAA1FB7031691EE4EA656CEFD08CEE6EC0054518138584E,2026-09-17T23:25:41.744357593Z,pb1k38pa6rgnepcs592n4mvr3hxucw8tslprcmlvk,pb1rrwuxd65chqed6t0c5z8z505daw0rvsveyl0eq,,,,,,,,,,,,,2026-09-18T17:37:27.877579+00:00
scope1qzl4atlzqd3y9m5xvlnx3ve7zahq56m28k,4A557672082066581222F4E83F46A8BF2EF91AD70BA97DDBF6095F5AD06905EC,2026-09-17T23:25:33.123995190Z,pb1kx5k0nr068xhxgcmnzzef9523cxdcexlm3r29w,pb1rrwuxd65chqed6t0c5z8z505daw0rvsveyl0eq,,,,,,,,,,,,,2026-09-18T17:37:28.492168+00:00
scope1qqm9k80qrfu5cevfyy4ucc8lzrxqp089wa,B8DB6A91DC628FB88D71D0757569F782E4FB9698B35F94209570E3C0C24B3E48,2026-09-17T23:25:28.652161951Z,pb13knswfs6ack05wveq5nua7jgc5jnld3zg8xl52,pb1rrwuxd65chqed6t0c5z8z505daw0rvsveyl0eq,,,,,,,,,,,,,2026-09-18T17:37:29.597734+00:00
scope1qz24eh9dwwuy909p7qfdkrux9tcqv3mv7j,010732FAB1C77222E65BE3A0DCBBA10A96FC522E533CD51A54DBC8EA3905F0E0,2026-09-17T23:25:28.652161951Z,pb1fmxzuzx5c4ja50vu94nt0aessnuedzmppde8qr,pb1rrwuxd65chqed6t0c5z8z505daw0rvsveyl0eq,,,,,,,,,,,,,2026-09-18T17:37:29.035609+00:00
scope1qpxfjc98m7ayx8ufle8a4mq0vtpqp3d6d9,46D281EA97CC39B78306016278A615A03D91DA613E1CC161773BDCB017466AF9,2026-09-17T23:25:24.276380695Z,pb1k38pa6rgnepcs592n4mvr3hxucw8tslprcmlvk,pb1rrwuxd65chqed6t0c5z8z505daw0rvsveyl0eq,,,,,,,,,,,,,2026-09-18T17:37:30.181431+00:00
scope1qrrzl35t4h85d4vxu8a9rhmqfyesnly6v0,37D5A8561AFA3A1EC8BEF701DD2906DE4E2EC5B5C729037A805D917B406C8F31,2026-09-17T23:25:20.066765412Z,pb150y6qkszzccf4gapvywe6lvaaraant8acjk6t4,pb1rrwuxd65chqed6t0c5z8z505daw0rvsveyl0eq,,,,,,,,,,,,,2026-09-18T17:37:30.769034+00:00
scope1qph82yqln7k53ja4v2f845356p5qxmkq6m,5038804F57E0FFF78C155E1F6146D99F130929609B2F3B91908FEC7F71B5B971,2026-09-17T23:23:10.538332803Z,pb1xvd4k9jg5h0d4dhzr4z0txtwe9p5zxf58xcmxd,pb1rrwuxd65chqed6t0c5z8z505daw0rvsveyl0eq,,,,,,,,,,,,,2026-09-18T17:37:31.372826+00:00
scope1qq9xsap3ypg5qmvmy9lhuwcdmccq35tx58,C131CC70548A4DCC7AA8AABD9640B83AC67D61A35F7D09FB1D36C4280802B8F6,2026-09-17T23:23:06.217328129Z,pb1xvd4k9jg5h0d4dhzr4z0txtwe9p5zxf58xcmxd,pb1rrwuxd65chqed6t0c5z8z505daw0rvsveyl0eq,,,,,,,,,,,,,2026-09-18T17:37:31.948072+00:00
scope1qrhjjkchmv7ys75ykl9un4e3szyq2333mf,345205224ADB36660DF502E3566C5868D1D5906D3374F9061B951F90E7ED36F4,2026-09-17T23:22:57.399477039Z,pb13knswfs6ack05wveq5nua7jgc5jnld3zg8xl52,pb1rrwuxd65chqed6t0c5z8z505daw0rvsveyl0eq,,,,,,,,,,,,,2026-09-18T17:37:32.509042+00:00
scope1qr97gtq6uk55a3a5hcfh34s2czwqkkcmu8,85C448B31761E97B8869331B73B815204F5AC3CE4253CE3BD56833ED626BCBEA,2026-09-17T23:22:35.704809632Z,pb1xvd4k9jg5h0d4dhzr4z0txtwe9p5zxf58xcmxd,pb1rrwuxd65chqed6t0c5z8z505daw0rvsveyl0eq,,,,,,,,,,,,,2026-09-18T17:37:33.080224+00:00
scope1qqtw6wjmzlmymyavms2c8e622t8qfsxp0m,B3115503644793ED166B7CE278DCA7031A0FEF5105F432C2248247FBC2D3C54B,2026-09-17T23:20:42.181857445Z,pb1xvd4k9jg5h0d4dhzr4z0txtwe9p5zxf58xcmxd,pb1rrwuxd65chqed6t0c5z8z505daw0rvsveyl0eq,,,,,,,,,,,,,2026-09-18T17:37:33.631229+00:00
scope1qqsnsj4x5n0y9fdmg95709z4leas64zp5g,67266B31EA9BFEE57C9AA3993E50D05B5F31D9ECF8A79DB65DAF42542A2CEB7A,2026-09-17T23:20:37.949110383Z,pb1urn5mj5trz3m24qf8fj73udy55gla6eunt4ha4,pb1rrwuxd65chqed6t0c5z8z505daw0rvsveyl0eq,,,,,,,,,,,,,2026-09-18T17:37:34.177602+00:00
scope1qzc0x5naruzyf75ucfs8weuyu6jqlpgc6n,55D29D20206944042F517D8089A47F7D07A3C2D14EA5F19F1F87B2295DE28E87,2026-09-17T23:20:29.215434109Z,pb1awn7unm6pv3rd9s0wzg4vje357dn3pn8ua530c,pb1rrwuxd65chqed6t0c5z8z505daw0rvsveyl0eq,,,,,,,,,,,,,2026-09-18T17:37:34.749445+00:00
scope1qr3edwszp0syrwvxvrudjzxxcc4s5qxlps,8CCC968DB74979A29465458ADC01A7D6A4493BD674D91EEB7BD2B4B35F5B89CA,2026-09-17T23:20:20.443502046Z,pb1qjxvmds5pwjt3zursu967phrlf29ndtqr82r4e,pb1rrwuxd65chqed6t0c5z8z505daw0rvsveyl0eq,,,,,,,,,,,,,2026-09-18T17:37:35.357235+00:00
scope1qzjdfuapkcqyllua8pkz44gj6nas6rj7nr,86F9186A2A53E453D0503F5AE449CB4BECCA3A6ADB6CAF4CEFCAD7F31EBDADF4,2026-09-17T23:20:16.091724723Z,pb1awn7unm6pv3rd9s0wzg4vje357dn3pn8ua530c,pb1rrwuxd65chqed6t0c5z8z505daw0rvsveyl0eq,,,,,,,,,,,,,2026-09-18T17:37:35.926419+00:00
scope1qqrwpt9lk7wyepumhfkwet4q08qsc5744e,E60FEA006FD171B948F14B34F83FE78A7EE86D5332296D1060DDD00B1FAC2BBD,2026-09-17T23:19:50.375648807Z,pb1xvd4k9jg5h0d4dhzr4z0txtwe9p5zxf58xcmxd,pb1rrwuxd65chqed6t0c5z8z505daw0rvsveyl0eq,,,,,,,,,,,,,2026-09-18T17:37:36.479426+00:00
scope1qrf3mfz0nhpyxkam8elk9n6q7s3s5n5ltl,0DA5297A7938E7293572FD890D63F399CEE749AA69B8D7B19BD8316A3173C836,2026-09-17T23:18:44.751780943Z,pb1xvd4k9jg5h0d4dhzr4z0txtwe9p5zxf58xcmxd,pb1rrwuxd65chqed6t0c5z8z505daw0rvsveyl0eq,,,,,,,,,,,,,2026-09-18T17:37:37.028485+00:00
scope1qpwxav95s0dywduywy9c980j8sdsawj2f4,680878F9B4F107E27AEB634ACC0D68FF73A22CA7A8C27031A88080AE35113110,2026-09-17T23:18:18.775338801Z,pb1xvd4k9jg5h0d4dhzr4z0txtwe9p5zxf58xcmxd,pb1rrwuxd65chqed6t0c5z8z505daw0rvsveyl0eq,,,,,,,,,,,,,2026-09-18T17:37:37.604813+00:00
scope1qqujgthw3gsy89a9e9vd8rx5s9jsxjspdz,04B11C7E9CE3B9C296B46F131A420FB26D34CA6B18122C0135A1620935743335,2026-09-17T23:17:26.743650314Z,pb1kx5k0nr068xhxgcmnzzef9523cxdcexlm3r29w,pb1rrwuxd65chqed6t0c5z8z505daw0rvsveyl0eq,,,,,,,,,,,,,2026-09-18T17:37:38.183402+00:00
scope1qzfdrxymett57kur2w4zd27fz59skuk0pm,8D00A44AD0599937BD32AFBC5E95F87709177113F49F9916484DA154E9FEAF9F,2026-09-17T23:16:56.513785706Z,pb13knswfs6ack05wveq5nua7jgc5jnld3zg8xl52,pb1rrwuxd65chqed6t0c5z8z505daw0rvsveyl0eq,,,,,,,,,,,,,2026-09-18T17:37:38.729848+00:00
scope1qplpre35rxr5xw4qs49z9j5ytmtsyynjtc,D6683D0EF46B81FC38B6CD7A0C49CA73C2254E861D649AE1829DF5D9FEF0F9A0,2026-09-17T23:16:04.371378309Z,pb13knswfs6ack05wveq5nua7jgc5jnld3zg8xl52,pb1rrwuxd65chqed6t0c5z8z505daw0rvsveyl0eq,,,,,,,,,,,,,2026-09-18T17:37:39.279273+00:00
scope1qpulltw5pt5yz2ym5k75g4z5mnwsvyl0fd,2C5B8F313D03E0837CB812DD03E8ADD2C1BFBDF7E23448E605ECD34E744AFA09,2026-09-17T23:15:34.032337064Z,pb1xvd4k9jg5h0d4dhzr4z0txtwe9p5zxf58xcmxd,pb1rrwuxd65chqed6t0c5z8z505daw0rvsveyl0eq,,,,,,,,,,,,,2026-09-18T17:37:39.852621+00:00
scope1qr3hn89tlt3y6ydxtwanrha2ncpq4n93k2,C1C64219925606EC5502070A606D94DA756D3040402E124BA608796542366258,2026-09-17T23:15:29.660962102Z,pb1kx5k0nr068xhxgcmnzzef9523cxdcexlm3r29w,pb1rrwuxd65chqed6t0c5z8z505daw0rvsveyl0eq,,,,,,,,,,,,,2026-09-18T17:37:40.412650+00:00
scope1qptkv4zpns75lru8wvrskza4l4wqhlk6u4,C1C64219925606EC5502070A606D94DA756D3040402E124BA608796542366258,2026-09-17T23:15:29.660962102Z,pb1kx5k0nr068xhxgcmnzzef9523cxdcexlm3r29w,pb1rrwuxd65chqed6t0c5z8z505daw0rvsveyl0eq,,,,,,,,,,,,,2026-09-18T17:37:40.412593+00:00
scope1qra25dm2vtxy3ayudr2hwdjxn0fshdx97d,A2DCC6FC94EF0F5ED29D8377F94823F1D426850D3E72D78B44DA3B2D50B3AE27,2026-09-17T23:15:20.772538950Z,pb13knswfs6ack05wveq5nua7jgc5jnld3zg8xl52,pb1rrwuxd65chqed6t0c5z8z505daw0rvsveyl0eq,,,,,,,,,,,,,2026-09-18T17:37:41.531921+00:00
scope1qz7whzanykd5v85jmqnaylj4zauqyap5xr,4E9B2AE45B5D205258C03EA6AEC4631F7A1D2C64553EAF2A90A846DFDD81CA26,2026-09-17T23:15:20.772538950Z,pb1kx5k0nr068xhxgcmnzzef9523cxdcexlm3r29w,pb1rrwuxd65chqed6t0c5z8z505daw0rvsveyl0eq,,,,,,,,,,,,,2026-09-18T17:37:40.987368+00:00
scope1qq44jdk3hfdyfp42xapdlpscm6rq40mcc3,2F9DA1A3F1A3855944335FC5C358563E9A8D826F4CEB5F9165F462F48AC30D66,2026-09-17T23:14:28.684263500Z,pb1xvd4k9jg5h0d4dhzr4z0txtwe9p5zxf58xcmxd,pb1rrwuxd65chqed6t0c5z8z505daw0rvsveyl0eq,,,,,,,,,,,,,2026-09-18T17:37:42.115531+00:00
scope1qrxflya9jt9yxvvz6mrh057gmunqz077d4,CAB59A40CFF2DEE3F030BA947421AF12DC1964723C8DC0FA030575A0DD2320F1,2026-09-17T23:13:40.748847711Z,pb13knswfs6ack05wveq5nua7jgc5jnld3zg8xl52,pb1rrwuxd65chqed6t0c5z8z505daw0rvsveyl0eq,,,,,,,,,,,,,2026-09-18T17:37:42.716009+00:00
scope1qqjdc52fcxyyde5q5hrxt6sx5r2sy0ka0j,4B1BA964FA8270507AE8327AD025188D356BB76FCA205B98FE1C6D15DE47CCE3,2026-09-17T23:12:31.700663810Z,pb1xvd4k9jg5h0d4dhzr4z0txtwe9p5zxf58xcmxd,pb1rrwuxd65chqed6t0c5z8z505daw0rvsveyl0eq,,,,,,,,,,,,,2026-09-18T17:37:43.328856+00:00
scope1qzt9hecr7ak5fu54wc4r7yzlxkeqs8rxsr,00AD119AE7301C5CA0BE52D801A79FFF0717D6AD77A03B3EF88AC3446CF4FAFC,2026-09-17T23:10:42.770764147Z,pb1kx5k0nr068xhxgcmnzzef9523cxdcexlm3r29w,pb1rrwuxd65chqed6t0c5z8z505daw0rvsveyl0eq,,,,,,,,,,,,,2026-09-18T17:37:43.900551+00:00
scope1qp6zqk7n38m5y5u69yrz0g6re9hqggq9ca,95E20438A39D93FAD29DED8F0AAF555882B9D0EFC46DC74828EBAB4C36B957D8,2026-09-17T23:10:29.723252473Z,pb1xvd4k9jg5h0d4dhzr4z0txtwe9p5zxf58xcmxd,pb1rrwuxd65chqed6t0c5z8z505daw0rvsveyl0eq,,,,,,,,,,,,,2026-09-18T17:37:44.466725+00:00
scope1qp26ctv7tlpy3u4v8utllrpk23zs47etjk,B6B46F6258C43D559E8E46084867B25BC5F81AAE42C545C0E9E5DAFD5EFA87A3,2026-09-17T23:10:25.351911913Z,pb1xvd4k9jg5h0d4dhzr4z0txtwe9p5zxf58xcmxd,pb1rrwuxd65chqed6t0c5z8z505daw0rvsveyl0eq,,,,,,,,,,,,,2026-09-18T17:37:45.066592+00:00
scope1qzlfrz9p4pjyg4aeep2gjgg8sc4s60hehu,89F02DF126B4179A6D3AEF98FD5562C583DFD3083A75D447C0AFAE99423D5EA0,2026-09-17T23:08:50.227351803Z,pb1kx5k0nr068xhxgcmnzzef9523cxdcexlm3r29w,pb1rrwuxd65chqed6t0c5z8z505daw0rvsveyl0eq,,,,,,,,,,,,,2026-09-18T17:37:45.632088+00:00
scope1qzrn4nm80mdy7xyhwc2n8ftjevqqyelh7f,BF9315256EECF1EB9B4DB12622571F04D5A186CF03AB6EE35C8FF11B046B2307,2026-09-17T23:07:36.909206518Z,pb1xvd4k9jg5h0d4dhzr4z0txtwe9p5zxf58xcmxd,pb1rrwuxd65chqed6t0c5z8z505daw0rvsveyl0eq,,,,,,,,,,,,,2026-09-18T17:37:46.212564+00:00
scope1qqz78vljau9ykkdfzf36wjdj5ewq0zsw6a,C2D76A45406F53D89DE49B36D2FDA5699C5EF1D42A04B01395C6A93D9238A5D4,2026-09-17T23:05:43.716805691Z,pb1kx5k0nr068xhxgcmnzzef9523cxdcexlm3r29w,pb1rrwuxd65chqed6t0c5z8z505daw0rvsveyl0eq,,,,,,,,,,,,,2026-09-18T17:37:47.344269+00:00
scope1qr9a2sv8p9m5f5975dw8jhf5g48qhgnpj6,BC3D2D68ECFF77FDBB10B29DF5BF340A07D592D3A5E8599D6536D6F55E03454D,2026-09-17T23:05:43.716805691Z,pb1xvd4k9jg5h0d4dhzr4z0txtwe9p5zxf58xcmxd,pb1rrwuxd65chqed6t0c5z8z505daw0rvsveyl0eq,,,,,,,,,,,,,2026-09-18T17:37:46.776725+00:00
scope1qqmcclgprkqyhl4rp2mfktma000sffpq3t,F6CEFCDE73C78BBCD315209B2D27B6FB0681A0AF641F62C31A4985DA6657169E,2026-09-17T23:05:30.754605952Z,pb1xzl9wgh0ry2dma43f58vmuteqd3996j6mhqhgz,pb1rrwuxd65chqed6t0c5z8z505daw0rvsveyl0eq,,,,,,,,,,,,,2026-09-18T17:37:47.895731+00:00
scope1qpwt5mhghpay2avlz5a4x4k78fwqtj978k,AF4037913C8122EF9438CF913BDC5F7E7D3E0843876C020F88F072E499C3C3FC,2026-09-17T23:05:26.382256723Z,pb1awn7unm6pv3rd9s0wzg4vje357dn3pn8ua530c,pb1rrwuxd65chqed6t0c5z8z505daw0rvsveyl0eq,,,,,,,,,,,,,2026-09-18T17:37:48.455509+00:00
scope1qqzs8nh4m2uy2tajq3gcvjlexp2qsfx4ua,FAC4D986B6F98406E0D68A025E20BFF3628DC18DB4F6C50E43F42469555C2057,2026-09-17T23:05:22.001413847Z,pb14ep8k6jtc338c00t9khyrydpw7vywagdzqntwz,pb1rrwuxd65chqed6t0c5z8z505daw0rvsveyl0eq,,,,,,,,,,,,,2026-09-18T17:37:49.032092+00:00
scope1qr7qrh79qsty75dp6c032r7kmrmqww2hsa,F6CC7F1B21D0BA6753664F4FEE2F359FDC70F6598872C8813F613B2C23E46F48,2026-09-17T23:04:42.641762579Z,pb1pax2c49kxep98gmwd0fkgj97cg3njcrv9u7kkg,pb1rrwuxd65chqed6t0c5z8z505daw0rvsveyl0eq,,,,,,,,,,,,,2026-09-18T17:37:50.154638+00:00
scope1qrsvehhklwryptvpuvx9rl9uzm9qzle0er,11935ED4C2F8D614CC13EC5404BA5940CE1043412893431ABAC4D1691BB7B20A,2026-09-17T23:04:42.641762579Z,pb1xvd4k9jg5h0d4dhzr4z0txtwe9p5zxf58xcmxd,pb1rrwuxd65chqed6t0c5z8z505daw0rvsveyl0eq,,,,,,,,,,,,,2026-09-18T17:37:49.590080+00:00
scope1qprhfyumkpl54dy0sqs9wyf4jvrs2rxlmc,AC9C3A01752DE316CF0B9E625AAC43440FB37882BBA955C2DCD8427D7A512001,2026-09-17T23:01:52.012583718Z,pb1xvd4k9jg5h0d4dhzr4z0txtwe9p5zxf58xcmxd,pb1rrwuxd65chqed6t0c5z8z505daw0rvsveyl0eq,,,,,,,,,,,,,2026-09-18T17:37:50.708075+00:00
scope1qqf9mjzdd3t59fujhadmjhvpw5usgzvtum,8530B3D3CE60EC1F07CD50EDD016485A6F9B5AFE3E937F7F0D22EB5D2DC58C6D,2026-09-17T23:00:42.539457597Z,pb1awn7unm6pv3rd9s0wzg4vje357dn3pn8ua530c,pb1rrwuxd65chqed6t0c5z8z505daw0rvsveyl0eq,,,,,,,,,,,,,2026-09-18T17:37:51.262404+00:00
scope1qrqwv6dvteh5ghd04e5lklxcy65qqf2j7q,8C3800C4DB48CA625675C80B33B2CEB1FA4F7B9CAC49B538BC7CBDF55B7D428D,2026-09-17T23:00:29.335616065Z,pb13knswfs6ack05wveq5nua7jgc5jnld3zg8xl52,pb1rrwuxd65chqed6t0c5z8z505daw0rvsveyl0eq,,,,,,,,,,,,,2026-09-18T17:37:51.818688+00:00
scope1qppzuwcu45s543a4ey4u4nf29ckq6jc9md,C193D34EDE9A3AEC5338E432AB44A5CF773F721EB5201439653CF0032A78FB0E,2026-09-17T23:00:24.900297717Z,pb1xzl9wgh0ry2dma43f58vmuteqd3996j6mhqhgz,pb1rrwuxd65chqed6t0c5z8z505daw0rvsveyl0eq,,,,,,,,,,,,,2026-09-18T17:37:52.412944+00:00
scope1qzvtcrgfnvuyw9vax9y7h3rha65q67rx0d,6E015135986B7AA3C52ED4257060E5732351EFA2386C551C5035FDDD5FA115DA,2026-09-17T23:00:20.605754568Z,pb1kx5k0nr068xhxgcmnzzef9523cxdcexlm3r29w,pb1rrwuxd65chqed6t0c5z8z505daw0rvsveyl0eq,,,,,,,,,,,,,2026-09-18T17:37:52.957982+00:00
scope1qqp3u6tv9vhyga9ljrxek7yyt8sqqr33r0,39B6A496A5DA77722A8FF6683EFE12BD5D72E3B808D5336CEC304BFCFA091CA2,2026-09-17T22:58:41.121503995Z,pb1xvd4k9jg5h0d4dhzr4z0txtwe9p5zxf58xcmxd,pb1rrwuxd65chqed6t0c5z8z505daw0rvsveyl0eq,,,,,,,,,,,,,2026-09-18T17:37:53.519234+00:00
scope1qrg4ya94k2l5dl4hkwr7ukp5hcxs4lxy2g,A2FB77A999361D82D873D493BF32E6745C573280DF9C456A0C1E4D1DCD29C7EC,2026-09-17T22:56:09.518057493Z,pb1xvd4k9jg5h0d4dhzr4z0txtwe9p5zxf58xcmxd,pb1rrwuxd65chqed6t0c5z8z505daw0rvsveyl0eq,,,,,,,,,,,,,2026-09-18T17:37:54.095658+00:00
scope1qq7l8yyx3psym4v8vy7nq3fp9qss7z946z,5E4628D64BDF6F997E1BF9296EF58DF7CC21200B1361E5A459633FFFF57F780D,2026-09-17T22:55:08.595991643Z,pb1xvd4k9jg5h0d4dhzr4z0txtwe9p5zxf58xcmxd,pb1rrwuxd65chqed6t0c5z8z505daw0rvsveyl0eq,,,,,,,,,,,,,2026-09-18T17:37:54.731363+00:00
scope1qrmy48fwcaw5dwaqgtxkhsfufzgq2kw6zx,C27504415AE2717F5AC4762480FA48B478A732DFBFBAC65D06A836A4220815CA,2026-09-17T22:52:28.582420277Z,pb1xvd4k9jg5h0d4dhzr4z0txtwe9p5zxf58xcmxd,pb1rrwuxd65chqed6t0c5z8z505daw0rvsveyl0eq,,,,,,,,,,,,,2026-09-18T17:37:55.306291+00:00
scope1qqwm2c67jn3yc5vprl8qj6q9cnqqd9m6h4,E463D9A05C47E3B5ACEA060E45302E42420DFF8EFDD35EE1FC24F6DFE2E21599,2026-09-17T22:52:02.732714771Z,pb16j3hxhr0m56h9u9ptdtz2qpmtd7333f77h64m6,pb1rrwuxd65chqed6t0c5z8z505daw0rvsveyl0eq,,,,,,,,,,,,,2026-09-18T17:37:55.900086+00:00
scope1qrjshz5xfp3ynf5ltx0plzz89a5quuvzqa,AB3CA5E1FB1EB05D269CD108647FD87F4B613164C310633B36401E7D677D90E9,2026-09-17T22:50:52.960058707Z,pb13knswfs6ack05wveq5nua7jgc5jnld3zg8xl52,pb1rrwuxd65chqed6t0c5z8z505daw0rvsveyl0eq,,,,,,,,,,,,,2026-09-18T17:37:56.456015+00:00
scope1qzfyyqquldpy29ye8nvy2paexlgqr5parr,9C029B813415F666872E3DE37A3916CBA55764D29A9BF7CF10FE157A93CE86B8,2026-09-17T22:50:23.142731189Z,pb1xvd4k9jg5h0d4dhzr4z0txtwe9p5zxf58xcmxd,pb1rrwuxd65chqed6t0c5z8z505daw0rvsveyl0eq,,,,,,,,,,,,,2026-09-18T17:37:57.007197+00:00
scope1qz3wmvmajvw5x99hzn2jjvt2g6aqmg2r44,9BB1E9A1545527B4B4121C6E47EF087416A1C7A55E294A852DDC3505E55EB5AE,2026-09-17T22:50:10.121167574Z,pb1589kxggzm5sd82dzre47zpp9wjnr4fr229srtj,pb1rrwuxd65chqed6t0c5z8z505daw0rvsveyl0eq,,,,,,,,,,,,,2026-09-18T17:37:57.567973+00:00
scope1qpx7zy42xpjyfuah7r06m3tcw2kq5jp574,16D736D1A5E7BD4EE38FCE34063E9AED80108990ED9B1DC1B5ABC74C46E36AF4,2026-09-17T22:48:13.281475744Z,pb1xvd4k9jg5h0d4dhzr4z0txtwe9p5zxf58xcmxd,pb1rrwuxd65chqed6t0c5z8z505daw0rvsveyl0eq,,,,,,,,,,,,,2026-09-18T17:37:58.124253+00:00
scope1qrejhc39p3v5d396kcpaqpvssqgsxyd58k,821CB7A0252AAD3C6DD8E034867E4B0BBA6604F8CFD850E4410D67A566BDD39A,2026-09-17T22:48:04.560257841Z,pb1xvd4k9jg5h0d4dhzr4z0txtwe9p5zxf58xcmxd,pb1rrwuxd65chqed6t0c5z8z505daw0rvsveyl0eq,,,,,,,,,,,,,2026-09-18T17:37:58.683995+00:00
scope1qz4t6cj8xksyzpyprlrfchxm780sgz6kxt,7E4F08BCDC8E57E6449D4985EF64F00C623B28671DDCBE5F1FA84F1CEFD9ED3F,2026-09-17T22:45:32.429905135Z,pb1kx5k0nr068xhxgcmnzzef9523cxdcexlm3r29w,pb1rrwuxd65chqed6t0c5z8z505daw0rvsveyl0eq,,,,,,,,,,,,,2026-09-18T17:37:59.236374+00:00
scope1qrnmsdmx4lm5fwvnzj6t9zqmx2lq4r7net,E2D42620843FD7D52C351A811211F616673CD7920CF53CF5BE8C1C244DE503DD,2026-09-17T22:45:28.071499061Z,pb1kx5k0nr068xhxgcmnzzef9523cxdcexlm3r29w,pb1rrwuxd65chqed6t0c5z8z505daw0rvsveyl0eq,,,,,,,,,,,,,2026-09-18T17:37:59.821731+00:00
scope1qrxndtw0nya587d0hqrcvt9txvlsv5c5ju,B58303699AC2D99C60F381246EB947252AAF53190DE37C2F6A8F4638BE530717,2026-09-17T22:45:19.626373122Z,pb1xxdjdaasyfq2sew8e8pvpmc7nkktc9ksrmdlq4,pb1rrwuxd65chqed6t0c5z8z505daw0rvsveyl0eq,,,,,,,,,,,,,2026-09-18T17:38:00.372281+00:00
scope1qrsl2h9kk4w5ax4wmdu2mswql4tqf7pmh3,93C5AD34393F33E31E10C1F93E6D18F6C73356F9FE8121BD1AADE72F197A675A,2026-09-17T22:43:26.899160810Z,pb1awn7unm6pv3rd9s0wzg4vje357dn3pn8ua530c,pb1rrwuxd65chqed6t0c5z8z505daw0rvsveyl0eq,,,,,,,,,,,,,2026-09-18T17:38:00.935636+00:00
scope1qp9ypqxl654y904d02rphp6gek0qlj9e3z,9F1B525B19F90E8628C501050B8154DF8C67ACFE29AC56EBB2899B31F9CFC5B2,2026-09-17T22:41:38.896850985Z,pb1xvd4k9jg5h0d4dhzr4z0txtwe9p5zxf58xcmxd,pb1rrwuxd65chqed6t0c5z8z505daw0rvsveyl0eq,,,,,,,,,,,,,2026-09-18T17:38:01.484747+00:00
scope1qpz023s5cjyy7xae9mfft4j0wdwsp9zq33,A42D19570CB42A1239B8C56A1D7B0C0FB4E9D67BB1462DE324C9CA06B8D002D9,2026-09-17T22:40:42.675989416Z,pb1xvd4k9jg5h0d4dhzr4z0txtwe9p5zxf58xcmxd,pb1rrwuxd65chqed6t0c5z8z505daw0rvsveyl0eq,,,,,,,,,,,,,2026-09-18T17:38:02.052385+00:00
scope1qpku0fuvq965w5ufucs76sse5yfsy0xyzv,AEDA1505F5B3985D22CAC4C0D4861526B8AF9E9C2AAFFD1209C073DBCCD7096C,2026-09-17T22:40:38.375184070Z,pb1k38pa6rgnepcs592n4mvr3hxucw8tslprcmlvk,pb1rrwuxd65chqed6t0c5z8z505daw0rvsveyl0eq,,,,,,,,,,,,,2026-09-18T17:38:02.608566+00:00
scope1qzxkaud4yfkymq96p3py6tsgq9cqlvr2ad,12A5BDAA65ACEE1E8CB6B4F412D1AE934D955D3A8E2BCB206F20A0935AF12734,2026-09-17T22:40:34.015310234Z,pb13knswfs6ack05wveq5nua7jgc5jnld3zg8xl52,pb1rrwuxd65chqed6t0c5z8z505daw0rvsveyl0eq,,,,,,,,,,,,,2026-09-18T17:38:03.174651+00:00
scope1qpp5352r6mu52sv3wg6xppdzdl9slp764f,705BDB6CDD7977873DBB01030449C370AEDB00E198C1B1EF77CE0F4A8F770E18,2026-09-17T22:40:29.659537375Z,pb109v8r0nk4du3k7vw3yf5dt8cjnhp9dtmaqahaa,pb1rrwuxd65chqed6t0c5z8z505daw0rvsveyl0eq,,,,,,,,,,,,,2026-09-18T17:38:03.869371+00:00
scope1qpf6akhspd55xdvpx6lgqpn0sj4slnx6t8,E935ED99FFB5E60D6B0EED9176BF4E6E133C06F3B71FE81D4071889D5F4189E3,2026-09-17T22:40:25.186442111Z,pb1xvd4k9jg5h0d4dhzr4z0txtwe9p5zxf58xcmxd,pb1rrwuxd65chqed6t0c5z8z505daw0rvsveyl0eq,,,,,,,,,,,,,2026-09-18T17:38:04.430462+00:00
scope1qqhry8eer82ykc9tq878a02mge6qn3j5rw,54381DF8017390BCAEE96A0045806CBC1233E2B51DF87272C9E821CBCDC935E7,2026-09-17T22:40:20.903708865Z,pb13knswfs6ack05wveq5nua7jgc5jnld3zg8xl52,pb1rrwuxd65chqed6t0c5z8z505daw0rvsveyl0eq,,,,,,,,,,,,,2026-09-18T17:38:05.007723+00:00
scope1qzyagarmxkd55p5k4j2lnvc53ymsejyndn,6720A67BCB86E2EE4BB7E9D7AB1C3FA8B098B7BF4543ED48D60D00E72B19AB39,2026-09-17T22:40:03.453707418Z,pb1xvd4k9jg5h0d4dhzr4z0txtwe9p5zxf58xcmxd,pb1rrwuxd65chqed6t0c5z8z505daw0rvsveyl0eq,,,,,,,,,,,,,2026-09-18T17:38:05.572655+00:00
scope1qqes57z5adz54luzm4ch2ufuyvqsycajxs,BDE8021BDFD92C36AFD2AE2E28EBBD23695F1CB561AB458DAE85BD3A55522A0F,2026-09-17T22:38:28.502750066Z,pb1xvd4k9jg5h0d4dhzr4z0txtwe9p5zxf58xcmxd,pb1rrwuxd65chqed6t0c5z8z505daw0rvsveyl0eq,,,,,,,,,,,,,2026-09-18T17:38:06.141812+00:00
scope1qrny72gfvz2ys7ypaf8vdtcvcpxsaz474f,49864EAF2C4740C575726E338A4E79541D1B403249F0529417FDE69ECAD3C01D,2026-09-17T22:36:26.884609885Z,pb13knswfs6ack05wveq5nua7jgc5jnld3zg8xl52,pb1rrwuxd65chqed6t0c5z8z505daw0rvsveyl0eq,,,,,,,,,,,,,2026-09-18T17:38:06.967817+00:00
scope1qr90urkjns7yljaw3j28dw60xsjqrfl0nq,5B817ABA5083881A681544C4F8D6BDB5DFFBDD9AB9A3333ED075DE3121FE4195,2026-09-17T22:35:34.851317714Z,pb13knswfs6ack05wveq5nua7jgc5jnld3zg8xl52,pb1rrwuxd65chqed6t0c5z8z505daw0rvsveyl0eq,,,,,,,,,,,,,2026-09-18T17:38:07.533106+00:00
scope1qpqtfasrkqq5aj46tys94hsvzynqhdc6js,E5753C729EEEEFB4F33AF3F7FA2FC742AA4DA0D37920127C8B2C0E8F0F09D3F7,2026-09-17T22:35:30.488075049Z,pb1awn7unm6pv3rd9s0wzg4vje357dn3pn8ua530c,pb1rrwuxd65chqed6t0c5z8z505daw0rvsveyl0eq,,,,,,,,,,,,,2026-09-18T17:38:08.103651+00:00
scope1qpaggcd96a0ya658raz9fwhthchsrc6y6m,511F087021BC403E95A9A7F3FF34B254E9241EEE66CB9CEC2AB2EC1A61725212,2026-09-17T22:34:51.609023001Z,pb1xvd4k9jg5h0d4dhzr4z0txtwe9p5zxf58xcmxd,pb1rrwuxd65chqed6t0c5z8z505daw0rvsveyl0eq,,,,,,,,,,,,,2026-09-18T17:38:08.683431+00:00
scope1qr0kn33mhqw5mk4fa2k9a6kdjhxqqsfsyd,0121BEB407B66821E0D4E2F72120CFA5BF5E58C8DB1081DBD144164E6B361B5A,2026-09-17T22:33:42.581669018Z,pb1xvd4k9jg5h0d4dhzr4z0txtwe9p5zxf58xcmxd,pb1rrwuxd65chqed6t0c5z8z505daw0rvsveyl0eq,,,,,,,,,,,,,2026-09-18T17:38:09.279188+00:00
scope1qzjjxxylzjqyyhujclmzuduzh3esn9ewgp,431FEDD17B9081A7205E3F8CA0A92C8E0DDD8B96D98EF10ADD7DE1D5E03603FC,2026-09-17T22:32:41.819773870Z,pb1xvd4k9jg5h0d4dhzr4z0txtwe9p5zxf58xcmxd,pb1rrwuxd65chqed6t0c5z8z505daw0rvsveyl0eq,,,,,,,,,,,,,2026-09-18T17:38:23.834847+00:00
scope1qzx85t2xtnyy5ld207vxq6zatlusex3l9w,E29F0F21D05C906E1731A0CC2CCD2F33E994B1AD9068035EAC2DCBA2F2E00870,2026-09-17T22:30:39.798050027Z,pb13knswfs6ack05wveq5nua7jgc5jnld3zg8xl52,pb1rrwuxd65chqed6t0c5z8z505daw0rvsveyl0eq,,,,,,,,,,,,,2026-09-18T17:38:24.423087+00:00
scope1qprx2txcgttyelvp2zwedph9u2tqmgwufk,DFC0AB48D13953B693A029EABC89113378E879C45924D4FBB3BA8C913C867088,2026-09-17T22:30:35.513795441Z,pb17e03lfm0sxjkf860l4n2j2h5yh4s9etq5l9laq,pb1rrwuxd65chqed6t0c5z8z505daw0rvsveyl0eq,,,,,,,,,,,,,2026-09-18T17:38:25.015907+00:00
scope1qq939689rxlycedavdmv8lkrdw6qq2u5ud,A36AC691435F25E276FAAF777966B69FF77C06AEBD40F1AAD51EBDC2C0790FE2,2026-09-17T22:30:22.370299354Z,pb1fmxzuzx5c4ja50vu94nt0aessnuedzmppde8qr,pb1rrwuxd65chqed6t0c5z8z505daw0rvsveyl0eq,,,,,,,,,,,,,2026-09-18T17:38:25.589037+00:00
scope1qqtdcle6qhs5ql9cl0akl9jd7qhquq6wjq,D316A1EEA20D3077FEA1EEFEEC51A47369C44C4AB737E29BAA73AC1E912E2742,2026-09-17T22:30:17.890309526Z,pb14ep8k6jtc338c00t9khyrydpw7vywagdzqntwz,pb1rrwuxd65chqed6t0c5z8z505daw0rvsveyl0eq,,,,,,,,,,,,,2026-09-18T17:38:26.160832+00:00
scope1qrnhn4qkza8yudarv4e5n7hk37hq8svysf,08EBCF62BE2D60396FD2BA6174BBB952867314EB2C6DE862A1BDC558BD1DC296,2026-09-17T22:30:04.892786907Z,pb1xvd4k9jg5h0d4dhzr4z0txtwe9p5zxf58xcmxd,pb1rrwuxd65chqed6t0c5z8z505daw0rvsveyl0eq,,,,,,,,,,,,,2026-09-18T17:38:26.720649+00:00
scope1qq0h0mxax9x5zg90wq8znslntceqnc0mct,052FDBA0C40F95BF67D988FA4731BD0563EFB680005807766CEBFC1F54350043,2026-09-17T22:29:30.471172223Z,pb14kg4dqa8dalz3x5r8gfugtekyjzv47ujaewx3j,pb1rrwuxd65chqed6t0c5z8z505daw0rvsveyl0eq,,,,,,,,,,,,,2026-09-18T17:38:27.280536+00:00
scope1qqall5mka4u5c4uf2u0q36umcszqxn7484,D128177A6BC6AE42F0C7F78F04B3337B14750ABA4F8B309B263FAB0CE462F0CE,2026-09-17T22:29:21.732754088Z,pb13knswfs6ack05wveq5nua7jgc5jnld3zg8xl52,pb1rrwuxd65chqed6t0c5z8z505daw0rvsveyl0eq,,,,,,,,,,,,,2026-09-18T17:38:27.876098+00:00
scope1qrgda2e0tsr55fvasadqp8wxun4sah779t,36275BF58E81F68373AE920082BB80740DF963FFA84447C31EC00E16F2C38923,2026-09-17T22:29:01.109526962Z,pb1xvd4k9jg5h0d4dhzr4z0txtwe9p5zxf58xcmxd,pb1rrwuxd65chqed6t0c5z8z505daw0rvsveyl0eq,,,,,,,,,,,,,2026-09-18T17:38:28.464242+00:00
scope1qrp6kjm2x4c5rs46u03dqpy8pjns23n5vt,24AAB60F93BE2D52239DC69F9BD667A856867629A32CE2782CA4FB370CEE8DD2,2026-09-17T22:28:52.284277199Z,pb1xvd4k9jg5h0d4dhzr4z0txtwe9p5zxf58xcmxd,pb1rrwuxd65chqed6t0c5z8z505daw0rvsveyl0eq,,,,,,,,,,,,,2026-09-18T17:38:29.061285+00:00
scope1qp5q2yav76h5kuv0wt2t8xhtlk5s2drp5k,DFD5F6A2DF49EB8C039F76012923C9AB49CDD83726032206869CE0C7D31E2461,2026-09-17T22:27:52.078184125Z,pb13knswfs6ack05wveq5nua7jgc5jnld3zg8xl52,pb1rrwuxd65chqed6t0c5z8z505daw0rvsveyl0eq,,,,,,,,,,,,,2026-09-18T17:38:29.627449+00:00
scope1qr59xscvmkxyk44cgvqyvxpfmh9qv4ffpd,97BEE80C0A120674147E6AC1F1121EE939589E390D9896F84E4FDBFCEB5FD815,2026-09-17T22:27:17.379375504Z,pb1xvd4k9jg5h0d4dhzr4z0txtwe9p5zxf58xcmxd,pb1rrwuxd65chqed6t0c5z8z505daw0rvsveyl0eq,,,,,,,,,,,,,2026-09-18T17:38:30.180412+00:00
scope1qphs5ascyfayqgax5u7ueadrcqcqdcewwc,7D0E550BFC369BA530E77554F0CB187A18754A8F2DB25464E9BC4F58DB71EA9C,2026-09-17T22:26:33.337559976Z,pb1xvd4k9jg5h0d4dhzr4z0txtwe9p5zxf58xcmxd,pb1rrwuxd65chqed6t0c5z8z505daw0rvsveyl0eq,,,,,,,,,,,,,2026-09-18T17:38:30.740436+00:00
scope1qpz7mw3ncsey6sa0kwygrg3x5xfqelpeyk,CD41B432A73BD5CFA62B0D23AED3F15F40CDA1FA0E0D355ED2B72EC449F8C81F,2026-09-17T22:26:02.551406977Z,pb1xvd4k9jg5h0d4dhzr4z0txtwe9p5zxf58xcmxd,pb1rrwuxd65chqed6t0c5z8z505daw0rvsveyl0eq,,,,,,,,,,,,,2026-09-18T17:38:31.298690+00:00
scope1qpk5m7sh2pz5tqdwsmdsjeche6psznq336,9F6074F7F3BAD56D42B57798BC5301ECC731001CEBCAD6B9CF1A127B93405C52,2026-09-17T22:25:32.176805735Z,pb1g7n9qcd7zzpafv0zx8u6gdqvj34aalqapygrks,pb1rrwuxd65chqed6t0c5z8z505daw0rvsveyl0eq,,,,,,,,,,,,,2026-09-18T17:38:31.892045+00:00
scope1qzj6hjxfrrv5ahazgxh539lxxptqa4y0zg,2615889850DE97C7E9370550C1CBA6DFE120CCDB97E2CDB36AC1F9CD937EF04F,2026-09-17T22:25:23.420227426Z,pb1xvd4k9jg5h0d4dhzr4z0txtwe9p5zxf58xcmxd,pb1rrwuxd65chqed6t0c5z8z505daw0rvsveyl0eq,,,,,,,,,,,,,2026-09-18T17:38:33.005884+00:00
scope1qrc88h7fyqu5dgytqt0ydd39nj7s5kzexf,6BB1D8D61CE33EC0FEE6A84370947EA941D32E1FF7DA0CC27F82D7F825AE3EA7,2026-09-17T22:25:23.420227426Z,pb1k38pa6rgnepcs592n4mvr3hxucw8tslprcmlvk,pb1rrwuxd65chqed6t0c5z8z505daw0rvsveyl0eq,,,,,,,,,,,,,2026-09-18T17:38:32.453256+00:00
scope1qryny3g0psr5qna6gzwdym64q5lsv87z04,1E0492B17908EB64E826F82862886020A4C440CD35705E5BAFEC482960E7D87F,2026-09-17T22:24:48.810767188Z,pb13knswfs6ack05wveq5nua7jgc5jnld3zg8xl52,pb1rrwuxd65chqed6t0c5z8z505daw0rvsveyl0eq,,,,,,,,,,,,,2026-09-18T17:38:33.574865+00:00
scope1qzu3n7hv0me5x6vzyyd0289k992sj6y7fx,A5761A6ECE452C845D968C0C4F5052AACB69FD2F98796FA13889EFD109CC05C8,2026-09-17T22:24:01.138774653Z,pb1xvd4k9jg5h0d4dhzr4z0txtwe9p5zxf58xcmxd,pb1rrwuxd65chqed6t0c5z8z505daw0rvsveyl0eq,,,,,,,,,,,,,2026-09-18T17:38:34.124057+00:00
scope1qrtvp3l2msn5uxy09nuv79fxqfmsgl3n5c,C2D7FC82555B2402811A4A169498E2CBB8B6A90FEAD4DC206CBA36A4D070A3E2,2026-09-17T22:23:35.338734689Z,pb1v3uda8qgxv69tx6wclsp0jn4n8xxa5h7gpt2jp,pb1rrwuxd65chqed6t0c5z8z505daw0rvsveyl0eq,,,,,,,,,,,,,2026-09-18T17:38:34.728146+00:00
scope1qrf57a09rm4y9y9zgzgxhknzy04s8t9h9a,7500B1C0669946E63BEA9948E66C2B6007941EAAC87E3F75BEF75BDE8B5E9DDA,2026-09-17T22:20:58.165288231Z,pb1xvd4k9jg5h0d4dhzr4z0txtwe9p5zxf58xcmxd,pb1rrwuxd65chqed6t0c5z8z505daw0rvsveyl0eq,,,,,,,,,,,,,2026-09-18T17:38:35.284707+00:00
scope1qz7v6ly8auj5l0v7qlg90prtjptqlyv6yf,85DDD288A3075F38AA443A144FDC90D5BA5D93A52D8BCB752C7B6F4A5346FF61,2026-09-17T22:20:49.273062162Z,pb1xvd4k9jg5h0d4dhzr4z0txtwe9p5zxf58xcmxd,pb1rrwuxd65chqed6t0c5z8z505daw0rvsveyl0eq,,,,,,,,,,,,,2026-09-18T17:38:35.840182+00:00
scope1qrtw97swmm5yd6v7kgvrg3cdh9xq9g038h,B957882A2781FD1BD9BD3C45150D58846848A1635737CB16D6E080D94A22171E,2026-09-17T22:20:31.897911990Z,pb1xvd4k9jg5h0d4dhzr4z0txtwe9p5zxf58xcmxd,pb1rrwuxd65chqed6t0c5z8z505daw0rvsveyl0eq,,,,,,,,,,,,,2026-09-18T17:38:36.953623+00:00
scope1qp454y49n0m5a0atn2xjjpynqw3sjs9rex,9860C9201F016CC964A5C97DCDC7F22251C6787C9BA07D36DB516E0260CE9BA7,2026-09-17T22:20:31.897911990Z,pb13knswfs6ack05wveq5nua7jgc5jnld3zg8xl52,pb1rrwuxd65chqed6t0c5z8z505daw0rvsveyl0eq,,,,,,,,,,,,,2026-09-18T17:38:36.398116+00:00
scope1qrw3uc6z5q05vauz67tudhau0h5qq2t77j,9FCFDE6F1D72FE93C35F3D8BBECC3A005E49FD627B944B27D156CDD46638A0FA,2026-09-17T22:20:27.369736701Z,pb1k38pa6rgnepcs592n4mvr3hxucw8tslprcmlvk,pb1rrwuxd65chqed6t0c5z8z505daw0rvsveyl0eq,,,,,,,,,,,,,2026-09-18T17:38:38.653917+00:00
scope1qr0uczp39x75wsu23c2mpuvlplfq9g69cd,9094528B54855A1E536305620055C4727EC6FDA01798C697008CC181FA6C27B4,2026-09-17T22:20:27.369736701Z,pb13knswfs6ack05wveq5nua7jgc5jnld3zg8xl52,pb1rrwuxd65chqed6t0c5z8z505daw0rvsveyl0eq,,,,,,,,,,,,,2026-09-18T17:38:38.097978+00:00
scope1qrse98k67945vgykdxjwwqhr5pcs6asl3v,2AE66ADE02060FB28E93E7DA5E2777467E35D39FF964167E514E3E473FF019E2,2026-09-17T22:20:27.369736701Z,pb16j3hxhr0m56h9u9ptdtz2qpmtd7333f77h64m6,pb1rrwuxd65chqed6t0c5z8z505daw0rvsveyl0eq,,,,,,,,,,,,,2026-09-18T17:38:37.521381+00:00
scope1qrtqnnje4a7yqyy2jwuztq9dg35sansgmh,8D84873ABB9DAF82302F6E03321B4CEB373FFC8696F19ADDFE0CFFB95B8680B3,2026-09-17T22:20:09.922833961Z,pb1xvd4k9jg5h0d4dhzr4z0txtwe9p5zxf58xcmxd,pb1rrwuxd65chqed6t0c5z8z505daw0rvsveyl0eq,,,,,,,,,,,,,2026-09-18T17:38:39.198982+00:00
scope1qplnr2hzqauy4fdmq7zhll6uq94sg9l6rm,B202088E8640A866984065A26CDB721535CB1F5FE8425AA8745CB9EBDD11B3C8,2026-09-17T22:19:35.043954666Z,pb13knswfs6ack05wveq5nua7jgc5jnld3zg8xl52,pb1rrwuxd65chqed6t0c5z8z505daw0rvsveyl0eq,,,,,,,,,,,,,2026-09-18T17:38:39.826607+00:00
scope1qz7pmvg4c0eyt997z68qfk30rg7swap7ty,6375A4C26EECBC278A627B011056598F0114BD10C05093C96EB88DDC724C25DA,2026-09-17T22:17:38.495990478Z,pb1kx5k0nr068xhxgcmnzzef9523cxdcexlm3r29w,pb1rrwuxd65chqed6t0c5z8z505daw0rvsveyl0eq,,,,,,,,,,,,,2026-09-18T17:38:40.406137+00:00
scope1qqqwyfe2fvdyc29r8tnsjcn8hr6st5vm20,2E3A6815382267F7B6A9733A0EE071542B2729A56EFDD2EC3E6CB87223FAF425,2026-09-17T22:17:25.593610447Z,pb1xvd4k9jg5h0d4dhzr4z0txtwe9p5zxf58xcmxd,pb1rrwuxd65chqed6t0c5z8z505daw0rvsveyl0eq,,,,,,,,,,,,,2026-09-18T17:38:41.078432+00:00
scope1qq4ylp5mwr6yatvtelxwkua2vvcqlxlr9p,8B0A6C47F04FA7514D0A1D314230928E11B90A3C6A24DF492926178EC372D32B,2026-09-17T22:16:42.134169840Z,pb1xvd4k9jg5h0d4dhzr4z0txtwe9p5zxf58xcmxd,pb1rrwuxd65chqed6t0c5z8z505daw0rvsveyl0eq,,,,,,,,,,,,,2026-09-18T17:38:41.719752+00:00
scope1qqekygfkt98y225nj5nz36zfcysqvlcelk,73539AF00DD73B06B9DCF3C8E1401CD1F4019B1F3B29BBE5CC2C305A94E70B18,2026-09-17T22:16:20.290542417Z,pb13knswfs6ack05wveq5nua7jgc5jnld3zg8xl52,pb1rrwuxd65chqed6t0c5z8z505daw0rvsveyl0eq,,,,,,,,,,,,,2026-09-18T17:38:42.334997+00:00
scope1qrz4h4hljd8yxp5k5zhvhtuf6rcq7dqqqe,3D794F630F398D9D3FE97CB3D9258D50ED8ACA547945D040E5980BAFD3C16E66,2026-09-17T22:15:45.495939236Z,pb1xvd4k9jg5h0d4dhzr4z0txtwe9p5zxf58xcmxd,pb1rrwuxd65chqed6t0c5z8z505daw0rvsveyl0eq,,,,,,,,,,,,,2026-09-18T17:38:42.932886+00:00
scope1qrw2cmpjr3nytgunyjxux6nc03zqnm9uzg,80CEF3F2E94424D520F82F9A58C430B2374A4220D5FB645D28B69A1B595DB2C5,2026-09-17T22:15:28.214420927Z,pb13knswfs6ack05wveq5nua7jgc5jnld3zg8xl52,pb1rrwuxd65chqed6t0c5z8z505daw0rvsveyl0eq,,,,,,,,,,,,,2026-09-18T17:38:43.575898+00:00
scope1qp97ry99sfa5wm974zp8yxj50hdqzfrly3,CE0C48DC2B4836F0F2058F5A96F5B48B69DB271305F5E6FDB92BFD7F7521F83C,2026-09-17T22:15:23.914718587Z,pb1sdentsz7ymu9qv3rvyscnseqyj02z2dvrakywv,pb1rrwuxd65chqed6t0c5z8z505daw0rvsveyl0eq,,,,,,,,,,,,,2026-09-18T17:38:44.732438+00:00
scope1qpwhrt8t42hy36ayjv7c8hwsk5mq8xhy2y,5835AB1EDB1ADBC77187F52FA4FCF8AB4F810D9955446FC78302BBDCF821FD46,2026-09-17T22:15:23.914718587Z,pb1xvd4k9jg5h0d4dhzr4z0txtwe9p5zxf58xcmxd,pb1rrwuxd65chqed6t0c5z8z505daw0rvsveyl0eq,,,,,,,,,,,,,2026-09-18T17:38:44.153007+00:00
scope1qzfa0hcku8aylkytr56gjhtrl9ksty0akg,35174BFE3CE0DAB10FF3B333BEC0BBC12C829C021C8ACCC48CDD147B66EEECFF,2026-09-17T22:14:48.876183980Z,pb1xvd4k9jg5h0d4dhzr4z0txtwe9p5zxf58xcmxd,pb1rrwuxd65chqed6t0c5z8z505daw0rvsveyl0eq,,,,,,,,,,,,,2026-09-18T17:38:45.283294+00:00
scope1qp0w5ksrqgl5h7y8xkyfpcvcj3pqdkaua4,451EC441930E827029D64CB6DAACEFEE4917B5478571AAD8EE15C16781922A42,2026-09-17T22:14:44.525998419Z,pb13knswfs6ack05wveq5nua7jgc5jnld3zg8xl52,pb1rrwuxd65chqed6t0c5z8z505daw0rvsveyl0eq,,,,,,,,,,,,,2026-09-18T17:38:45.895199+00:00
scope1qq6y3zv8h9sy0u56f6vvwyd3vzqswrd0xe,C0095048C4649F1758BF1EFE6714E78CB185C5ABFCEB966B4539665198C7F079,2026-09-17T22:13:30.861049217Z,pb1xvd4k9jg5h0d4dhzr4z0txtwe9p5zxf58xcmxd,pb1rrwuxd65chqed6t0c5z8z505daw0rvsveyl0eq,,,,,,,,,,,,,2026-09-18T17:38:46.475363+00:00
scope1qr7e76jlmq4y6pvxekn9u5w7d69qk2k8pu,81BD8B368257302A11DB92EA72B846BBB4D879ECB5B42895906F5A671CBB8B8D,2026-09-17T22:13:22.207799795Z,pb13knswfs6ack05wveq5nua7jgc5jnld3zg8xl52,pb1rrwuxd65chqed6t0c5z8z505daw0rvsveyl0eq,,,,,,,,,,,,,2026-09-18T17:38:47.034688+00:00
scope1qpljzkx2ywa5yxyn42fjtmgljqkqt8z5x5,0CF71617D1498C6FD32280E7E0E0F84CB66D7CB6024BC138705F38B8E10C5A45,2026-09-17T22:12:51.459749255Z,pb1ekud7fc3gl6c34c3xqyupqxt20r678rh3e9hxh,pb1rrwuxd65chqed6t0c5z8z505daw0rvsveyl0eq,,,,,,,,,,,,,2026-09-18T17:38:47.662708+00:00
scope1qzqe94ckfzzyxcvf59wy773s8enq5rrawm,CCC2AFB2DF3A9D5E50E0EBA7F05B3EADB14AC71926E70138699BF645D8CA9C10,2026-09-17T22:11:42.552673480Z,pb134yg6h3g0vjq9ct2lpmx6sdxv3yuz942wrpxuu,pb1rrwuxd65chqed6t0c5z8z505daw0rvsveyl0eq,,,,,,,,,,,,,2026-09-18T17:38:48.279197+00:00
scope1qqzwwsvr7z5yax4dk8ydh0a5mu9q6essmw,009A99C216B74569DDD8D54552E7CEEAAF507ADC9949123A4DF2A2EDEC09013D,2026-09-17T22:10:37.716662866Z,pb1xvd4k9jg5h0d4dhzr4z0txtwe9p5zxf58xcmxd,pb1rrwuxd65chqed6t0c5z8z505daw0rvsveyl0eq,,,,,,,,,,,,,2026-09-18T17:38:48.841345+00:00
scope1qz2p6hnpx98yvta7qww7ztp6vg7sccd8qr,D6B573D603A69FDC3E01CA67A9F2244D3C4D5AE490FBEF5EA85A1A4F3E34FECC,2026-09-17T22:10:28.949784316Z,pb13knswfs6ack05wveq5nua7jgc5jnld3zg8xl52,pb1rrwuxd65chqed6t0c5z8z505daw0rvsveyl0eq,,,,,,,,,,,,,2026-09-18T17:38:49.424256+00:00
scope1qqlda4ghfaxyj0atruusw03yk78sv7wlk0,D2E6AE772CB0DA4BA0F5E75504AC65504C6F8134096EF22E6E07BDBE88214FDB,2026-09-17T22:10:24.477455564Z,pb13knswfs6ack05wveq5nua7jgc5jnld3zg8xl52,pb1rrwuxd65chqed6t0c5z8z505daw0rvsveyl0eq,,,,,,,,,,,,,2026-09-18T17:38:49.988265+00:00
scope1qz4ztcwwyacytty59ccw7r7gquuskqq7zf,F7D42F9265BAFA34FFE42202A56078428ECE3FCDA9A5F5B5489B1E7B4988DAF4,2026-09-17T22:10:19.988051814Z,pb13knswfs6ack05wveq5nua7jgc5jnld3zg8xl52,pb1rrwuxd65chqed6t0c5z8z505daw0rvsveyl0eq,,,,,,,,,,,,,2026-09-18T17:38:50.564221+00:00
scope1qphdu998m7hy0456dhajnn0fsf9qpxc9lm,B48C2E9F3F38DA4EF188863F12F7B94285B6C0FC625FE5D0924A0A571C0CFD46,2026-09-17T22:08:27.496377300Z,pb1kx5k0nr068xhxgcmnzzef9523cxdcexlm3r29w,pb1rrwuxd65chqed6t0c5z8z505daw0rvsveyl0eq,,,,,,,,,,,,,2026-09-18T17:38:51.281288+00:00
scope1qzqgxqrawv4yyg50u4uvvsyvg44qz8wrmw,5C237320B4F6EA0B6CD9BF503A8A0276F3DF383BE1B493EDAB83F1FA67BB2672,2026-09-17T22:07:48.374698222Z,pb1xvd4k9jg5h0d4dhzr4z0txtwe9p5zxf58xcmxd,pb1rrwuxd65chqed6t0c5z8z505daw0rvsveyl0eq,,,,,,,,,,,,,2026-09-18T17:38:51.832162+00:00
scope1qp35gnvgf9g5pnahgddvp2nrke8smx2zez,22275CC4CBD55DDCEC86EA37167FC01E31096771195FB665FE46733F26EF7717,2026-09-17T22:05:42.509898988Z,pb13knswfs6ack05wveq5nua7jgc5jnld3zg8xl52,pb1rrwuxd65chqed6t0c5z8z505daw0rvsveyl0eq,,,,,,,,,,,,,2026-09-18T17:38:53.516468+00:00
scope1qzxcn3udfnpy4adwunu8uejz8yeslp7ynt,218CB10F79A8F9360659E5BDC2B7C3011145A78470CD15155F0309547C656404,2026-09-17T22:05:42.509898988Z,pb1awn7unm6pv3rd9s0wzg4vje357dn3pn8ua530c,pb1rrwuxd65chqed6t0c5z8z505daw0rvsveyl0eq,,,,,,,,,,,,,2026-09-18T17:38:52.948814+00:00
scope1qqfl2euvw8553z5ulwpxv6qzjusswqgzm0,90F758AC63A505E2E4AC3D35DA8032C0009A7D2F0AA7115D80E338B557093BBA,2026-09-17T22:05:42.509898988Z,pb134yg6h3g0vjq9ct2lpmx6sdxv3yuz942wrpxuu,pb1rrwuxd65chqed6t0c5z8z505daw0rvsveyl0eq,,,,,,,,,,,,,2026-09-18T17:38:52.399360+00:00
scope1qqduhlc4uey54caq62g5sh7mt2ysu5nfvx,E4739B6D3E1F676EA1AA72491067C7E2118E578AECE8CD231104FA8BF64CE3A6,2026-09-17T22:05:33.811328890Z,pb1kx5k0nr068xhxgcmnzzef9523cxdcexlm3r29w,pb1rrwuxd65chqed6t0c5z8z505daw0rvsveyl0eq,,,,,,,,,,,,,2026-09-18T17:38:54.678384+00:00
scope1qzayawnk26hykr9vps92dc5tfmjq3c8ct6,912D44CFCBB5A59D1BA7AE7FBA066B37205FF58A454654978C6AFA19317C7148,2026-09-17T22:05:33.811328890Z,pb14ep8k6jtc338c00t9khyrydpw7vywagdzqntwz,pb1rrwuxd65chqed6t0c5z8z505daw0rvsveyl0eq,,,,,,,,,,,,,2026-09-18T17:38:54.110043+00:00
scope1qr60jw6466dy3pa4gvcvx9jhv8ns256476,AF296809EE37D39C32FDD0986B0F17BEAD9319AA61C55D9741162D8E833FEF4F,2026-09-17T22:05:29.565966647Z,pb1589kxggzm5sd82dzre47zpp9wjnr4fr229srtj,pb1rrwuxd65chqed6t0c5z8z505daw0rvsveyl0eq,,,,,,,,,,,,,2026-09-18T17:38:55.797957+00:00
scope1qr2dr0jhvet5aa9tkecmuvzzf4qq03cn99,72586900F97F67DFC355E5F0A0F7D017EF8C1017450CAF71D5017AB9E8C938E5,2026-09-17T22:05:29.565966647Z,pb1kx5k0nr068xhxgcmnzzef9523cxdcexlm3r29w,pb1rrwuxd65chqed6t0c5z8z505daw0rvsveyl0eq,,,,,,,,,,,,,2026-09-18T17:38:55.231733+00:00
scope1qr58tp3lqtfyx94l3v8kf4s8vgwqwln0qr,9DB4C97073E4FABE2D654C41EEEA44B08AC6C5EC026C27F5316183BF1B7EBF83,2026-09-17T22:04:41.990193578Z,pb1xvd4k9jg5h0d4dhzr4z0txtwe9p5zxf58xcmxd,pb1rrwuxd65chqed6t0c5z8z505daw0rvsveyl0eq,,,,,,,,,,,,,2026-09-18T17:38:56.347609+00:00
scope1qpd8gles8hf5yv4adkwufl0rptgsckksdn,A937A8DCD085F8DCBA92D273D626EAEB8A851F9FABD76E7F6185B43A70FB657A,2026-09-17T22:00:39.277089419Z,pb1g7n9qcd7zzpafv0zx8u6gdqvj34aalqapygrks,pb1rrwuxd65chqed6t0c5z8z505daw0rvsveyl0eq,,,,,,,,,,,,,2026-09-18T17:38:57.508750+00:00
scope1qr7gzf5ax4ty324vlmgd8w29ufjqrmsfyf,A3F971B34C8C4979340E820B216FB886D5B9409384F6942E12AF3558410CD7C5,2026-09-17T22:00:39.277089419Z,pb1xvd4k9jg5h0d4dhzr4z0txtwe9p5zxf58xcmxd,pb1rrwuxd65chqed6t0c5z8z505daw0rvsveyl0eq,,,,,,,,,,,,,2026-09-18T17:38:56.940244+00:00
scope1qz8gs89qmnk5hgdc2lakf2aqh3qs60np75,A319E3C16CB83BEA4F7E53F2B147FC127F9B1C4225216574D6E38F2B0CD414A6,2026-09-17T22:00:35.050876165Z,pb1xvd4k9jg5h0d4dhzr4z0txtwe9p5zxf58xcmxd,pb1rrwuxd65chqed6t0c5z8z505daw0rvsveyl0eq,,,,,,,,,,,,,2026-09-18T17:38:58.070226+00:00
scope1qqenq54t7vuy9cvr25hzart79xjse2lz5h,2503564D65DAD3B2061BC0A23ADCACDDF8ADF1CB53357F4785AF906C38370CC0,2026-09-17T22:00:22.297229349Z,pb1xvd4k9jg5h0d4dhzr4z0txtwe9p5zxf58xcmxd,pb1rrwuxd65chqed6t0c5z8z505daw0rvsveyl0eq,,,,,,,,,,,,,2026-09-18T17:38:58.620953+00:00
scope1qpwmkkf7cphynp9jwkn5rvn9akeqwq5t2e,C8AA2894BF872D35CC6097FB4FA0EFFC6B8D65496101AFE42447AEA5B9449509,2026-09-17T21:58:51.117457542Z,pb1xvd4k9jg5h0d4dhzr4z0txtwe9p5zxf58xcmxd,pb1rrwuxd65chqed6t0c5z8z505daw0rvsveyl0eq,,,,,,,,,,,,,2026-09-18T17:38:59.184858+00:00
scope1qq9e5pjghk8ykdag4nqlyg8ak43s87vnfw,0F2C51615B7C67CF497C0A1C9869E8DE092AC629F23160352EDDB01DDBC39F3D,2026-09-17T21:58:46.712692745Z,pb1xvd4k9jg5h0d4dhzr4z0txtwe9p5zxf58xcmxd,pb1rrwuxd65chqed6t0c5z8z505daw0rvsveyl0eq,,,,,,,,,,,,,2026-09-18T17:38:59.765750+00:00
scope1qzzdu8knm7c5055djqp0yfhvdfesy9ckh9,AF6D5525599815D5F9D69050F0055C7B76CD8FB37B96537A5C2636115ADCE181,2026-09-17T21:57:15.978672070Z,pb1xvd4k9jg5h0d4dhzr4z0txtwe9p5zxf58xcmxd,pb1rrwuxd65chqed6t0c5z8z505daw0rvsveyl0eq,,,,,,,,,,,,,2026-09-18T17:39:00.353058+00:00
scope1qqq3qkc68a45wj5t69j454psr6mqghtkcf,AAB54E34A7E87222FCFDD86A83070D45D77384E418A4E558AE38CFDE4DB14388,2026-09-17T21:56:41.454603667Z,pb1xvd4k9jg5h0d4dhzr4z0txtwe9p5zxf58xcmxd,pb1rrwuxd65chqed6t0c5z8z505daw0rvsveyl0eq,,,,,,,,,,,,,2026-09-18T17:39:00.905048+00:00
scope1qqthcrwsul55fwawe4782tmjhvssrx2ayg,5A351D63C273F6692EEE448710E7371B0789F3BD3EB4D75AE2E8570DD723B3A3,2026-09-17T21:56:37.158926182Z,pb1xvd4k9jg5h0d4dhzr4z0txtwe9p5zxf58xcmxd,pb1rrwuxd65chqed6t0c5z8z505daw0rvsveyl0eq,,,,,,,,,,,,,2026-09-18T17:39:01.464458+00:00
scope1qrp2t4tgmx85ss97j0pqqyks3j5spuuej7,6EA481CA9F850969035112564F4119B574AFCD191731866165C8E5D8AEEB460F,2026-09-17T21:55:53.727185306Z,pb13knswfs6ack05wveq5nua7jgc5jnld3zg8xl52,pb1rrwuxd65chqed6t0c5z8z505daw0rvsveyl0eq,,,,,,,,,,,,,2026-09-18T17:39:02.022079+00:00
scope1qr3qh3xs7e550m4mwurgnzjy8lrq2a99u2,C35E6719ED951896320D50ECAFB33C8D38132763C4A1C5EABF6F1DE41FD54312,2026-09-17T21:55:49.216952207Z,pb1xvd4k9jg5h0d4dhzr4z0txtwe9p5zxf58xcmxd,pb1rrwuxd65chqed6t0c5z8z505daw0rvsveyl0eq,,,,,,,,,,,,,2026-09-18T17:39:02.581819+00:00
scope1qr0fyfgflwxymr9p43gq4hl6ugasy23vlr,ED9EB8A0524F4AD466105B11A3F0D476986E3EF7E4E1F8CD8DBACEFD507B3CB8,2026-09-17T21:55:44.851825302Z,pb1xvd4k9jg5h0d4dhzr4z0txtwe9p5zxf58xcmxd,pb1rrwuxd65chqed6t0c5z8z505daw0rvsveyl0eq,,,,,,,,,,,,,2026-09-18T17:39:03.137614+00:00
scope1qr2qnddpzguyfzu2h5yhgx97qzyqjk3x5k,9ABA189A26F8815C0B117F2B7AFA8DF2A4FE65EEC80F47CCD7AB91A6A9C8F40A,2026-09-17T21:55:40.326724264Z,pb1fmxzuzx5c4ja50vu94nt0aessnuedzmppde8qr,pb1rrwuxd65chqed6t0c5z8z505daw0rvsveyl0eq,,,,,,,,,,,,,2026-09-18T17:39:03.701885+00:00
scope1qqy0yuxpee758tv0n2lzxu0l8w7qxpzpjm,1FB989BC944D4E6B643CB41E459E3AC2267FB5CE1C8D6DE4EDF121EADFDFC13E,2026-09-17T21:55:31.714251204Z,pb1kx5k0nr068xhxgcmnzzef9523cxdcexlm3r29w,pb1rrwuxd65chqed6t0c5z8z505daw0rvsveyl0eq,,,,,,,,,,,,,2026-09-18T17:39:04.827991+00:00
scope1qqnn9v2wuq6ymqyejzgyfhjrms5q0rts3v,8C3B6E3F3ED567F34B9416BEAC519B4F11ED042AB656712580CE1D7CD0EA3FD4,2026-09-17T21:55:31.714251204Z,pb1xzl9wgh0ry2dma43f58vmuteqd3996j6mhqhgz,pb1rrwuxd65chqed6t0c5z8z505daw0rvsveyl0eq,,,,,,,,,,,,,2026-09-18T17:39:04.260254+00:00
scope1qrhfrdjmexg5sm40qnetzesm79uqynmpza,639D6BA62E7F267DF6200BED37109A1BCAE14E14464679C39710E2920FCE527E,2026-09-17T21:55:27.301056353Z,pb1awn7unm6pv3rd9s0wzg4vje357dn3pn8ua530c,pb1rrwuxd65chqed6t0c5z8z505daw0rvsveyl0eq,,,,,,,,,,,,,2026-09-18T17:39:05.383709+00:00
scope1qp8remh89d65v0utrj2q3zfq7a3sehfyty,A4A589F38FE79B68FC8B3D533B2146381134C8C32EBF29456F4437A9CADB06F5,2026-09-17T21:54:09.682938643Z,pb1xvd4k9jg5h0d4dhzr4z0txtwe9p5zxf58xcmxd,pb1rrwuxd65chqed6t0c5z8z505daw0rvsveyl0eq,,,,,,,,,,,,,2026-09-18T17:39:05.948845+00:00
scope1qr3c4lsg9e050d95rpalexe0mf3spps7ed,CE6339CB88D5259B55C33094EB3701879952471332F180A506E75424D869D76E,2026-09-17T21:52:30.470589468Z,pb1xvd4k9jg5h0d4dhzr4z0txtwe9p5zxf58xcmxd,pb1rrwuxd65chqed6t0c5z8z505daw0rvsveyl0eq,,,,,,,,,,,,,2026-09-18T17:39:06.509985+00:00
scope1qr506hp8t8a579uy4y549fvh5fzsv7ayx8,EDCEE028F241BD2CD5031728848DB3AFCED6B1CDB6E6D014E7F29B6C152E1A07,2026-09-17T21:51:29.924680643Z,pb1xvd4k9jg5h0d4dhzr4z0txtwe9p5zxf58xcmxd,pb1rrwuxd65chqed6t0c5z8z505daw0rvsveyl0eq,,,,,,,,,,,,,2026-09-18T17:39:07.069937+00:00
scope1qz2mga2qzjn5uwd7sjf806pdq9sqxr9lj0,47774288DA4B77F9FA8E0BD6C6606E32C2C7861143BCCA5082C845BE8F9E84C6,2026-09-17T21:50:33.922864406Z,pb1tntasskkhfuaeataw3qj6ed7u4gmlcxz69tppu,pb1rrwuxd65chqed6t0c5z8z505daw0rvsveyl0eq,,,,,,,,,,,,,2026-09-18T17:39:08.238668+00:00
scope1qzmqvcyeq2pytyupdh3wpev6mjkqqpe9sz,BFD06939D209177483C51185AAB42AE17A8EBF8C0C019076BD221E828818A2BB,2026-09-17T21:50:33.922864406Z,pb1xvd4k9jg5h0d4dhzr4z0txtwe9p5zxf58xcmxd,pb1rrwuxd65chqed6t0c5z8z505daw0rvsveyl0eq,,,,,,,,,,,,,2026-09-18T17:39:07.635931+00:00
scope1qz03vu78gsryuuu87dmlqlj4jlcqy4lk2k,FE45D59314F7550DBB46C993B14FF2BB906815C1D5B09F9C81C7095CE369E483,2026-09-17T21:50:29.409574888Z,pb13knswfs6ack05wveq5nua7jgc5jnld3zg8xl52,pb1rrwuxd65chqed6t0c5z8z505daw0rvsveyl0eq,,,,,,,,,,,,,2026-09-18T17:39:08.873439+00:00
scope1qpv2nggjv0pyaxy796uxw7n57c9qp0jcuf,FE45D59314F7550DBB46C993B14FF2BB906815C1D5B09F9C81C7095CE369E483,2026-09-17T21:50:29.409574888Z,pb13knswfs6ack05wveq5nua7jgc5jnld3zg8xl52,pb1rrwuxd65chqed6t0c5z8z505daw0rvsveyl0eq,,,,,,,,,,,,,2026-09-18T17:39:08.873376+00:00
scope1qzn458g4xcfykwa7qlypg6hweq7sax20xw,E2E27BB9C08D03CCD06E30C4B27AF3BEC8500F8DB0D44987119F8AFE74FBAFDB,2026-09-17T21:50:20.294639616Z,pb1xvd4k9jg5h0d4dhzr4z0txtwe9p5zxf58xcmxd,pb1rrwuxd65chqed6t0c5z8z505daw0rvsveyl0eq,,,,,,,,,,,,,2026-09-18T17:39:09.510760+00:00
scope1qzyqx8vk3hwy06un0glcxpps048s4vz5q5,01AAE6B65BCB535BCE901C54FB8F42213D45514C5C57E129FFFACE477811879F,2026-09-17T21:50:02.999591029Z,pb1xvd4k9jg5h0d4dhzr4z0txtwe9p5zxf58xcmxd,pb1rrwuxd65chqed6t0c5z8z505daw0rvsveyl0eq,,,,,,,,,,,,,2026-09-18T17:39:10.068331+00:00
scope1qq8caur7kk35gua5x2a4a0uqxr4sjuha65,5CE4FFE194A623C397CDC64BBB3A8A1355A165C9830D395CF8B930EF91DA8640,2026-09-17T21:47:13.905300918Z,pb1240n3tcqss8cyffwumvyztkhs87w6trnuwesuj,pb1rrwuxd65chqed6t0c5z8z505daw0rvsveyl0eq,,,,,,,,,,,,,2026-09-18T17:39:10.631656+00:00
scope1qzy64qx2ykx5rpdpvpgfwjky70qsn3rw5s,8CE05F54C94D1163DEB04857B8D138B986F5868F88B52027C83EBA1EDDD7DA0B,2026-09-17T21:47:05.274112004Z,pb1xvd4k9jg5h0d4dhzr4z0txtwe9p5zxf58xcmxd,pb1rrwuxd65chqed6t0c5z8z505daw0rvsveyl0eq,,,,,,,,,,,,,2026-09-18T17:39:11.204175+00:00
scope1qqz9cv90nc857x9ugsdxnxeqw9cqp4keqk,223E84E3FCA1342FFF37B607E14474C5D86FF858C17B250110C8DCC358BA0616,2026-09-17T21:47:00.762801132Z,pb1xvd4k9jg5h0d4dhzr4z0txtwe9p5zxf58xcmxd,pb1rrwuxd65chqed6t0c5z8z505daw0rvsveyl0eq,,,,,,,,,,,,,2026-09-18T17:39:11.756067+00:00
scope1qz9tes5q5d9ys7d6f7ug4jwghe3slr49wf,D8BD590E54E99C379D925FCB8E35A5AD28E91ED618EAE711F1E7B62667DA93B5,2026-09-17T21:46:13.106652202Z,pb1awn7unm6pv3rd9s0wzg4vje357dn3pn8ua530c,pb1rrwuxd65chqed6t0c5z8z505daw0rvsveyl0eq,,,,,,,,,,,,,2026-09-18T17:39:12.316245+00:00
scope1qprae27w3wryj993ypwk90x2xzmq6yrdyq,B7137088FCDA8FB80F4B67893BB26D4AB2F3D814C9B5976A8D1DEDC9F6F105A1,2026-09-17T21:46:04.483964227Z,pb1awn7unm6pv3rd9s0wzg4vje357dn3pn8ua530c,pb1rrwuxd65chqed6t0c5z8z505daw0rvsveyl0eq,,,,,,,,,,,,,2026-09-18T17:39:12.876375+00:00
scope1qr8wjern8p7ypaaksdx4rlspa8cq9tv4lf,A52E6CBE39EFFC3E0933DB1E945B4E44E206A54C3B47EEAAABD1D4A3AEE0F1B9,2026-09-17T21:45:29.991383538Z,pb1xvd4k9jg5h0d4dhzr4z0txtwe9p5zxf58xcmxd,pb1rrwuxd65chqed6t0c5z8z505daw0rvsveyl0eq,,,,,,,,,,,,,2026-09-18T17:39:13.436520+00:00
scope1qzmfvndqcf25lx54ehtgax8pd0gq0vx7q9,CD96E1910CBC196A922BA787684F006E4BF4B663F017C74411A8DA96D365B8DD,2026-09-17T21:45:25.611550706Z,pb1xvd4k9jg5h0d4dhzr4z0txtwe9p5zxf58xcmxd,pb1rrwuxd65chqed6t0c5z8z505daw0rvsveyl0eq,,,,,,,,,,,,,2026-09-18T17:39:13.987549+00:00
scope1qrxpsmepzln5mf5ak0ujj29raa3qr4ea58,87FCD930F9C2303A443652EF9399A89E853727DB43FBAF188551611B0663553D,2026-09-17T21:43:40.263129045Z,pb1xvd4k9jg5h0d4dhzr4z0txtwe9p5zxf58xcmxd,pb1rrwuxd65chqed6t0c5z8z505daw0rvsveyl0eq,,,,,,,,,,,,,2026-09-18T17:39:14.574733+00:00
scope1qqedtpte6uuyc44gkq2gemru59gqlnaqdj,E3C2705913D6E4CBB5EA18AA8EDCC306F794571CA2F0FA5360A40157B18F291F,2026-09-17T21:43:14.428744931Z,pb13knswfs6ack05wveq5nua7jgc5jnld3zg8xl52,pb1rrwuxd65chqed6t0c5z8z505daw0rvsveyl0eq,,,,,,,,,,,,,2026-09-18T17:39:15.143971+00:00
scope1qzk9d6jjx8dyaw9sp5y236fzzwfszx6ju2,78254E6D293C0CA11B949F183E3D91CCDF5038E1EC024EB00A55452E8B8E5197,2026-09-17T21:42:48.678765636Z,pb1xvd4k9jg5h0d4dhzr4z0txtwe9p5zxf58xcmxd,pb1rrwuxd65chqed6t0c5z8z505daw0rvsveyl0eq,,,,,,,,,,,,,2026-09-18T17:39:15.699116+00:00
scope1qzrrze8c4zly7wyyud66cy3jh89qykx2f9,3F84DC7053C0FEB2608008422B9091ED79A2ED8DDD5C76FFF83D114286ED0048,2026-09-17T21:42:05.554406797Z,pb13knswfs6ack05wveq5nua7jgc5jnld3zg8xl52,pb1rrwuxd65chqed6t0c5z8z505daw0rvsveyl0eq,,,,,,,,,,,,,2026-09-18T17:39:16.246906+00:00
scope1qrj4hu45vmuyw2a89t467y0547ms8jddjy,0025165339F9ED155EFDD388AADF1DF656ABA6A7F89EF734088798E3CAD8F930,2026-09-17T21:40:32.990909884Z,pb13knswfs6ack05wveq5nua7jgc5jnld3zg8xl52,pb1rrwuxd65chqed6t0c5z8z505daw0rvsveyl0eq,,,,,,,,,,,,,2026-09-18T17:39:16.813895+00:00
scope1qzmsxaw3dvsytma0jeheq7tme5sql62ntc,7FD906AA584FE139669AD554FB59EAD3E21E75E3861326868357617F9B91FF1D,2026-09-17T21:40:24.343670980Z,pb1k38pa6rgnepcs592n4mvr3hxucw8tslprcmlvk,pb1rrwuxd65chqed6t0c5z8z505daw0rvsveyl0eq,,,,,,,,,,,,,2026-09-18T17:39:17.951910+00:00
scope1qpkdyztyn505wxueg29w4yyxkw4q5nnxpu,DE584FA7B7B72749F8A8355C60988C8EF5FE982DEFC8AC66D43E45848572AD41,2026-09-17T21:40:24.343670980Z,pb17e03lfm0sxjkf860l4n2j2h5yh4s9etq5l9laq,pb1rrwuxd65chqed6t0c5z8z505daw0rvsveyl0eq,,,,,,,,,,,,,2026-09-18T17:39:17.381356+00:00
scope1qzkmxlmpvyw5hl9zfpzh3l2c9uhqdq3qtg,317EE7602496824CDB869161C08C3615613300103CC7BE9D6F3A3B53924124EE,2026-09-17T21:39:37.063870088Z,pb1xvd4k9jg5h0d4dhzr4z0txtwe9p5zxf58xcmxd,pb1rrwuxd65chqed6t0c5z8z505daw0rvsveyl0eq,,,,,,,,,,,,,2026-09-18T17:39:18.501579+00:00
scope1qzjcvlk5vr3ygfdmham4a0slsyrqwvv40w,F58BF2EE93C8C11B869FF286FE49D89E02ADDF7AE2489A4E02AD6B1D93DF4644,2026-09-17T21:39:32.499779364Z,pb16j3hxhr0m56h9u9ptdtz2qpmtd7333f77h64m6,pb1rrwuxd65chqed6t0c5z8z505daw0rvsveyl0eq,,,,,,,,,,,,,2026-09-18T17:39:19.059130+00:00
scope1qr27lg4glxsypd5507ukjx2qlflsuvverx,137C3D2D4A04087DD99AA4604466F9C7E6C1E1857275047DCBE5497F4CA2265B,2026-09-17T21:39:23.871183850Z,pb1awn7unm6pv3rd9s0wzg4vje357dn3pn8ua530c,pb1rrwuxd65chqed6t0c5z8z505daw0rvsveyl0eq,,,,,,,,,,,,,2026-09-18T17:39:20.179918+00:00
scope1qqdavymssyyyk3aczyvlwyxkpjgq5p3jyv,BE69093D51B4D0E710917330C82962D067A1C3E69DD753E870B283819FA557D3,2026-09-17T21:39:23.871183850Z,pb1xvd4k9jg5h0d4dhzr4z0txtwe9p5zxf58xcmxd,pb1rrwuxd65chqed6t0c5z8z505daw0rvsveyl0eq,,,,,,,,,,,,,2026-09-18T17:39:19.622662+00:00
scope1qzvvzfw8v2353hu3rztsw2p28k6slt378x,2E54DAFAC3D00F8A7EF419277BC2805B5FB4482ADB36E9109A2A1E76D11AD6B3,2026-09-17T21:37:09.513858102Z,pb1v3uda8qgxv69tx6wclsp0jn4n8xxa5h7gpt2jp,pb1rrwuxd65chqed6t0c5z8z505daw0rvsveyl0eq,,,,,,,,,,,,,2026-09-18T17:39:20.779337+00:00
scope1qzm4vyawjd05v0vhgrjarez30dlqp79msc,4B73190113BCD31FB89A02A5DCD81C4EDF84EE22A5FC4F432429231AC913C233,2026-09-17T21:36:03.442342434Z,pb1xvd4k9jg5h0d4dhzr4z0txtwe9p5zxf58xcmxd,pb1rrwuxd65chqed6t0c5z8z505daw0rvsveyl0eq,,,,,,,,,,,,,2026-09-18T17:39:35.628896+00:00
scope1qr5vm6vzc4qytsudpduqrdr04hrqyl5glt,52CD92BDA7224E4CA70C9F3C0B2459859ED81049281976005558B8C0045BD81E,2026-09-17T21:35:33.164012864Z,pb1xvd4k9jg5h0d4dhzr4z0txtwe9p5zxf58xcmxd,pb1rrwuxd65chqed6t0c5z8z505daw0rvsveyl0eq,,,,,,,,,,,,,2026-09-18T17:39:36.178560+00:00
scope1qzf27z5zfqty2uatu95kg7rt0qpsymfhv4,A0F84CA17ADE69C13437C7EBA5D6028BC5A2F6B7194B3095DB4ED1A2D58FF9A1,2026-09-17T21:35:28.870318292Z,pb13knswfs6ack05wveq5nua7jgc5jnld3zg8xl52,pb1rrwuxd65chqed6t0c5z8z505daw0rvsveyl0eq,,,,,,,,,,,,,2026-09-18T17:39:36.743545+00:00
scope1qq0f28ldlayylp98xy9z2em9ur3suya32p,5C98290B90D228A9CB085EBBD1791232C3CBDBF8E31DCF35DE49E1C84F7CFB74,2026-09-17T21:35:20.218850095Z,pb1xvd4k9jg5h0d4dhzr4z0txtwe9p5zxf58xcmxd,pb1rrwuxd65chqed6t0c5z8z505daw0rvsveyl0eq,,,,,,,,,,,,,2026-09-18T17:39:37.301301+00:00
scope1qzuhfm98gyyypayn5qecwvahktgqhuyx6g,B768D9B82BB9FD87B3BA9EC536D49BBDB6CC4DA40FD6B1E5D7B950B419D9423C,2026-09-17T21:35:11.403636003Z,pb1awn7unm6pv3rd9s0wzg4vje357dn3pn8ua530c,pb1rrwuxd65chqed6t0c5z8z505daw0rvsveyl0eq,,,,,,,,,,,,,2026-09-18T17:39:37.857260+00:00
scope1qrvksvf37y457a4g8m5qnghy8pnqj8a2xw,8BD01CBFC576E68CAD4F5040952EB403191020A38CF07D159DDD0FF317CC3A93,2026-09-17T21:34:06.075979682Z,pb1xvd4k9jg5h0d4dhzr4z0txtwe9p5zxf58xcmxd,pb1rrwuxd65chqed6t0c5z8z505daw0rvsveyl0eq,,,,,,,,,,,,,2026-09-18T17:39:38.413587+00:00
scope1qrtm4ddrql25lz4meq35k2ztsttshl8cph,FEB7687579D101E6066000EA6EA17CEE927123061CD0445B8E21D97A7D842295,2026-09-17T21:32:05.219603014Z,pb1k38pa6rgnepcs592n4mvr3hxucw8tslprcmlvk,pb1rrwuxd65chqed6t0c5z8z505daw0rvsveyl0eq,,,,,,,,,,,,,2026-09-18T17:39:38.979182+00:00
scope1qqq9n8phv4tyeuv9lax0e3q6xqus37nd60,19D5E099CB6812C3130F4341D9B3CF0E1BFDD4171630011DDC687115FA2A777A,2026-09-17T21:30:29.898592868Z,pb1awn7unm6pv3rd9s0wzg4vje357dn3pn8ua530c,pb1rrwuxd65chqed6t0c5z8z505daw0rvsveyl0eq,,,,,,,,,,,,,2026-09-18T17:39:39.536224+00:00
scope1qqdt90yqzau530dzrry64aqe4cdsf902k7,ACDB02B219C42BABFF0996BCAF072722A7CCB47EA61A7CC41171A1467E2E4148,2026-09-17T21:30:21.122124071Z,pb1awn7unm6pv3rd9s0wzg4vje357dn3pn8ua530c,pb1rrwuxd65chqed6t0c5z8z505daw0rvsveyl0eq,,,,,,,,,,,,,2026-09-18T17:39:40.089978+00:00
scope1qzl95cyw2u2yn048p6yjv8r76w7s39jflp,53E84ECE20912B95DBCE20B82C052216BC57D6F7C2CC6352EA9ABE5596BABB0E,2026-09-17T21:28:05.393654658Z,pb1xvd4k9jg5h0d4dhzr4z0txtwe9p5zxf58xcmxd,pb1rrwuxd65chqed6t0c5z8z505daw0rvsveyl0eq,,,,,,,,,,,,,2026-09-18T17:39:40.646212+00:00
scope1qqtdudmx3995hzulk9zrq2946zysfl47tw,74E6877DC7DFBD3A759B3D7E703B0D425302889D6E447C6BFBD027943ED0B993,2026-09-17T21:25:34.200576002Z,pb1xvd4k9jg5h0d4dhzr4z0txtwe9p5zxf58xcmxd,pb1rrwuxd65chqed6t0c5z8z505daw0rvsveyl0eq,,,,,,,,,,,,,2026-09-18T17:39:41.236592+00:00
scope1qppqnlqr0huyscdu4jpk0jglnf7qaamek0,E09A7FDADD86CC3E29EC3D6B7CE0572629261985EB05EC858EE2062B9D41A23F,2026-09-17T21:25:25.613230990Z,pb1awn7unm6pv3rd9s0wzg4vje357dn3pn8ua530c,pb1rrwuxd65chqed6t0c5z8z505daw0rvsveyl0eq,,,,,,,,,,,,,2026-09-18T17:39:41.805256+00:00
scope1qrf923vpv7f5t4ymwka4r8w434hsf8edjh,1D718752FAF0B6499D85C912C5266012C74098260CCEDC5C1F07BF6FA8624C24,2026-09-17T21:25:08.278607409Z,pb1xvd4k9jg5h0d4dhzr4z0txtwe9p5zxf58xcmxd,pb1rrwuxd65chqed6t0c5z8z505daw0rvsveyl0eq,,,,,,,,,,,,,2026-09-18T17:39:42.360534+00:00
scope1qpprash0ljrymaufysu23dk74p2sm7ad6e,53114DF4A748B1904742144BCF79052870B7E07D4D603B03EC9525C64C3B0E92,2026-09-17T21:23:50.873461904Z,pb1kx5k0nr068xhxgcmnzzef9523cxdcexlm3r29w,pb1rrwuxd65chqed6t0c5z8z505daw0rvsveyl0eq,,,,,,,,,,,,,2026-09-18T17:39:42.928901+00:00
scope1qzmu4l6q5tf5ex9tes4m4wd2p9lshfjg8x,F22B4D96C0A36B82E4DE1C294AC2F1116DEA20B2A41947B2A72136E1C274A97C,2026-09-17T21:22:02.452395815Z,pb1xvd4k9jg5h0d4dhzr4z0txtwe9p5zxf58xcmxd,pb1rrwuxd65chqed6t0c5z8z505daw0rvsveyl0eq,,,,,,,,,,,,,2026-09-18T17:39:43.496901+00:00
scope1qzumphdjds4yxs4mcnatwt2n66fsl6xfnw,A85E560310DF482EF456314FEF62711482DE6B2B2E5F171B1CD9499C62B79DC2,2026-09-17T21:21:36.628191342Z,pb1awn7unm6pv3rd9s0wzg4vje357dn3pn8ua530c,pb1rrwuxd65chqed6t0c5z8z505daw0rvsveyl0eq,,,,,,,,,,,,,2026-09-18T17:39:44.050693+00:00
scope1qryu2vdgjmd5ky9ccz3z3uppnwksh0rdmc,4F5CB8459F8482F62B502A7349D18CC6D4191DC9249D3668F65076E490DC9CD6,2026-09-17T21:21:32.298011224Z,pb1v3uda8qgxv69tx6wclsp0jn4n8xxa5h7gpt2jp,pb1rrwuxd65chqed6t0c5z8z505daw0rvsveyl0eq,,,,,,,,,,,,,2026-09-18T17:39:44.614949+00:00
scope1qq8svzk5e955lgde48ejf4ca48ssxr87ea,655B1A15335E4F36078FBAE8C19F356C12FD66A8A81471C2D94E0C581B4EFA7B,2026-09-17T21:20:36.145955003Z,pb13knswfs6ack05wveq5nua7jgc5jnld3zg8xl52,pb1rrwuxd65chqed6t0c5z8z505daw0rvsveyl0eq,,,,,,,,,,,,,2026-09-18T17:39:45.187705+00:00
scope1qqcjrur3genywf9n22ggy58wwfpqz0te8m,0E4AD38A4F16963A6A205DD15EDC0F157A2E75BF666DDD5FCD89A29011D7AC57,2026-09-17T21:20:27.583665885Z,pb1k38pa6rgnepcs592n4mvr3hxucw8tslprcmlvk,pb1rrwuxd65chqed6t0c5z8z505daw0rvsveyl0eq,,,,,,,,,,,,,2026-09-18T17:39:46.305531+00:00
scope1qpmeesdp8arydrdzd48ngcz3mjdsg8qwep,1ED23C5C5B40625FB12A0C9AE0AC2F93EE8299D08E5E9D4F4CCF7B1E174DC89F,2026-09-17T21:20:27.583665885Z,pb13knswfs6ack05wveq5nua7jgc5jnld3zg8xl52,pb1rrwuxd65chqed6t0c5z8z505daw0rvsveyl0eq,,,,,,,,,,,,,2026-09-18T17:39:45.754743+00:00
scope1qzvsufg5yf95fa97z97ltdvj6dhqamuv97,1ED23C5C5B40625FB12A0C9AE0AC2F93EE8299D08E5E9D4F4CCF7B1E174DC89F,2026-09-17T21:20:27.583665885Z,pb13knswfs6ack05wveq5nua7jgc5jnld3zg8xl52,pb1rrwuxd65chqed6t0c5z8z505daw0rvsveyl0eq,,,,,,,,,,,,,2026-09-18T17:39:45.754633+00:00
scope1qqym2m6tumry8qukf56e0tsgjrrqkgafcc,53C81D5EC5AB4BE79114CD96818E6F54EBE5114151925003A8BBE96696449999,2026-09-17T21:20:18.742722593Z,pb1ml9tzy5znrnnaj6pqnl86gagxlv8jrydk2jjdq,pb1rrwuxd65chqed6t0c5z8z505daw0rvsveyl0eq,,,,,,,,,,,,,2026-09-18T17:39:46.868392+00:00
scope1qpdpstp68m75w44urjqdsjznkvpq0dpk86,80299FEA10ECA677898FCECFBFFA870ECC1AFB583B13DAC2A7E1463036FE5504,2026-09-17T21:17:59.067085855Z,pb17e03lfm0sxjkf860l4n2j2h5yh4s9etq5l9laq,pb1rrwuxd65chqed6t0c5z8z505daw0rvsveyl0eq,,,,,,,,,,,,,2026-09-18T17:39:47.985475+00:00
scope1qz44rcv6rnj5yudhwuplc6m4363s8h0s4j,F2C997166DDA37757A99285A53D87DB6E6DE444719C34C0B0A108CD919549F19,2026-09-17T21:17:59.067085855Z,pb1xvd4k9jg5h0d4dhzr4z0txtwe9p5zxf58xcmxd,pb1rrwuxd65chqed6t0c5z8z505daw0rvsveyl0eq,,,,,,,,,,,,,2026-09-18T17:39:47.430449+00:00
scope1qz23l85s7735tadm7epjaql3ntpskyaw87,2E8C08F99020488AEBE24050BB8414A7982BB2FD0B4D584E30668B2B2D0CCC5C,2026-09-17T21:17:11.890606740Z,pb13knswfs6ack05wveq5nua7jgc5jnld3zg8xl52,pb1rrwuxd65chqed6t0c5z8z505daw0rvsveyl0eq,,,,,,,,,,,,,2026-09-18T17:39:48.571391+00:00
scope1qrqr0xsnm40yr248lxf07t528ugs2h9rhf,72B329EF2145C3F5D74EBFE669D9CF6ED35FDDECA385A5CCAFC8AA5F643E0ED1,2026-09-17T21:16:45.891682896Z,pb14ep8k6jtc338c00t9khyrydpw7vywagdzqntwz,pb1rrwuxd65chqed6t0c5z8z505daw0rvsveyl0eq,,,,,,,,,,,,,2026-09-18T17:39:49.122401+00:00
scope1qqdd3d3kqr4y69uzhjr0e04ct3esjpna88,DDD468509A5356A605F2F5534E182477AF8CE479A3C4126BF13AFD675CC8A98A,2026-09-17T21:15:57.950185522Z,pb1xvd4k9jg5h0d4dhzr4z0txtwe9p5zxf58xcmxd,pb1rrwuxd65chqed6t0c5z8z505daw0rvsveyl0eq,,,,,,,,,,,,,2026-09-18T17:39:49.682268+00:00
scope1qpxgz5dtdn85wxy3dfdajjsnhrqscpaguu,59786A23CEBDC094940BD3C8718738C0C6EEC3D0AA9444FE26432296D32729D1,2026-09-17T21:15:53.597915991Z,pb1kx5k0nr068xhxgcmnzzef9523cxdcexlm3r29w,pb1rrwuxd65chqed6t0c5z8z505daw0rvsveyl0eq,,,,,,,,,,,,,2026-09-18T17:39:50.230609+00:00
scope1qqmmz3t0cnr5af9rcqgkdkyj7s3q987q7z,1D900A5599E62DEDFD4266CD9BB248AC200E059EE7E233AD4CF838B6E039597B,2026-09-17T21:15:48.998809469Z,pb1xvd4k9jg5h0d4dhzr4z0txtwe9p5zxf58xcmxd,pb1rrwuxd65chqed6t0c5z8z505daw0rvsveyl0eq,,,,,,,,,,,,,2026-09-18T17:39:50.789516+00:00
scope1qpqgact53cs5xgul0ua6ac67zgjqrw6a6r,8C184288E22508FA423D10C68F368DFBD28B987CA84AD3B259518807FF5CFF0B,2026-09-17T21:15:40.350527037Z,pb1kx5k0nr068xhxgcmnzzef9523cxdcexlm3r29w,pb1rrwuxd65chqed6t0c5z8z505daw0rvsveyl0eq,,,,,,,,,,,,,2026-09-18T17:39:51.901489+00:00
scope1qp399qu8m7g5dpdxupjvcdhwyvyqynfpvf,6938C0BAFEA11E8607680E0A9A1642F613D73CCD19E30406F1C15B50DC8656D9,2026-09-17T21:15:40.350527037Z,pb13knswfs6ack05wveq5nua7jgc5jnld3zg8xl52,pb1rrwuxd65chqed6t0c5z8z505daw0rvsveyl0eq,,,,,,,,,,,,,2026-09-18T17:39:51.351393+00:00
scope1qqjrfv7wq2759h4lc8rud78cce0qjppsw3,BBB342F9C270B4F3F7CD4DBB8D567BD96BF436210D4EEF026D1B820C70275E49,2026-09-17T21:15:31.857363512Z,pb1k38pa6rgnepcs592n4mvr3hxucw8tslprcmlvk,pb1rrwuxd65chqed6t0c5z8z505daw0rvsveyl0eq,,,,,,,,,,,,,2026-09-18T17:39:53.014242+00:00
scope1qrlg05f36hp5k5a4nk8rav274s6qq03fvg,7F48EC7FA9AC8CBCA7E4E14BD486C053FA2154DFC2E17C314476A1D762BEC110,2026-09-17T21:15:31.857363512Z,pb13knswfs6ack05wveq5nua7jgc5jnld3zg8xl52,pb1rrwuxd65chqed6t0c5z8z505daw0rvsveyl0eq,,,,,,,,,,,,,2026-09-18T17:39:52.464015+00:00
scope1qzdegsyaxr75tma0f2urqkwqxjcs8ud9y0,19E645D6B6C96E57D8E5187A9E9E2CE751EADDF5C746A7D41B6FF91F1452E95D,2026-09-17T21:15:27.253413961Z,pb13knswfs6ack05wveq5nua7jgc5jnld3zg8xl52,pb1rrwuxd65chqed6t0c5z8z505daw0rvsveyl0eq,,,,,,,,,,,,,2026-09-18T17:39:54.071571+00:00
scope1qzxh589x9euy5wdyx7pqfazhyspqk2stc9,4A8EF2088417ECFA9274E9B4018FB873ED43ED0408102A692B76912EF9C73C1F,2026-09-17T21:15:22.985893302Z,pb1q4ffj426hu5fj0h7muy2h7hj6sqmqe7vz67245,pb1rrwuxd65chqed6t0c5z8z505daw0rvsveyl0eq,,,,,,,,,,,,,2026-09-18T17:39:54.639036+00:00
scope1qreamw4gw9nyx4vfk85sh8vvfc9qxjjtq4,02D0134C1EE24AF9F6F00377C8A1DD7BCBF222CFD772DCC47E11FFEBAD094F92,2026-09-17T21:14:30.688937275Z,pb1xvd4k9jg5h0d4dhzr4z0txtwe9p5zxf58xcmxd,pb1rrwuxd65chqed6t0c5z8z505daw0rvsveyl0eq,,,,,,,,,,,,,2026-09-18T17:39:55.192179+00:00
scope1qqqwkn2lvsu5q59af9a6vkp6ufaqyllsj5,4381FF53C3AADDE9669230BEED4ADFD0840F6A442D649E79613CFB7D7B5581A2,2026-09-17T21:10:32.297682137Z,pb1kx5k0nr068xhxgcmnzzef9523cxdcexlm3r29w,pb1rrwuxd65chqed6t0c5z8z505daw0rvsveyl0eq,,,,,,,,,,,,,2026-09-18T17:39:55.753511+00:00
scope1qr3u7adf08v5eu4rzjxl9yyv8pqswx65x4,EBC0BF86909247AD08D2BEF54397D45C8A926DFD39EE0D20A61291C24419938C,2026-09-17T21:10:28.025390481Z,pb13knswfs6ack05wveq5nua7jgc5jnld3zg8xl52,pb1rrwuxd65chqed6t0c5z8z505daw0rvsveyl0eq,,,,,,,,,,,,,2026-09-18T17:39:56.929170+00:00
scope1qr6fwymml0hylhy2mkfar23yn3zqpyczlv,D9E1480C0326AE634DE47113274E1197C2CE07B8888F60A0F69936158D9D8F68,2026-09-17T21:10:28.025390481Z,pb1awn7unm6pv3rd9s0wzg4vje357dn3pn8ua530c,pb1rrwuxd65chqed6t0c5z8z505daw0rvsveyl0eq,,,,,,,,,,,,,2026-09-18T17:39:56.301689+00:00
scope1qr27hfnec98yuw43n4ylp6umnlnspw87jp,F1F32E9CB84AC245935906EECD15CE8E8A11A42803BF41FFC07BE7E75EDC8B34,2026-09-17T21:10:23.442035030Z,pb1xzl9wgh0ry2dma43f58vmuteqd3996j6mhqhgz,pb1rrwuxd65chqed6t0c5z8z505daw0rvsveyl0eq,,,,,,,,,,,,,2026-09-18T17:39:58.084386+00:00
scope1qzwulq8jzu9yrgvml9lcht2mh0nstzx7wu,12E05499D8BA7D28424987047882674A100461D57A7F1F7F8615C1F069636932,2026-09-17T21:10:23.442035030Z,pb1xvd4k9jg5h0d4dhzr4z0txtwe9p5zxf58xcmxd,pb1rrwuxd65chqed6t0c5z8z505daw0rvsveyl0eq,,,,,,,,,,,,,2026-09-18T17:39:57.492659+00:00
scope1qz8cmaspvqayd0yr673lzydx2uaq0duwkc,EC8BFEA249AF495ACCB1228262B95D9B4984BD43E788DA0FB6457671E89DE955,2026-09-17T21:10:19.182467717Z,pb1vfx4xuhvynkrw583hw9t799e4hgez2mh04psmv,pb1rrwuxd65chqed6t0c5z8z505daw0rvsveyl0eq,,,,,,,,,,,,,2026-09-18T17:39:58.670532+00:00
scope1qplyx9pt8dr5hu4u9wxfnhwlqquqwdvpy2,9408B8A4ACB66C738D09B2C616FCB953940197EE69B0EA49A4EA170DF530EAED,2026-09-17T21:10:10.324819279Z,pb1vfx4xuhvynkrw583hw9t799e4hgez2mh04psmv,pb1rrwuxd65chqed6t0c5z8z505daw0rvsveyl0eq,,,,,,,,,,,,,2026-09-18T17:39:59.235033+00:00
scope1qzfl8hz75rj5snucpaw2fq8x6p9sfmz9eq,9408B8A4ACB66C738D09B2C616FCB953940197EE69B0EA49A4EA170DF530EAED,2026-09-17T21:10:10.324819279Z,pb1vfx4xuhvynkrw583hw9t799e4hgez2mh04psmv,pb1rrwuxd65chqed6t0c5z8z505daw0rvsveyl0eq,,,,,,,,,,,,,2026-09-18T17:39:59.234974+00:00
scope1qrcl7k369ll5hq5reqazk0fsf4sq7axqfj,544934B3A7AEB12DE88C8B4C85A4B35550DB05FCB1F6AC25D6CA4C43DEEEB85C,2026-09-17T21:10:05.903548304Z,pb1vfx4xuhvynkrw583hw9t799e4hgez2mh04psmv,pb1rrwuxd65chqed6t0c5z8z505daw0rvsveyl0eq,,,,,,,,,,,,,2026-09-18T17:40:00.992033+00:00
scope1qpr5h4v60ecyw0u7xnsnmh0adx3s7htqqn,30E55CE01D375153F399F8B606423FD3F538E50F84871543012BDFAF80AE4973,2026-09-17T21:10:05.903548304Z,pb1vfx4xuhvynkrw583hw9t799e4hgez2mh04psmv,pb1rrwuxd65chqed6t0c5z8z505daw0rvsveyl0eq,,,,,,,,,,,,,2026-09-18T17:40:00.438163+00:00
scope1qrgyps0js0r57tulrmjz4f3dl3mqtslvwv,30E55CE01D375153F399F8B606423FD3F538E50F84871543012BDFAF80AE4973,2026-09-17T21:10:05.903548304Z,pb1vfx4xuhvynkrw583hw9t799e4hgez2mh04psmv,pb1rrwuxd65chqed6t0c5z8z505daw0rvsveyl0eq,,,,,,,,,,,,,2026-09-18T17:40:00.438152+00:00
scope1qrfpud73z79ylpyymksf4q8hkfqsk45p99,30E55CE01D375153F399F8B606423FD3F538E50F84871543012BDFAF80AE4973,2026-09-17T21:10:05.903548304Z,pb1vfx4xuhvynkrw583hw9t799e4hgez2mh04psmv,pb1rrwuxd65chqed6t0c5z8z505daw0rvsveyl0eq,,,,,,,,,,,,,2026-09-18T17:40:00.438096+00:00
scope1qrfv7v9n9fr5s5acqyl0fuav4jvq3gxnmu,0FD849D1A44758246D715889B86DD1521FE2C36D3AF63C816151EAF4C7CC0A8B,2026-09-17T21:10:05.903548304Z,pb1awn7unm6pv3rd9s0wzg4vje357dn3pn8ua530c,pb1rrwuxd65chqed6t0c5z8z505daw0rvsveyl0eq,,,,,,,,,,,,,2026-09-18T17:39:59.792494+00:00
scope1qz97jymgr5v50la0mgmchnzzwm9qp26e8p,D42F8A0C049BA001F45B90AD48B9AC08B887C4FB691D687E66DEF86CC25893F7,2026-09-17T21:09:57.241698808Z,pb1vfx4xuhvynkrw583hw9t799e4hgez2mh04psmv,pb1rrwuxd65chqed6t0c5z8z505daw0rvsveyl0eq,,,,,,,,,,,,,2026-09-18T17:40:01.546353+00:00
scope1qpc4knmqfujyaqd8ycdcvhv4rm0q593hla,D42F8A0C049BA001F45B90AD48B9AC08B887C4FB691D687E66DEF86CC25893F7,2026-09-17T21:09:57.241698808Z,pb1vfx4xuhvynkrw583hw9t799e4hgez2mh04psmv,pb1rrwuxd65chqed6t0c5z8z505daw0rvsveyl0eq,,,,,,,,,,,,,2026-09-18T17:40:01.546336+00:00
scope1qp38rznnh3l5aldjzk9knpcuwvdq3xmcdu,D42F8A0C049BA001F45B90AD48B9AC08B887C4FB691D687E66DEF86CC25893F7,2026-09-17T21:09:57.241698808Z,pb1vfx4xuhvynkrw583hw9t799e4hgez2mh04psmv,pb1rrwuxd65chqed6t0c5z8z505daw0rvsveyl0eq,,,,,,,,,,,,,2026-09-18T17:40:01.546245+00:00
scope1qpxmxuan6fwyenytqjequtnt5xrseadfhz,D2051D3962A5AC348DFFAA0E3A664DD93B7CFA932FF038BFFA088FF82FC451A6,2026-09-17T21:09:52.789461887Z,pb1vfx4xuhvynkrw583hw9t799e4hgez2mh04psmv,pb1rrwuxd65chqed6t0c5z8z505daw0rvsveyl0eq,,,,,,,,,,,,,2026-09-18T17:40:02.676399+00:00
scope1qqhsdnxj787y805pft027296yhlqjvpz7f,D2051D3962A5AC348DFFAA0E3A664DD93B7CFA932FF038BFFA088FF82FC451A6,2026-09-17T21:09:52.789461887Z,pb1vfx4xuhvynkrw583hw9t799e4hgez2mh04psmv,pb1rrwuxd65chqed6t0c5z8z505daw0rvsveyl0eq,,,,,,,,,,,,,2026-09-18T17:40:02.676385+00:00
scope1qzwvyf6kfh754u5hvh6yasl5ycasl7kxy2,D2051D3962A5AC348DFFAA0E3A664DD93B7CFA932FF038BFFA088FF82FC451A6,2026-09-17T21:09:52.789461887Z,pb1vfx4xuhvynkrw583hw9t799e4hgez2mh04psmv,pb1rrwuxd65chqed6t0c5z8z505daw0rvsveyl0eq,,,,,,,,,,,,,2026-09-18T17:40:02.676289+00:00
scope1qpwgxz8su5cya0de0txluexlzktsu4fxxu,5EF413B56EE008B7E6F6C0572B7B6A0B4779C819CBDCB1530301DB7B385CAD56,2026-09-17T21:09:52.789461887Z,pb1vfx4xuhvynkrw583hw9t799e4hgez2mh04psmv,pb1rrwuxd65chqed6t0c5z8z505daw0rvsveyl0eq,,,,,,,,,,,,,2026-09-18T17:40:02.108544+00:00
scope1qpkvvj79vd4ypr45jkdr6wzapu8q6dsczg,5EF413B56EE008B7E6F6C0572B7B6A0B4779C819CBDCB1530301DB7B385CAD56,2026-09-17T21:09:52.789461887Z,pb1vfx4xuhvynkrw583hw9t799e4hgez2mh04psmv,pb1rrwuxd65chqed6t0c5z8z505daw0rvsveyl0eq,,,,,,,,,,,,,2026-09-18T17:40:02.108484+00:00
scope1qqy4xkmk9utyqadnyex2hlmjnr9q3wry34,5ED02049B7C4C2F9E1FAD1598170D26249C4313752E7BC57E339CA7E4D7B8515,2026-09-17T21:09:44.092479932Z,pb1vfx4xuhvynkrw583hw9t799e4hgez2mh04psmv,pb1rrwuxd65chqed6t0c5z8z505daw0rvsveyl0eq,,,,,,,,,,,,,2026-09-18T17:40:03.813794+00:00
scope1qqepugskfkgyfz5qpaqw78hr9agsdrae5d,5ED02049B7C4C2F9E1FAD1598170D26249C4313752E7BC57E339CA7E4D7B8515,2026-09-17T21:09:44.092479932Z,pb1vfx4xuhvynkrw583hw9t799e4hgez2mh04psmv,pb1rrwuxd65chqed6t0c5z8z505daw0rvsveyl0eq,,,,,,,,,,,,,2026-09-18T17:40:03.813773+00:00
scope1qpqx5uytmtt5y8484l0tt4emu6qsrwggfg,5ED02049B7C4C2F9E1FAD1598170D26249C4313752E7BC57E339CA7E4D7B8515,2026-09-17T21:09:44.092479932Z,pb1vfx4xuhvynkrw583hw9t799e4hgez2mh04psmv,pb1rrwuxd65chqed6t0c5z8z505daw0rvsveyl0eq,,,,,,,,,,,,,2026-09-18T17:40:03.813714+00:00
scope1qqqjvqah66d5k3dzd0me07azsawql9smtx,74BFAB125D01E486B376C2E69DD30A3EF58F5BD2A1B8A6504D91FBDD0C72C608,2026-09-17T21:09:44.092479932Z,pb1vfx4xuhvynkrw583hw9t799e4hgez2mh04psmv,pb1rrwuxd65chqed6t0c5z8z505daw0rvsveyl0eq,,,,,,,,,,,,,2026-09-18T17:40:03.231841+00:00
scope1qq0jt5sp7zz5squ2qq85qc33he0qnelnvr,4A847367DEE9972B6EB944C064BAECB80CAFB4D36149904497974E3DB53538B9,2026-09-17T21:09:39.664115614Z,pb1vfx4xuhvynkrw583hw9t799e4hgez2mh04psmv,pb1rrwuxd65chqed6t0c5z8z505daw0rvsveyl0eq,,,,,,,,,,,,,2026-09-18T17:40:04.364735+00:00
scope1qq85kf6qw0jydedr3yz6qp9hpp2sxuh0ra,4A847367DEE9972B6EB944C064BAECB80CAFB4D36149904497974E3DB53538B9,2026-09-17T21:09:39.664115614Z,pb1vfx4xuhvynkrw583hw9t799e4hgez2mh04psmv,pb1rrwuxd65chqed6t0c5z8z505daw0rvsveyl0eq,,,,,,,,,,,,,2026-09-18T17:40:04.364717+00:00
scope1qqq9vk07ur5ykrddj9sxu4uwh4gsluw0t6,4A847367DEE9972B6EB944C064BAECB80CAFB4D36149904497974E3DB53538B9,2026-09-17T21:09:39.664115614Z,pb1vfx4xuhvynkrw583hw9t799e4hgez2mh04psmv,pb1rrwuxd65chqed6t0c5z8z505daw0rvsveyl0eq,,,,,,,,,,,,,2026-09-18T17:40:04.364611+00:00
scope1qqde3mkdv5x5n55pw075yr8003pqfrmpkr,3BC952E804CDBEF6994B5D88D0FA7C1B4890228252702DCAA7D02773018761E6,2026-09-17T21:07:16.945922508Z,pb13knswfs6ack05wveq5nua7jgc5jnld3zg8xl52,pb1rrwuxd65chqed6t0c5z8z505daw0rvsveyl0eq,,,,,,,,,,,,,2026-09-18T17:40:04.939044+00:00
scope1qp48efg0etpylj4denf3y4ylkyvqkha022,02889EC3670D35469D9CA18574388AE7AEB14FA68378938D2BBCBD50B624AE6C,2026-09-17T21:07:04.107714699Z,pb1sdentsz7ymu9qv3rvyscnseqyj02z2dvrakywv,pb1rrwuxd65chqed6t0c5z8z505daw0rvsveyl0eq,,,,,,,,,,,,,2026-09-18T17:40:05.484684+00:00
scope1qptwujhgmh05fndnrvmrh0dqnq8qfnq7fw,91BF438CDAB1D1128340C2D0010BD3E9EAA3FF0617C46FBF35EDBB8840491DC7,2026-09-17T21:06:16.324411598Z,pb1xvd4k9jg5h0d4dhzr4z0txtwe9p5zxf58xcmxd,pb1rrwuxd65chqed6t0c5z8z505daw0rvsveyl0eq,,,,,,,,,,,,,2026-09-18T17:40:06.039913+00:00
scope1qq37x0sl5kkydyvhk60y35hnnc3st9n7lm,02C7CCC13D9A50BD5D5057765281FA7E037C0198DCA008EC36B868A723C71D52,2026-09-17T21:05:50.425470295Z,pb14ep8k6jtc338c00t9khyrydpw7vywagdzqntwz,pb1rrwuxd65chqed6t0c5z8z505daw0rvsveyl0eq,,,,,,,,,,,,,2026-09-18T17:40:06.596189+00:00
scope1qztmcnxaafwywud06szyay04s3qq5dch9c,C850986541C5AAC0F0365FE7979616D1BEFB695F70B01301492EF6643CA270F1,2026-09-17T21:05:41.676384113Z,pb13knswfs6ack05wveq5nua7jgc5jnld3zg8xl52,pb1rrwuxd65chqed6t0c5z8z505daw0rvsveyl0eq,,,,,,,,,,,,,2026-09-18T17:40:07.160193+00:00
scope1qrche8q9awp5p09ksc23svvuw3jsxjfmgw,7AE6E096F9D11915960312505FDD7FD8EE7CD96B3A66E9BC940B69FEBA3DEEDC,2026-09-17T21:05:32.974146074Z,pb1awn7unm6pv3rd9s0wzg4vje357dn3pn8ua530c,pb1rrwuxd65chqed6t0c5z8z505daw0rvsveyl0eq,,,,,,,,,,,,,2026-09-18T17:40:08.842491+00:00
scope1qr04m03n06x5pj4vt0aypgfgrejqcmxrl5,F47DA7E420EDF2902C818BFED1A1D2CDD42484ECE0EAAE6900D44C9395F5686B,2026-09-17T21:05:32.974146074Z,pb16j3hxhr0m56h9u9ptdtz2qpmtd7333f77h64m6,pb1rrwuxd65chqed6t0c5z8z505daw0rvsveyl0eq,,,,,,,,,,,,,2026-09-18T17:40:08.275127+00:00
scope1qr69xt306pjyzl9ce8mdk9em86ks9907wj,A35A1DC3E7C75C7A0351D6D13BEE5D0A01FB8C8562CC2471B49EAD9D4E584CA8,2026-09-17T21:05:32.974146074Z,pb134yg6h3g0vjq9ct2lpmx6sdxv3yuz942wrpxuu,pb1rrwuxd65chqed6t0c5z8z505daw0rvsveyl0eq,,,,,,,,,,,,,2026-09-18T17:40:07.715197+00:00
scope1qz3z35ddu7x5z65nns5vmx2tn38sn9c4t0,6F5E503C90EC1EDB0E2948F9402D0361B07AB3EC2ED920BABCF5749A5A004196,2026-09-17T21:05:28.674041921Z,pb13knswfs6ack05wveq5nua7jgc5jnld3zg8xl52,pb1rrwuxd65chqed6t0c5z8z505daw0rvsveyl0eq,,,,,,,,,,,,,2026-09-18T17:40:09.391271+00:00
scope1qphv4htf3tgymfumhfa3uvta9vaqde3ymy,5928890973D236EFC17D3978E098060F4E978CC85303E9EEDBACA4B97253C29C,2026-09-17T21:05:19.875598577Z,pb1yanv2m82r4j90len04gf8hftqgelhtu885ekw8,pb1rrwuxd65chqed6t0c5z8z505daw0rvsveyl0eq,,,,,,,,,,,,,2026-09-18T17:40:09.939803+00:00
scope1qp79yy92fv85ju54aq22fkp62m4sdp44d4,7C26F23BB774FC52F018B0D5407F1582AD0731A20AE924539670F3A68A203F55,2026-09-17T21:03:40.167068059Z,pb1kx5k0nr068xhxgcmnzzef9523cxdcexlm3r29w,pb1rrwuxd65chqed6t0c5z8z505daw0rvsveyl0eq,,,,,,,,,,,,,2026-09-18T17:40:10.505782+00:00
scope1qpyta9lvu8x50c5nnlhh5m7tnsnq8vm4cc,CC8B8770942D49BDBF43BFEBFAD7AE9B7B56AF71A0E30125AEEAAA6405C39058,2026-09-17T21:02:48.463549968Z,pb1xvd4k9jg5h0d4dhzr4z0txtwe9p5zxf58xcmxd,pb1rrwuxd65chqed6t0c5z8z505daw0rvsveyl0eq,,,,,,,,,,,,,2026-09-18T17:40:11.047601+00:00
scope1qzwlrt33ymfylddku0kghqw3952syn50jy,DD0A620ED5987C83FDE51AB45D5F9BD6D7FB26407F2E98E125C053854EC0B52C,2026-09-17T21:01:56.387063989Z,pb1h3cazsx4p6v3alf0ejuq68qge59k9r9pfrqzlr,pb1rrwuxd65chqed6t0c5z8z505daw0rvsveyl0eq,,,,,,,,,,,,,2026-09-18T17:40:11.616173+00:00
scope1qppwqf3nu7qy2kvg4szuuk82v5jqzpzh6m,040446EA479732EDB110BCE81A328F0A562C3D4B3DA33A5E76BC167E1620C12E,2026-09-17T21:01:26.449659597Z,pb13knswfs6ack05wveq5nua7jgc5jnld3zg8xl52,pb1rrwuxd65chqed6t0c5z8z505daw0rvsveyl0eq,,,,,,,,,,,,,2026-09-18T17:40:12.169048+00:00
scope1qqjgk4w5raxy4c49l5gp0lr236sslpdaqw,A323B247B2A55AF795B5A83C199756A1313FD37C0189ED5C388E3A39F0D9E8DC,2026-09-17T21:00:38.064412584Z,pb13knswfs6ack05wveq5nua7jgc5jnld3zg8xl52,pb1rrwuxd65chqed6t0c5z8z505daw0rvsveyl0eq,,,,,,,,,,,,,2026-09-18T17:40:12.772054+00:00
scope1qplpdn2puf7yhey5rwzzrkfxqssqd45fcj,F954C7772F10B5FF2D62EB7E5FC108BA41FE2E867117DEBF04360A17401D1560,2026-09-17T21:00:29.509948178Z,pb1xvd4k9jg5h0d4dhzr4z0txtwe9p5zxf58xcmxd,pb1rrwuxd65chqed6t0c5z8z505daw0rvsveyl0eq,,,,,,,,,,,,,2026-09-18T17:40:13.332653+00:00
scope1qr2qjlz4fd55ng944atf94j5xzdqzghsyw,F954C7772F10B5FF2D62EB7E5FC108BA41FE2E867117DEBF04360A17401D1560,2026-09-17T21:00:29.509948178Z,pb1xvd4k9jg5h0d4dhzr4z0txtwe9p5zxf58xcmxd,pb1rrwuxd65chqed6t0c5z8z505daw0rvsveyl0eq,,,,,,,,,,,,,2026-09-18T17:40:13.332583+00:00
scope1qrnkd656q30yan9fvke742d4etyshuuwev,471ACB016FCD463975FD9E21C3F9307EC7F14DB8076D1B5E66DDB5DDC8D060A4,2026-09-17T21:00:24.938190375Z,pb1589kxggzm5sd82dzre47zpp9wjnr4fr229srtj,pb1rrwuxd65chqed6t0c5z8z505daw0rvsveyl0eq,,,,,,,,,,,,,2026-09-18T17:40:13.882473+00:00
scope1qq0w3rg6u9t5a7953vp0hx0fccxq4l7vqm,BE8FA69A74B4BFDC861BA9103410C627A99F11932173C9A2AB0F086B1EA34FAB,2026-09-17T21:00:20.470202098Z,pb1fmxzuzx5c4ja50vu94nt0aessnuedzmppde8qr,pb1rrwuxd65chqed6t0c5z8z505daw0rvsveyl0eq,,,,,,,,,,,,,2026-09-18T17:40:14.978222+00:00
scope1qry99ppkgs05sh407h2y229njx5qjhwmf5,2641C313F7CF563949111E1C134167CF3EE0B835549044C3C78B5094AD7D7A25,2026-09-17T21:00:20.470202098Z,pb1xvd4k9jg5h0d4dhzr4z0txtwe9p5zxf58xcmxd,pb1rrwuxd65chqed6t0c5z8z505daw0rvsveyl0eq,,,,,,,,,,,,,2026-09-18T17:40:14.425243+00:00
scope1qpmk8sa5sq2yhpuvtmdtc4hxz6nqprs0j4,BEE1CA058F136D102C8D82C37AB928BAAA1466E0BFAA3100FAC284848159A5F4,2026-09-17T20:59:58.823747449Z,pb13knswfs6ack05wveq5nua7jgc5jnld3zg8xl52,pb1rrwuxd65chqed6t0c5z8z505daw0rvsveyl0eq,,,,,,,,,,,,,2026-09-18T17:40:15.540997+00:00
scope1qply0hzluu35cavmde7tkug3q8dszlk0rj,4269772F9AE0AE93E8082689C2B65E651CD1F086D7F44282222D1F52386EFDFE,2026-09-17T20:59:24.302157572Z,pb17e03lfm0sxjkf860l4n2j2h5yh4s9etq5l9laq,pb1rrwuxd65chqed6t0c5z8z505daw0rvsveyl0eq,,,,,,,,,,,,,2026-09-18T17:40:16.085238+00:00
scope1qqr572u7vag52gvm0mxdeyhkte6s2xs8fk,7D946B5AD72866FBF31806C0FAE103962F89260297C9D7D8AAD34A4E125A0FD8,2026-09-17T20:58:53.982620146Z,pb1xvd4k9jg5h0d4dhzr4z0txtwe9p5zxf58xcmxd,pb1rrwuxd65chqed6t0c5z8z505daw0rvsveyl0eq,,,,,,,,,,,,,2026-09-18T17:40:16.647032+00:00
scope1qp2rrfgkqnuyp2vxm7rl8dg236eqcpaxn8,A6503ACC7DC8240A4CBF16079F66A602E56A8D308FB29DC6F6517D9836C5B81A,2026-09-17T20:57:35.903503522Z,pb1v3uda8qgxv69tx6wclsp0jn4n8xxa5h7gpt2jp,pb1rrwuxd65chqed6t0c5z8z505daw0rvsveyl0eq,,,,,,,,,,,,,2026-09-18T17:40:17.190793+00:00
scope1qpq57gvszkvyl94wt3qacvnnpces3rr063,D21942572D4D233CD3D16C2F15457C2DD0DFCE5D6270639C1C1B5103328CC1B4,2026-09-17T20:57:05.733646578Z,pb1k38pa6rgnepcs592n4mvr3hxucw8tslprcmlvk,pb1rrwuxd65chqed6t0c5z8z505daw0rvsveyl0eq,,,,,,,,,,,,,2026-09-18T17:40:17.743691+00:00
scope1qz08660mjn35uqytllrz6mz2a9pqpu25df,FD3E92004E3A5BE9F7462D1DC4618C5818761557399E87AB243C30405E277A19,2026-09-17T20:56:13.208223976Z,pb1xvd4k9jg5h0d4dhzr4z0txtwe9p5zxf58xcmxd,pb1rrwuxd65chqed6t0c5z8z505daw0rvsveyl0eq,,,,,,,,,,,,,2026-09-18T17:40:18.307284+00:00
scope1qqw07yh3cvc5kt48l4q3fj2pn86shudytw,D43217CCBCBBD45ED307C0DE73D339F2BF2EEF26F90035C9FB0047F924B92C22,2026-09-17T20:55:34.445830978Z,pb13knswfs6ack05wveq5nua7jgc5jnld3zg8xl52,pb1rrwuxd65chqed6t0c5z8z505daw0rvsveyl0eq,,,,,,,,,,,,,2026-09-18T17:40:18.857542+00:00
scope1qz7g54f2r485qxvlatecu6jp90dsle5pcw,A9FEA75209419ECAE28CB06C8A08CDB9FFE91C09B7F272E74B3F03CB8612D31D,2026-09-17T20:55:30.066257468Z,pb17e03lfm0sxjkf860l4n2j2h5yh4s9etq5l9laq,pb1rrwuxd65chqed6t0c5z8z505daw0rvsveyl0eq,,,,,,,,,,,,,2026-09-18T17:40:19.392656+00:00
scope1qzvu2ehr3a3yrvuxfunxwss287mq5rqmhz,EF0EF3E9C52E502F6CBC1DF00CFE999D5067513FBC2B038F33ABF92FE54626B4,2026-09-17T20:55:25.561062464Z,pb13knswfs6ack05wveq5nua7jgc5jnld3zg8xl52,pb1rrwuxd65chqed6t0c5z8z505daw0rvsveyl0eq,,,,,,,,,,,,,2026-09-18T17:40:20.507537+00:00
scope1qpvnpdmnghmye057hcxp3jf5kqzsd0mlsk,0C13619944AD4B459E8D27C89D273C783F7C9911B670D56901F15CC1C5B3849C,2026-09-17T20:55:25.561062464Z,pb1awn7unm6pv3rd9s0wzg4vje357dn3pn8ua530c,pb1rrwuxd65chqed6t0c5z8z505daw0rvsveyl0eq,,,,,,,,,,,,,2026-09-18T17:40:19.953254+00:00
scope1qpe2gcna5wpy3w9vv4gzkunm6gmsl9wesl,76290C9129BA20B6DAF848B9D9A5142F353A6769FC8B590B9227D3D0F61B32B9,2026-09-17T20:54:51.335051876Z,pb1xvd4k9jg5h0d4dhzr4z0txtwe9p5zxf58xcmxd,pb1rrwuxd65chqed6t0c5z8z505daw0rvsveyl0eq,,,,,,,,,,,,,2026-09-18T17:40:21.045461+00:00
scope1qpykat5hljky4wvqnekwd2nsghpq86t5u9,D70A605237477630CD97438ACE8AAC2DE43A167BAEE4FDFF967981B7EFBF02E6,2026-09-17T20:54:25.292511868Z,pb1awn7unm6pv3rd9s0wzg4vje357dn3pn8ua530c,pb1rrwuxd65chqed6t0c5z8z505daw0rvsveyl0eq,,,,,,,,,,,,,2026-09-18T17:40:22.196875+00:00
scope1qrvg6fqxc4x57uuxntl8z7zkencq32gu4u,FEE667E47761441016833E4F655570AAE0A6CFBC55B7E5E0243BE574E0467452,2026-09-17T20:54:25.292511868Z,pb13knswfs6ack05wveq5nua7jgc5jnld3zg8xl52,pb1rrwuxd65chqed6t0c5z8z505daw0rvsveyl0eq,,,,,,,,,,,,,2026-09-18T17:40:21.650928+00:00
scope1qry4mhuwsx55m6d6cjkr3zfjxd0qxsd9lr,3AC23BD12857119451EE4E4732E221C246BAC7D13CD250F80870449303E270B5,2026-09-17T20:50:57.736330087Z,pb1kx5k0nr068xhxgcmnzzef9523cxdcexlm3r29w,pb1rrwuxd65chqed6t0c5z8z505daw0rvsveyl0eq,,,,,,,,,,,,,2026-09-18T17:40:22.744522+00:00
scope1qp99rrtvf0k50492jf6quq832yeqqcl6d6,F2DE550FD0F6EAB8CA009EEED8AD04EC3EE2874EA3F671DE2CCBF9A7BF224F49,2026-09-17T20:50:44.847971200Z,pb1kx5k0nr068xhxgcmnzzef9523cxdcexlm3r29w,pb1rrwuxd65chqed6t0c5z8z505daw0rvsveyl0eq,,,,,,,,,,,,,2026-09-18T17:40:23.851524+00:00
scope1qrs52xxjt5e5cyyje3845mgycr8q8p8e7q,66437403D468AA23D2E3C80FC928BC0AF3512650FA07C631C85ADEF8B400F436,2026-09-17T20:50:44.847971200Z,pb1awn7unm6pv3rd9s0wzg4vje357dn3pn8ua530c,pb1rrwuxd65chqed6t0c5z8z505daw0rvsveyl0eq,,,,,,,,,,,,,2026-09-18T17:40:23.304084+00:00
scope1qpmxm32pcnvylg9cnkluajecs8ys944gfu,6E915175AE83FFAD9425132CAF3EFE0AA30541CFA610AA850CDE6C5ED6EF86F2,2026-09-17T20:50:36.162616908Z,pb13knswfs6ack05wveq5nua7jgc5jnld3zg8xl52,pb1rrwuxd65chqed6t0c5z8z505daw0rvsveyl0eq,,,,,,,,,,,,,2026-09-18T17:40:25.504225+00:00
scope1qqlrsthj0nwycl59sxjuedux0h7qcp8k2p,B0AFF29CFB3D981D5FD060CB3BC85142506FCA5CC8102120DC43D5D68AF3B8C9,2026-09-17T20:50:36.162616908Z,pb1k38pa6rgnepcs592n4mvr3hxucw8tslprcmlvk,pb1rrwuxd65chqed6t0c5z8z505daw0rvsveyl0eq,,,,,,,,,,,,,2026-09-18T17:40:24.937553+00:00
scope1qrv49jwyxezy9q9sk52ujrmhtt4qw9xfty,475A51896E14E7BEB7183A6015F85DE06E087AA61069076CF065986428A5B421,2026-09-17T20:50:36.162616908Z,pb1xvd4k9jg5h0d4dhzr4z0txtwe9p5zxf58xcmxd,pb1rrwuxd65chqed6t0c5z8z505daw0rvsveyl0eq,,,,,,,,,,,,,2026-09-18T17:40:24.400611+00:00
scope1qpmgzxa9h995hfdv9x2fdujnzkhs4gnd7l,90E56A691AD9A8C234EDE82273B68C0F8E0647F0F7A03405D1D4F7DFF382646D,2026-09-17T20:50:18.476524294Z,pb1kx5k0nr068xhxgcmnzzef9523cxdcexlm3r29w,pb1rrwuxd65chqed6t0c5z8z505daw0rvsveyl0eq,,,,,,,,,,,,,2026-09-18T17:40:26.080050+00:00
scope1qzlrvghsk4m5p3y709jeh7sy3j6q29hm42,9B2EF1A606D43713B8A61508163E60491D6FF353DAE1BF6EE58E6C0255081ED1,2026-09-17T20:50:09.897863762Z,pb1awn7unm6pv3rd9s0wzg4vje357dn3pn8ua530c,pb1rrwuxd65chqed6t0c5z8z505daw0rvsveyl0eq,,,,,,,,,,,,,2026-09-18T17:40:26.620753+00:00
scope1qq7tku3y6wa500awzkpjq03vh2esysjjrz,CFF331AAD527DA6114339F022E6AAA4CA45C0110D271D5DD721E0AE1197BE04A,2026-09-17T20:50:05.531672213Z,pb1xvd4k9jg5h0d4dhzr4z0txtwe9p5zxf58xcmxd,pb1rrwuxd65chqed6t0c5z8z505daw0rvsveyl0eq,,,,,,,,,,,,,2026-09-18T17:40:27.178829+00:00
scope1qrsjqpw43mdygl4fmenc7jq8edhqaznhu7,B5CB751EDAE866228D3F163E360371AE255C3CBFFB6E3ABB4E9A56B4513EBC62,2026-09-17T20:48:38.521778908Z,pb1k38pa6rgnepcs592n4mvr3hxucw8tslprcmlvk,pb1rrwuxd65chqed6t0c5z8z505daw0rvsveyl0eq,,,,,,,,,,,,,2026-09-18T17:40:27.772179+00:00
scope1qrv2w5hljpyyty5g39zykdrtxp3qn3jpqq,D052DBDAC9F7CA2C42FC6323B535B57DF68FB29BE98A57E5EF217286BF9ED940,2026-09-17T20:47:38.285277100Z,pb13knswfs6ack05wveq5nua7jgc5jnld3zg8xl52,pb1rrwuxd65chqed6t0c5z8z505daw0rvsveyl0eq,,,,,,,,,,,,,2026-09-18T17:40:28.321411+00:00
scope1qz3az2g0z3dy2kvdqcfql3snkgfqn8g2xa,8E29AA5C2F87A1793E5D7AA1724A317E3B271271129BA0E4C1D9FCC11F7A163F,2026-09-17T20:47:16.664919311Z,pb1awn7unm6pv3rd9s0wzg4vje357dn3pn8ua530c,pb1rrwuxd65chqed6t0c5z8z505daw0rvsveyl0eq,,,,,,,,,,,,,2026-09-18T17:40:28.871269+00:00
scope1qp2ylfr5gjx55w5vdrcph25jztgs6lc5v9,E2431D74F73E4DFB217AB07AC0C2923E8AA4CC039696E42C8DF448FF1FE5B1E0,2026-09-17T20:46:20.256239608Z,pb1awn7unm6pv3rd9s0wzg4vje357dn3pn8ua530c,pb1rrwuxd65chqed6t0c5z8z505daw0rvsveyl0eq,,,,,,,,,,,,,2026-09-18T17:40:29.440365+00:00
scope1qpn0fgwfuftyhh9um09s7ur2ytvq696ps0,7A7624CDA9D761BED3DC3CC00EF9D5988F7741EE26A4578FA8A64443CA9F44D5,2026-09-17T20:45:50.009501955Z,pb1sdentsz7ymu9qv3rvyscnseqyj02z2dvrakywv,pb1rrwuxd65chqed6t0c5z8z505daw0rvsveyl0eq,,,,,,,,,,,,,2026-09-18T17:40:29.984053+00:00
scope1qrlf5awz89u58ra7f8qx5yyjn8mq7eprg3,95B108042598E63CCC33B9C0E8343F1F3D7A5C244AAC70E6F638F31E3688D88E,2026-09-17T20:45:45.695379160Z,pb13knswfs6ack05wveq5nua7jgc5jnld3zg8xl52,pb1rrwuxd65chqed6t0c5z8z505daw0rvsveyl0eq,,,,,,,,,,,,,2026-09-18T17:40:30.554748+00:00
scope1qzeax8hlv485q6d8aklgqpjnccfq3s520c,73F1E5B8ECA9ECA2346044E75134E81764CF451DE65BFEA294B2F0B6356FFC00,2026-09-17T20:45:41.267668824Z,pb10s99z88nk2daxs6yu2dm6us7fev94rjfu0gtvy,pb1rrwuxd65chqed6t0c5z8z505daw0rvsveyl0eq,,,,,,,,,,,,,2026-09-18T17:40:31.132504+00:00
scope1qrsw7ugyj0jyxf9d24gytj38f9kqjq3vah,EC75F23EF62D828F7C6DA3E576172829B459A9DAB5DCC4A135B9683840637FE9,2026-09-17T20:45:36.676936380Z,pb1awn7unm6pv3rd9s0wzg4vje357dn3pn8ua530c,pb1rrwuxd65chqed6t0c5z8z505daw0rvsveyl0eq,,,,,,,,,,,,,2026-09-18T17:40:31.727617+00:00
scope1qzvr6qml3npy56vl7jkp8y7y7jks278v8w,F687E1076A1512D8056ED80007939DEDE74C04397D4975D76EF67E9B5FC4B806,2026-09-17T20:45:23.827254441Z,pb16j3hxhr0m56h9u9ptdtz2qpmtd7333f77h64m6,pb1rrwuxd65chqed6t0c5z8z505daw0rvsveyl0eq,,,,,,,,,,,,,2026-09-18T17:40:46.115813+00:00
scope1qzhsfl8de965hea397almm6clses4uljhx,CE1DB74B1506CA3F17AA3385765E269095B5250E49313A849DD76C88EC914AD4,2026-09-17T20:45:23.827254441Z,pb1awn7unm6pv3rd9s0wzg4vje357dn3pn8ua530c,pb1rrwuxd65chqed6t0c5z8z505daw0rvsveyl0eq,,,,,,,,,,,,,2026-09-18T17:40:45.535909+00:00
scope1qqcrdqr4965ylf50ape2wxf0y0rsl4ca5s,905E56EBA9919DF95A13B1FBA7D9C00EFADA5E53D33164871AF44422E3B3DB72,2026-09-17T20:45:06.407191134Z,pb13knswfs6ack05wveq5nua7jgc5jnld3zg8xl52,pb1rrwuxd65chqed6t0c5z8z505daw0rvsveyl0eq,,,,,,,,,,,,,2026-09-18T17:40:46.688189+00:00
scope1qqwucflg8m4ysf4sttpwkljdnk8spxqkap,1A2521AE3F193314EA7C11CA23B692A17E0954801DD325AF589027FFC117A854,2026-09-17T20:44:55.820762852Z,pb1k38pa6rgnepcs592n4mvr3hxucw8tslprcmlvk,pb1rrwuxd65chqed6t0c5z8z505daw0rvsveyl0eq,,,,,,,,,,,,,2026-09-18T17:40:47.223030+00:00
scope1qrs7vwr87neyd543pg8vzh9m8dsqtvncka,DE9A9897FA9642C917DF7AE38F206EE9286B2A88EFC25AEEE3C57841EBC25DBF,2026-09-17T20:42:28.135583693Z,pb13knswfs6ack05wveq5nua7jgc5jnld3zg8xl52,pb1rrwuxd65chqed6t0c5z8z505daw0rvsveyl0eq,,,,,,,,,,,,,2026-09-18T17:40:47.784824+00:00
scope1qr2yxpxhtn05mva3qv2s5sgqkyeqv0r9pl,37A403F5BD79EA6DBB9CE61F914B71C2FEDEE31E8B2A3B1E4505E7AEB745E784,2026-09-17T20:42:23.893438465Z,pb1k38pa6rgnepcs592n4mvr3hxucw8tslprcmlvk,pb1rrwuxd65chqed6t0c5z8z505daw0rvsveyl0eq,,,,,,,,,,,,,2026-09-18T17:40:48.343427+00:00
scope1qzamkt772lgy929nsl7k0g5ysgcs7g777t,9164A5D9F4DC7A04DB4AF07FDEF6194E3FAEA65A7A42532A111795E2E8D507FF,2026-09-17T20:42:10.995696047Z,pb1k38pa6rgnepcs592n4mvr3hxucw8tslprcmlvk,pb1rrwuxd65chqed6t0c5z8z505daw0rvsveyl0eq,,,,,,,,,,,,,2026-09-18T17:40:48.898541+00:00
scope1qp64crvmrvjyzh5tn8c4y506wxnsjkdj3k,9EF3C67F4A1297DFBD44247B741EEF600C543837395D16D185242A61CF47BB81,2026-09-17T20:42:02.450228670Z,pb1kx5k0nr068xhxgcmnzzef9523cxdcexlm3r29w,pb1rrwuxd65chqed6t0c5z8z505daw0rvsveyl0eq,,,,,,,,,,,,,2026-09-18T17:40:49.466041+00:00
scope1qzknj2y7gpx5vrajyudk5yqq20vsdd3emd,0073972CBF3FEEEBA87E78EF317B8228AFE04EE62842ECC1A335C232F9651AF5,2026-09-17T20:41:14.809340894Z,pb1xvd4k9jg5h0d4dhzr4z0txtwe9p5zxf58xcmxd,pb1rrwuxd65chqed6t0c5z8z505daw0rvsveyl0eq,,,,,,,,,,,,,2026-09-18T17:40:50.019768+00:00
scope1qrypkvx3w2fytkuj2tld0m3qpdtqzxv2r7,ACDD91EF11EF89269C0E49DED5F27B2BC8AEF4F526AF706938E8233A8CBD3106,2026-09-17T20:40:40.170819977Z,pb1qjxvmds5pwjt3zursu967phrlf29ndtqr82r4e,pb1rrwuxd65chqed6t0c5z8z505daw0rvsveyl0eq,,,,,,,,,,,,,2026-09-18T17:40:50.581765+00:00
scope1qrdrwlz7qddydcym6w69l0cqr07q2dp7w8,B63826F8F734F73AA42A0CE89C76CDB4C8AE62855B489DC0FFC3AE352BDCC78B,2026-09-17T20:40:35.773795964Z,pb1xvd4k9jg5h0d4dhzr4z0txtwe9p5zxf58xcmxd,pb1rrwuxd65chqed6t0c5z8z505daw0rvsveyl0eq,,,,,,,,,,,,,2026-09-18T17:40:51.150110+00:00
scope1qqs352wgy7c5d69r7drzvfdgexxsawsajp,B63826F8F734F73AA42A0CE89C76CDB4C8AE62855B489DC0FFC3AE352BDCC78B,2026-09-17T20:40:35.773795964Z,pb1xvd4k9jg5h0d4dhzr4z0txtwe9p5zxf58xcmxd,pb1rrwuxd65chqed6t0c5z8z505daw0rvsveyl0eq,,,,,,,,,,,,,2026-09-18T17:40:51.150011+00:00
scope1qrt6scend94ynm9t8lum402mjmmsclt9j4,0F358A606103518D639713391CB76D144A1DEB82428D0DE20AED922FE6F11B72,2026-09-17T20:40:27.012370013Z,pb17e03lfm0sxjkf860l4n2j2h5yh4s9etq5l9laq,pb1rrwuxd65chqed6t0c5z8z505daw0rvsveyl0eq,,,,,,,,,,,,,2026-09-18T17:40:51.714388+00:00
scope1qq9w40nlznn5djyh3w4yvhy8k5csncwa57,9218DF059C5C00C96AD2AB6C435454238150C3D15159B6121BE2DB9A39B95D00,2026-09-17T20:40:18.408280573Z,pb1v3uda8qgxv69tx6wclsp0jn4n8xxa5h7gpt2jp,pb1rrwuxd65chqed6t0c5z8z505daw0rvsveyl0eq,,,,,,,,,,,,,2026-09-18T17:40:52.280988+00:00
scope1qq8k4rlg62xyyhaqxqs4xeck5qjqrd2alg,1D4AC30EA97005FD3155E97BF7294055B22A861DB53B2B9B8507094E5AC84500,2026-09-17T20:39:56.640562955Z,pb1xvd4k9jg5h0d4dhzr4z0txtwe9p5zxf58xcmxd,pb1rrwuxd65chqed6t0c5z8z505daw0rvsveyl0eq,,,,,,,,,,,,,2026-09-18T17:40:53.084236+00:00
scope1qp2vu8w2mvmy4gvuj39c30edpfdskgsq3v,55FABB0489B5CDAB4145E485857A0F1FA93A7F15BB4CCD07863D0E406F14BE39,2026-09-17T20:39:04.292968631Z,pb1fmxzuzx5c4ja50vu94nt0aessnuedzmppde8qr,pb1rrwuxd65chqed6t0c5z8z505daw0rvsveyl0eq,,,,,,,,,,,,,2026-09-18T17:40:53.676671+00:00
scope1qrvh5wgvsl7yt355cmq06ke9fk8swf3uvv,BE61780F173FBAB41BD4D87F7ADEB6CCEFD55FCAA13A115E274DE64016C62B61,2026-09-17T20:37:33.581741819Z,pb1xvd4k9jg5h0d4dhzr4z0txtwe9p5zxf58xcmxd,pb1rrwuxd65chqed6t0c5z8z505daw0rvsveyl0eq,,,,,,,,,,,,,2026-09-18T17:40:54.223785+00:00
scope1qp576gh04qgycjdqyylfkt5anx2qwvwmwp,C4F960C0563A64FA61FE1743F8A157010A460FCDD2B1B609221BB32A65CA4EDE,2026-09-17T20:37:16.312942441Z,pb1xvd4k9jg5h0d4dhzr4z0txtwe9p5zxf58xcmxd,pb1rrwuxd65chqed6t0c5z8z505daw0rvsveyl0eq,,,,,,,,,,,,,2026-09-18T17:40:54.776455+00:00
scope1qznppmkql8t5pg5tcwx2tpkp73ns2hd3uy,739E4F1791F28AB1D8CF0AA282EDF0E61FA380207E903E097C54FFE796D6DADD,2026-09-17T20:36:24.092688932Z,pb1v3uda8qgxv69tx6wclsp0jn4n8xxa5h7gpt2jp,pb1rrwuxd65chqed6t0c5z8z505daw0rvsveyl0eq,,,,,,,,,,,,,2026-09-18T17:40:55.328256+00:00
scope1qr0jjkm045qyykafrat6tkws5d3s4gw629,2A625FEA91513FAE206C501BD2F58ABE59AA4034B3AD3EABB5D17AA03BAA15BE,2026-09-17T20:35:57.945533819Z,pb1k38pa6rgnepcs592n4mvr3hxucw8tslprcmlvk,pb1rrwuxd65chqed6t0c5z8z505daw0rvsveyl0eq,,,,,,,,,,,,,2026-09-18T17:40:55.870761+00:00
scope1qrmla6y88jx5n4v8yflduuy3epnqxlt7wg,03641AECB2BF992934D817FCB59BFEA5649D2B8EC85ABC85CCC84461CDC35D0C,2026-09-17T20:35:36.046943476Z,pb1q4ffj426hu5fj0h7muy2h7hj6sqmqe7vz67245,pb1rrwuxd65chqed6t0c5z8z505daw0rvsveyl0eq,,,,,,,,,,,,,2026-09-18T17:40:56.990807+00:00
scope1qp3fjlrhkkzyuz52lhe9d6c5380shef9ge,28EE53907C00C4BFA271FC547C68A094E40F8C6C846997F168CE2F229D07AC01,2026-09-17T20:35:36.046943476Z,pb13knswfs6ack05wveq5nua7jgc5jnld3zg8xl52,pb1rrwuxd65chqed6t0c5z8z505daw0rvsveyl0eq,,,,,,,,,,,,,2026-09-18T17:40:56.432761+00:00
scope1qrnfk097espyra4s5dltwvun797qgeme46,28EE53907C00C4BFA271FC547C68A094E40F8C6C846997F168CE2F229D07AC01,2026-09-17T20:35:36.046943476Z,pb13knswfs6ack05wveq5nua7jgc5jnld3zg8xl52,pb1rrwuxd65chqed6t0c5z8z505daw0rvsveyl0eq,,,,,,,,,,,,,2026-09-18T17:40:56.432693+00:00
scope1qrvken385mjyfqaqs7upaqm7xu3qezjhga,CB26FDB81CD1C141787520A1ECF4779493483657C885A0CFAD31A921404EE327,2026-09-17T20:35:31.659601887Z,pb1xvd4k9jg5h0d4dhzr4z0txtwe9p5zxf58xcmxd,pb1rrwuxd65chqed6t0c5z8z505daw0rvsveyl0eq,,,,,,,,,,,,,2026-09-18T17:40:57.538494+00:00
scope1qr6qc8e4cfsy4y5n0sjzy7vkqq7q2e4quk,206BFA898158E2F61084042DBDFA5AEE9A0CB2DA7300C8AFDE215D27AA03E3D4,2026-09-17T20:35:27.061292654Z,pb1kx5k0nr068xhxgcmnzzef9523cxdcexlm3r29w,pb1rrwuxd65chqed6t0c5z8z505daw0rvsveyl0eq,,,,,,,,,,,,,2026-09-18T17:40:58.076595+00:00
scope1qqndj7uxasl59y93dph3tnsvun6q7t5q5y,430CD86E41F054107B65922FA6DA3C455D9C0B2DC6A5FE277E8773C7100F31DA,2026-09-17T20:35:22.761702521Z,pb1589kxggzm5sd82dzre47zpp9wjnr4fr229srtj,pb1rrwuxd65chqed6t0c5z8z505daw0rvsveyl0eq,,,,,,,,,,,,,2026-09-18T17:40:58.618024+00:00
scope1qz8x97tsqw8589y9arrcw6fne2jsdqhcc2,CEE65D13812431465A3FF0F90F88E7D993EFF7A09C93B01257DB05EB53515923,2026-09-17T20:33:00.431795978Z,pb1awn7unm6pv3rd9s0wzg4vje357dn3pn8ua530c,pb1rrwuxd65chqed6t0c5z8z505daw0rvsveyl0eq,,,,,,,,,,,,,2026-09-18T17:40:59.168533+00:00
scope1qzr3xdc80zs54pu6ledcftgy4pwqf2kct9,7CC81B5891A168C25DA0516F3939E4A8746E08DD5293CB33731C91518286CFF3,2026-09-17T20:32:47.411316405Z,pb1xvd4k9jg5h0d4dhzr4z0txtwe9p5zxf58xcmxd,pb1rrwuxd65chqed6t0c5z8z505daw0rvsveyl0eq,,,,,,,,,,,,,2026-09-18T17:40:59.723740+00:00
scope1qq3gwcyvvqyyc69az694w70hr9eq8hk8fx,CAC107D97D26E92FEB734E9632E7AAB8256908BF3926D5F57F1308517170F89C,2026-09-17T20:32:08.568404143Z,pb13knswfs6ack05wveq5nua7jgc5jnld3zg8xl52,pb1rrwuxd65chqed6t0c5z8z505daw0rvsveyl0eq,,,,,,,,,,,,,2026-09-18T17:41:00.267040+00:00
scope1qrxc8flsx3t5tadlmndm5204zftsy27v6h,7CDDA1524FFA57B05B09C4B2659E8BCBFC929A857C409BD506E1CAF453194F66,2026-09-17T20:30:42.215817939Z,pb1k38pa6rgnepcs592n4mvr3hxucw8tslprcmlvk,pb1rrwuxd65chqed6t0c5z8z505daw0rvsveyl0eq,,,,,,,,,,,,,2026-09-18T17:41:00.818749+00:00
scope1qzm333vc5k4yf3y3lmq7wm4wnvgsxe6t34,A9D5039C94679DEA378BC20D4C6E4C851F3ACFA9EFB1784F32A7441C14D36E3A,2026-09-17T20:30:37.624330642Z,pb13knswfs6ack05wveq5nua7jgc5jnld3zg8xl52,pb1rrwuxd65chqed6t0c5z8z505daw0rvsveyl0eq,,,,,,,,,,,,,2026-09-18T17:41:01.374298+00:00
scope1qrex6vzmfcsygvuk9thjvwdhgxuqadtphs,A4F12E81962A1A15259D6817C2141C5F967A19C55C1263E24297F06FB853CAC0,2026-09-17T20:30:33.205430968Z,pb1xvd4k9jg5h0d4dhzr4z0txtwe9p5zxf58xcmxd,pb1rrwuxd65chqed6t0c5z8z505daw0rvsveyl0eq,,,,,,,,,,,,,2026-09-18T17:41:03.015891+00:00
scope1qq32lt0ggyh5zjdnfw2p22n6r64s0cqlze,8D672CF8AD6A7921A8A08EC4545C2FE0663956B7CD11DC3428E5C2E2FFFAE5C1,2026-09-17T20:30:33.205430968Z,pb13knswfs6ack05wveq5nua7jgc5jnld3zg8xl52,pb1rrwuxd65chqed6t0c5z8z505daw0rvsveyl0eq,,,,,,,,,,,,,2026-09-18T17:41:02.464950+00:00
scope1qpuslu3kgqeynj9rncdryukak5zqj9n9cq,51F3F92A1D862F3D120C33B4A8DE750491B0668551CDB3BEC596ECF1CDE795A2,2026-09-17T20:30:33.205430968Z,pb1kx5k0nr068xhxgcmnzzef9523cxdcexlm3r29w,pb1rrwuxd65chqed6t0c5z8z505daw0rvsveyl0eq,,,,,,,,,,,,,2026-09-18T17:41:01.918187+00:00
scope1qrmzd94sq055px5e9yspufhe2q5qfx09g7,491FA70D275E47A5E8041B32CD322C673BB940C821C2D1C749839DEDE442BE3F,2026-09-17T20:29:32.103424171Z,pb1xvd4k9jg5h0d4dhzr4z0txtwe9p5zxf58xcmxd,pb1rrwuxd65chqed6t0c5z8z505daw0rvsveyl0eq,,,,,,,,,,,,,2026-09-18T17:41:03.569197+00:00
scope1qpec0eh2uze534uf3c36t0ek26ksa0a9zm,3F4A8195EDADC21E62EC6478634C6C6D12E10DE2FC974B66276FA40DA3468A5E,2026-09-17T20:28:48.539958533Z,pb1xvd4k9jg5h0d4dhzr4z0txtwe9p5zxf58xcmxd,pb1rrwuxd65chqed6t0c5z8z505daw0rvsveyl0eq,,,,,,,,,,,,,2026-09-18T17:41:04.117500+00:00
scope1qqg38zhwxp7yl2akspm6chwf4xdqlde6qz,B2945D119E9E20B025FC4DE8AC0E090D4F54D888DE08EFB857CE101ACCEE42F7,2026-09-17T20:28:44.226432822Z,pb1xvd4k9jg5h0d4dhzr4z0txtwe9p5zxf58xcmxd,pb1rrwuxd65chqed6t0c5z8z505daw0rvsveyl0eq,,,,,,,,,,,,,2026-09-18T17:41:04.664559+00:00
scope1qqjmsnnl958ynd9kpvuue5rwz4xqdyq6ay,63EC843904D082A9DE0F7A5DE7D28B5D18050D6DC32823E588BB76053E6C0885,2026-09-17T20:28:39.973097667Z,pb1xvd4k9jg5h0d4dhzr4z0txtwe9p5zxf58xcmxd,pb1rrwuxd65chqed6t0c5z8z505daw0rvsveyl0eq,,,,,,,,,,,,,2026-09-18T17:41:05.215672+00:00
scope1qrar3evxp63yhfd7ux5xu6ke2lwq603w5p,6DD983478DB5D79EB787A0B8F0ACB8D105AF82C9D3CD51F5F6EB517258578DB1,2026-09-17T20:28:22.822738238Z,pb1xvd4k9jg5h0d4dhzr4z0txtwe9p5zxf58xcmxd,pb1rrwuxd65chqed6t0c5z8z505daw0rvsveyl0eq,,,,,,,,,,,,,2026-09-18T17:41:05.769997+00:00
scope1qp7a3shlvkl5vt5u0nvymux3nynqxkwqmh,4C91D9A12D9DC055DCD3EADD2EB16A170619A0446BAD222C5FB02436C0918634,2026-09-17T20:27:56.762618618Z,pb14ep8k6jtc338c00t9khyrydpw7vywagdzqntwz,pb1rrwuxd65chqed6t0c5z8z505daw0rvsveyl0eq,,,,,,,,,,,,,2026-09-18T17:41:06.323698+00:00
scope1qpmfz2uvwmqym34xcakngxtavkhqqzwc55,50CF72C695275359E4470F688AAB3BE340D4616C1AF48CD5D3E11929CF37AB6F,2026-09-17T20:25:50.212287928Z,pb13knswfs6ack05wveq5nua7jgc5jnld3zg8xl52,pb1rrwuxd65chqed6t0c5z8z505daw0rvsveyl0eq,,,,,,,,,,,,,2026-09-18T17:41:06.892759+00:00
scope1qzmmq4w8cph5lyu4g5swpvln3zuq7ugp4n,09DE2F8082E745D93AC01F1BA40EC9189F4CDF43BF36A6726E97097A33E6C655,2026-09-17T20:25:32.614457510Z,pb1xvd4k9jg5h0d4dhzr4z0txtwe9p5zxf58xcmxd,pb1rrwuxd65chqed6t0c5z8z505daw0rvsveyl0eq,,,,,,,,,,,,,2026-09-18T17:41:07.463766+00:00
scope1qqa6l7n08xgye2y8rt8lf32yrc8s7wgt0k,CE48CB28DFCB5DF78DA21C32677635F99ABA1C3886FE33D5081711C41E3C3FFC,2026-09-17T20:25:28.153798098Z,pb1fmxzuzx5c4ja50vu94nt0aessnuedzmppde8qr,pb1rrwuxd65chqed6t0c5z8z505daw0rvsveyl0eq,,,,,,,,,,,,,2026-09-18T17:41:08.020918+00:00
scope1qqtdhjqxnfp5c94vfmvpyeu9ja3ql3q6q8,7B6AEE5CB8065334468BA51A868819C79A670D9439930F5625D44A64A31B1A49,2026-09-17T20:25:23.827205042Z,pb17e03lfm0sxjkf860l4n2j2h5yh4s9etq5l9laq,pb1rrwuxd65chqed6t0c5z8z505daw0rvsveyl0eq,,,,,,,,,,,,,2026-09-18T17:41:08.591684+00:00
scope1qzs4p368kq5y30v33aw3zfhmy8dsjktgan,855902A4EC02A2DD088E6835FDA0455FF69A4919888A08F102E722CBE111E327,2026-09-17T20:24:10.038400596Z,pb13knswfs6ack05wveq5nua7jgc5jnld3zg8xl52,pb1rrwuxd65chqed6t0c5z8z505daw0rvsveyl0eq,,,,,,,,,,,,,2026-09-18T17:41:09.139259+00:00
scope1qrmmwrg6h40y60dfvqmclc2yglvqfrgeg5,14E3E65D64461818B3A0AF1068CEAFF55806E1315B0DD3C6CB4B0F05F7DCB8B8,2026-09-17T20:23:13.998475170Z,pb1xvd4k9jg5h0d4dhzr4z0txtwe9p5zxf58xcmxd,pb1rrwuxd65chqed6t0c5z8z505daw0rvsveyl0eq,,,,,,,,,,,,,2026-09-18T17:41:09.686155+00:00
scope1qpdrst88qulyt2va238ud6mqzspqrgvkqp,9AE61EFCF63A352585B98328D548DE01F14F26C6AF401984CFA8350201E7A718,2026-09-17T20:22:04.601720784Z,pb1xvd4k9jg5h0d4dhzr4z0txtwe9p5zxf58xcmxd,pb1rrwuxd65chqed6t0c5z8z505daw0rvsveyl0eq,,,,,,,,,,,,,2026-09-18T17:41:10.244834+00:00
scope1qpempxeaw075aqyvh259nw7lsw8qjr9elw,F0E9BB8AB500B4EC20B8B0E28B586726F99F15DDBD5046887F88D68E5FC79B75,2026-09-17T20:21:21.546118421Z,pb1xvd4k9jg5h0d4dhzr4z0txtwe9p5zxf58xcmxd,pb1rrwuxd65chqed6t0c5z8z505daw0rvsveyl0eq,,,,,,,,,,,,,2026-09-18T17:41:10.813726+00:00
scope1qq8r4nz5887y9l4w5fys3fsqkens0lwkfa,60E00948930AFAD288B6DE620D3F035A8A47BFB1584BBF666D9CC03FAC3C28EE,2026-09-17T20:20:38.169607150Z,pb1xvd4k9jg5h0d4dhzr4z0txtwe9p5zxf58xcmxd,pb1rrwuxd65chqed6t0c5z8z505daw0rvsveyl0eq,,,,,,,,,,,,,2026-09-18T17:41:11.366591+00:00
scope1qrj34yn89a3yjcvlw72anllmd2fsafjsgu,F61C3D867ACCC9C22885E23DA5249E101CEEB36F448B99FBCB8C9494D43EE914,2026-09-17T20:20:29.443673647Z,pb1xvd4k9jg5h0d4dhzr4z0txtwe9p5zxf58xcmxd,pb1rrwuxd65chqed6t0c5z8z505daw0rvsveyl0eq,,,,,,,,,,,,,2026-09-18T17:41:11.908145+00:00
scope1qzz6vt9ef7750naz20czkc7gnansrqya3a,C6D00C6D8DE2AC792C9D170644B41404932286CB5A94B4D132E03C33FAF0F630,2026-09-17T20:20:24.887660957Z,pb1xvd4k9jg5h0d4dhzr4z0txtwe9p5zxf58xcmxd,pb1rrwuxd65chqed6t0c5z8z505daw0rvsveyl0eq,,,,,,,,,,,,,2026-09-18T17:41:12.446581+00:00
scope1qzhg87hdxm25hgyvcfpwh3gvktess4uxnn,94F20EEDA9079AEC0601A4015FC8C476BC600EB3471B36B50E64C9FEA67F4BF5,2026-09-17T20:19:54.734484255Z,pb1xvd4k9jg5h0d4dhzr4z0txtwe9p5zxf58xcmxd,pb1rrwuxd65chqed6t0c5z8z505daw0rvsveyl0eq,,,,,,,,,,,,,2026-09-18T17:41:12.989198+00:00
scope1qqphxfml8reyvv42xv090v4axves48kh8g,D446A5209A861755B1593130934A595F2C2CFA7E5D6F7B188D3B6B9C6A3D4F6B,2026-09-17T20:19:37.676898653Z,pb10s99z88nk2daxs6yu2dm6us7fev94rjfu0gtvy,pb1rrwuxd65chqed6t0c5z8z505daw0rvsveyl0eq,,,,,,,,,,,,,2026-09-18T17:41:13.538851+00:00
scope1qzg098g9ymp5h7a8t9f295ycd3vqeljwuj,CBD05E0372352D84F2CF6CD42FDE78C4F40FF104D90BC7DCA71B19AD1FB4FDCF,2026-09-17T20:16:57.331834543Z,pb1kx5k0nr068xhxgcmnzzef9523cxdcexlm3r29w,pb1rrwuxd65chqed6t0c5z8z505daw0rvsveyl0eq,,,,,,,,,,,,,2026-09-18T17:41:14.087502+00:00
scope1qzwf9za0yks5ksy9z2jxy0mvg4ysjpev5c,05F568EC2BAC90DBEB471630C5301CE421421D16FE8AD0CAC8BDDFC842682320,2026-09-17T20:16:27.391230689Z,pb13knswfs6ack05wveq5nua7jgc5jnld3zg8xl52,pb1rrwuxd65chqed6t0c5z8z505daw0rvsveyl0eq,,,,,,,,,,,,,2026-09-18T17:41:14.635165+00:00
scope1qqz582tw3ve5yha5z6am9myafvkqw7mv37,E8C0A069BF3F4A94F2E66AB6EDEC6677F821237B3BFD561EA33768D459413C79,2026-09-17T20:15:52.313385394Z,pb1fmxzuzx5c4ja50vu94nt0aessnuedzmppde8qr,pb1rrwuxd65chqed6t0c5z8z505daw0rvsveyl0eq,,,,,,,,,,,,,2026-09-18T17:41:15.173278+00:00
scope1qqhgs5zc8m65fqywrszcrm0d484sc8p04h,644D40F7435A978858AA68B878CBFD3F34C89BA0A2B1827D012402043BDF0050,2026-09-17T20:15:34.614218596Z,pb1kx5k0nr068xhxgcmnzzef9523cxdcexlm3r29w,pb1rrwuxd65chqed6t0c5z8z505daw0rvsveyl0eq,,,,,,,,,,,,,2026-09-18T17:41:15.727272+00:00
scope1qpmjftngs5aygm97jcmzxr58cysqkdga3l,13CF6F607F4C1DF4F131CD261703EE241BA7FF331EF7C8146792E0EAAB59A690,2026-09-17T20:15:30.198864329Z,pb1xvd4k9jg5h0d4dhzr4z0txtwe9p5zxf58xcmxd,pb1rrwuxd65chqed6t0c5z8z505daw0rvsveyl0eq,,,,,,,,,,,,,2026-09-18T17:41:16.279579+00:00
scope1qr7phw74pjdy3w9j46vxlge2fkpqxxfmtf,A7E60ABFE8E5E1494073DA3068CEE201A73069C3E40D41B00CD54C346ADAB2DF,2026-09-17T20:15:25.871565475Z,pb13knswfs6ack05wveq5nua7jgc5jnld3zg8xl52,pb1rrwuxd65chqed6t0c5z8z505daw0rvsveyl0eq,,,,,,,,,,,,,2026-09-18T17:41:17.381741+00:00
scope1qp8ch382dsay6ndx6r2u70rukm5szx5z83,B393524C4EC7E71B669B7BB2164142DDA750BA384FAC8FC1D429DF9DC3AD0FF1,2026-09-17T20:15:25.871565475Z,pb1xvd4k9jg5h0d4dhzr4z0txtwe9p5zxf58xcmxd,pb1rrwuxd65chqed6t0c5z8z505daw0rvsveyl0eq,,,,,,,,,,,,,2026-09-18T17:41:16.834141+00:00
scope1qrqu50tny8uynlvg4fxwskh0zy7s324lck,6E34E5D28E1CA1A7B4355F429108D5D4E041F11E63C554A0D83E06E4F5A0467E,2026-09-17T20:15:17.233984641Z,pb13knswfs6ack05wveq5nua7jgc5jnld3zg8xl52,pb1rrwuxd65chqed6t0c5z8z505daw0rvsveyl0eq,,,,,,,,,,,,,2026-09-18T17:41:17.930880+00:00
scope1qqmnky779s2y7a96jzseu3upmxkst4k9r4,BE3318C350DFD413F1A9086B2437D8289F2547BE9D15CB1D88056F07AD3A622D,2026-09-17T20:13:51.123308325Z,pb1xvd4k9jg5h0d4dhzr4z0txtwe9p5zxf58xcmxd,pb1rrwuxd65chqed6t0c5z8z505daw0rvsveyl0eq,,,,,,,,,,,,,2026-09-18T17:41:18.484674+00:00
scope1qq6yzvrpaku59w5kn85sczl0ykzq298ex8,CDFE5C045562EFBFE6CFE72BBD0AF0E89D79F201E9D365FE5EF64205D8735E44,2026-09-17T20:13:25.049008595Z,pb1kx5k0nr068xhxgcmnzzef9523cxdcexlm3r29w,pb1rrwuxd65chqed6t0c5z8z505daw0rvsveyl0eq,,,,,,,,,,,,,2026-09-18T17:41:19.038931+00:00
scope1qqeqf4jak0kyv2yp50mxkyrtkd3qzv2s3h,6204CA56446CBCC0DDB3E828042CB9864075925F5E3C8C55FC8A0CFB48194E87,2026-09-17T20:11:23.532267202Z,pb1xvd4k9jg5h0d4dhzr4z0txtwe9p5zxf58xcmxd,pb1rrwuxd65chqed6t0c5z8z505daw0rvsveyl0eq,,,,,,,,,,,,,2026-09-18T17:41:19.592618+00:00
scope1qzafuts4txmyp54mpgxwydxw2dfqqnjq9x,973084673BBB2A950734DE3845FA6890D93BF0B8A98581428775C9FBCF18B469,2026-09-17T20:10:57.387641947Z,pb1xvd4k9jg5h0d4dhzr4z0txtwe9p5zxf58xcmxd,pb1rrwuxd65chqed6t0c5z8z505daw0rvsveyl0eq,,,,,,,,,,,,,2026-09-18T17:41:20.148087+00:00
scope1qzulu3arltvy6v9u7mtvn7j5r3eqvkq5xx,58BC5EA4B82AEDF84630D91FAF989906A706C94312B0B895B032A713C7885B4B,2026-09-17T20:10:52.992212223Z,pb16j3hxhr0m56h9u9ptdtz2qpmtd7333f77h64m6,pb1rrwuxd65chqed6t0c5z8z505daw0rvsveyl0eq,,,,,,,,,,,,,2026-09-18T17:41:20.704347+00:00
scope1qqwhaee363ay6y40ahwymtgyd5wq3krn7p,35FB8A8E2844548C3F0B1806834AD0D9340A7E353A996A96ED441F5718700199,2026-09-17T20:10:48.692352334Z,pb1awn7unm6pv3rd9s0wzg4vje357dn3pn8ua530c,pb1rrwuxd65chqed6t0c5z8z505daw0rvsveyl0eq,,,,,,,,,,,,,2026-09-18T17:41:21.793203+00:00
scope1qpj4n6yz4365j4alvkjmph2h28nqzsx09v,D766491CAF815A5A22EB0C11B4C087821B23AD3831AD4C8562DCD0EBFDF3D841,2026-09-17T20:10:48.692352334Z,pb14ep8k6jtc338c00t9khyrydpw7vywagdzqntwz,pb1rrwuxd65chqed6t0c5z8z505daw0rvsveyl0eq,,,,,,,,,,,,,2026-09-18T17:41:21.249061+00:00
scope1qr3rg2gxz0zyzdugzjlva0k0rkpsu6kxe6,B00DC4DF50B30B40F243D4A70BF9FE618EB3C0C10023D9E32F8169CF0B1DC793,2026-09-17T20:10:40.014371138Z,pb1xvd4k9jg5h0d4dhzr4z0txtwe9p5zxf58xcmxd,pb1rrwuxd65chqed6t0c5z8z505daw0rvsveyl0eq,,,,,,,,,,,,,2026-09-18T17:41:22.900099+00:00
scope1qpxj3y4cwal5ju9m3jfdna0m8jcsty40gw,DEBFE91715382C4F69480591AE866B18EB1CA8D935FC279CECDD634FA21EE06F,2026-09-17T20:10:40.014371138Z,pb14ep8k6jtc338c00t9khyrydpw7vywagdzqntwz,pb1rrwuxd65chqed6t0c5z8z505daw0rvsveyl0eq,,,,,,,,,,,,,2026-09-18T17:41:22.350918+00:00
scope1qr6e7u4fe4ky9su67kvg8gn7vvuq444jlh,A31377FFEEA085702424F1012D6B711C2FC18E69033D82B8C904962857445364,2026-09-17T20:10:35.676310655Z,pb1awn7unm6pv3rd9s0wzg4vje357dn3pn8ua530c,pb1rrwuxd65chqed6t0c5z8z505daw0rvsveyl0eq,,,,,,,,,,,,,2026-09-18T17:41:23.456042+00:00
scope1qp2er7xzlu8ylm59a6lwkqp2xtmsh7p5n5,E3B03A5385470CE4A267FC422557FAE22CC64E6BD2E0F971E943185A6A5F8F02,2026-09-17T20:10:30.972847499Z,pb1xvd4k9jg5h0d4dhzr4z0txtwe9p5zxf58xcmxd,pb1rrwuxd65chqed6t0c5z8z505daw0rvsveyl0eq,,,,,,,,,,,,,2026-09-18T17:41:24.570989+00:00
scope1qzy67d0e2wp5l349w7krhxnk7rxs09ldyd,CB68D8E19D120812ECE2B9AE864CCD2A21C1492557AA762FA9B5D957E9F1D475,2026-09-17T20:10:30.972847499Z,pb1awn7unm6pv3rd9s0wzg4vje357dn3pn8ua530c,pb1rrwuxd65chqed6t0c5z8z505daw0rvsveyl0eq,,,,,,,,,,,,,2026-09-18T17:41:24.013930+00:00
scope1qpk0wgfakwlycu4wcqnend00mwvsefkp7f,C2D6ACF4C8E052C79D9BC6F37B90089F278115244F60AED8645B5368B8ED0FC0,2026-09-17T20:10:26.651814045Z,pb13knswfs6ack05wveq5nua7jgc5jnld3zg8xl52,pb1rrwuxd65chqed6t0c5z8z505daw0rvsveyl0eq,,,,,,,,,,,,,2026-09-18T17:41:25.112431+00:00
scope1qqf9cfttlsv5zh5ftucaa9jvsypskf4ju4,1F70C56EBDE5C10B5F9E98A27B4139C0035400ACD292C10CE7B42BB30CB44AEA,2026-09-17T20:08:33.936063124Z,pb13knswfs6ack05wveq5nua7jgc5jnld3zg8xl52,pb1rrwuxd65chqed6t0c5z8z505daw0rvsveyl0eq,,,,,,,,,,,,,2026-09-18T17:41:25.668549+00:00
scope1qrnnhze377zypn9f8n64ankfzkpsw8tady,A58705607DFCE63FA7017CC191036446E07E9B5958E7E99C0A3DF5C690F5DD4E,2026-09-17T20:07:19.941503580Z,pb13knswfs6ack05wveq5nua7jgc5jnld3zg8xl52,pb1rrwuxd65chqed6t0c5z8z505daw0rvsveyl0eq,,,,,,,,,,,,,2026-09-18T17:41:26.240862+00:00
scope1qpf6539zfkgyfl4ert55p2lk3lqqtqtcnu,6E5C2A8ED4E7F80637C0147C1F8975DF584671585DA077F4B6FFA278AF862857,2026-09-17T20:07:07.102861219Z,pb1xvd4k9jg5h0d4dhzr4z0txtwe9p5zxf58xcmxd,pb1rrwuxd65chqed6t0c5z8z505daw0rvsveyl0eq,,,,,,,,,,,,,2026-09-18T17:41:26.781549+00:00
scope1qz4dchvg7t759jufw6ls7vv088ase38847,D928321E25CDB66BDC9F575552A61F7FB2DECF2A833622C7341ADEA879AFD7AC,2026-09-17T20:05:35.958838909Z,pb1kx5k0nr068xhxgcmnzzef9523cxdcexlm3r29w,pb1rrwuxd65chqed6t0c5z8z505daw0rvsveyl0eq,,,,,,,,,,,,,2026-09-18T17:41:27.334664+00:00
scope1qqts4nz7tndyuzahavnsgjm37l7qxcs6x0,C255CA02E15D6EF9EF54828E8035FC5F3A19D49D488581FC29D0CFB500036AA8,2026-09-17T20:05:23.067279679Z,pb1awn7unm6pv3rd9s0wzg4vje357dn3pn8ua530c,pb1rrwuxd65chqed6t0c5z8z505daw0rvsveyl0eq,,,,,,,,,,,,,2026-09-18T17:41:28.437601+00:00
scope1qr8scwqdlu6ymwyklna952rghrvsrwv40y,D7DC1CAE397044BF657E2A7A178BC1A034555BF296FEE058F833D65D8DA7BCBE,2026-09-17T20:05:23.067279679Z,pb13knswfs6ack05wveq5nua7jgc5jnld3zg8xl52,pb1rrwuxd65chqed6t0c5z8z505daw0rvsveyl0eq,,,,,,,,,,,,,2026-09-18T17:41:27.882029+00:00
scope1qrs8h8nas6zyal5wdaqzh0v4ztrssd0dm4,B7300888D9C1133CF6A285BC56015E91FE6024FD9A9A615E70990FA4DC0AA748,2026-09-17T20:05:18.588990255Z,pb13knswfs6ack05wveq5nua7jgc5jnld3zg8xl52,pb1rrwuxd65chqed6t0c5z8z505daw0rvsveyl0eq,,,,,,,,,,,,,2026-09-18T17:41:29.003990+00:00
scope1qzmjuf9tpwkyzxuva4pfesgmscjsmppm3a,EED8D48FB1BB682076049BAFE852BEB709302BDEE0E7E08AEDEDF2A9D8DE182E,2026-09-17T20:04:43.649929111Z,pb1xvd4k9jg5h0d4dhzr4z0txtwe9p5zxf58xcmxd,pb1rrwuxd65chqed6t0c5z8z505daw0rvsveyl0eq,,,,,,,,,,,,,2026-09-18T17:41:29.544050+00:00
scope1qqzsq84vv255vmu249utmarnqq9qavdxs7,8428C1C1F412379075F2043BB056C388CB46AC365B3FF7FB6AF692BF2969E7D2,2026-09-17T20:03:12.741780782Z,pb1xzl9wgh0ry2dma43f58vmuteqd3996j6mhqhgz,pb1rrwuxd65chqed6t0c5z8z505daw0rvsveyl0eq,,,,,,,,,,,,,2026-09-18T17:41:30.100693+00:00
scope1qzv9kkzfq47y9ku20eytgce0602s8rxas7,299BFCD20B973C9279A4E9040BFF9B0CEDA1F9838E3885633669A65BBE6FD07B,2026-09-17T20:03:08.487466550Z,pb13knswfs6ack05wveq5nua7jgc5jnld3zg8xl52,pb1rrwuxd65chqed6t0c5z8z505daw0rvsveyl0eq,,,,,,,,,,,,,2026-09-18T17:41:30.647983+00:00
scope1qzscaqvmym6yxvdr70ap48apyu2ss466jk,91EA860B3C72D337369B1DF2E5E5E520230632FE128C3807FF31DBB7F27213E6,2026-09-17T20:02:50.994131221Z,pb13knswfs6ack05wveq5nua7jgc5jnld3zg8xl52,pb1rrwuxd65chqed6t0c5z8z505daw0rvsveyl0eq,,,,,,,,,,,,,2026-09-18T17:41:31.193414+00:00
scope1qra3fnr98pm56xvaeh82cryv8mvsymderl,3BD615F2E7EB53A459F67E0F54AD8206E45272FA26B89FDB07B3D4C034B4A688,2026-09-17T20:02:37.868396802Z,pb1fmxzuzx5c4ja50vu94nt0aessnuedzmppde8qr,pb1rrwuxd65chqed6t0c5z8z505daw0rvsveyl0eq,,,,,,,,,,,,,2026-09-18T17:41:31.771904+00:00
scope1qpn5nepj0lnymmylvuwtqmsh8usqsh7tua,53AA3640C105B91AEABECD297B202A53E494C4E5F91DF596C0DA4588121465D5,2026-09-17T20:01:32.562372890Z,pb1xvd4k9jg5h0d4dhzr4z0txtwe9p5zxf58xcmxd,pb1rrwuxd65chqed6t0c5z8z505daw0rvsveyl0eq,,,,,,,,,,,,,2026-09-18T17:41:32.313607+00:00
scope1qp6zh9svrkyyy6u377xc2epssgys7wdw7w,6B8961E764CFEB8107258884887EE725CC0A5175CCC9DAEF968AA74069E215BB,2026-09-17T20:01:15.091808201Z,pb13knswfs6ack05wveq5nua7jgc5jnld3zg8xl52,pb1rrwuxd65chqed6t0c5z8z505daw0rvsveyl0eq,,,,,,,,,,,,,2026-09-18T17:41:32.865235+00:00
scope1qq02km0zsm55jnuqu4gtj7652g9su2jz96,4AFA769DDA081256A9054ACACAF6BB5B4B11BC4472CE12F673D921AAEE080CF6,2026-09-17T20:00:45.192038625Z,pb1awn7unm6pv3rd9s0wzg4vje357dn3pn8ua530c,pb1rrwuxd65chqed6t0c5z8z505daw0rvsveyl0eq,,,,,,,,,,,,,2026-09-18T17:41:33.959670+00:00
scope1qzgglv6w0hg5d3arg8dajkywxmdq95u8gv,D1F0E356EF5D36F108A50BA4F19E34A7BB16F10A0E672F61A0FA7E7CF40ADA4F,2026-09-17T20:00:45.192038625Z,pb1jxzl7tqrga090yz8sf0z0z76sxj6an3kcuwy6g,pb1rrwuxd65chqed6t0c5z8z505daw0rvsveyl0eq,,,,,,,,,,,,,2026-09-18T17:41:33.411702+00:00
scope1qrae4rfaw9l547vp39saykpt2k9qgkvrjx,20F22258264E1DE0D25309183AB863F67FFCBCC9FA3F270BDAD2DE67BC32736B,2026-09-17T20:00:36.497187729Z,pb1xvd4k9jg5h0d4dhzr4z0txtwe9p5zxf58xcmxd,pb1rrwuxd65chqed6t0c5z8z505daw0rvsveyl0eq,,,,,,,,,,,,,2026-09-18T17:41:35.057740+00:00
scope1qz84f90vw62ywj4cevutgk6zjnzsw678u4,AE8A03A511615A71D7946976AA6C98A5269A80279BF6992AFB21E37BA95233E2,2026-09-17T20:00:36.497187729Z,pb1kx5k0nr068xhxgcmnzzef9523cxdcexlm3r29w,pb1rrwuxd65chqed6t0c5z8z505daw0rvsveyl0eq,,,,,,,,,,,,,2026-09-18T17:41:34.519833+00:00
scope1qpqxh499l9sya3vueczlfftkkr9qfww77m,5404A31F255401E85F4D53B49B691BC699A32F751956B896F4FDB4DD9993B426,2026-09-17T20:00:27.724805385Z,pb13knswfs6ack05wveq5nua7jgc5jnld3zg8xl52,pb1rrwuxd65chqed6t0c5z8z505daw0rvsveyl0eq,,,,,,,,,,,,,2026-09-18T17:41:35.617661+00:00
scope1qzndwcxjjjc5medwmdknuur9ehtsct4nc4,DA7A858EA83207B1F22DDBADBB9CF4C31734648CFFB100586408357BA83872CF,2026-09-17T20:00:23.427051293Z,pb1k38pa6rgnepcs592n4mvr3hxucw8tslprcmlvk,pb1rrwuxd65chqed6t0c5z8z505daw0rvsveyl0eq,,,,,,,,,,,,,2026-09-18T17:41:36.716500+00:00
scope1qq8035plpdl5c39aaplwe3rlhtuq7jnm27,2BD45949D0BD81F07F727678BF6E3A1C0C23FEBDC06C8A9FEB90098877903410,2026-09-17T20:00:23.427051293Z,pb1xvd4k9jg5h0d4dhzr4z0txtwe9p5zxf58xcmxd,pb1rrwuxd65chqed6t0c5z8z505daw0rvsveyl0eq,,,,,,,,,,,,,2026-09-18T17:41:36.161667+00:00
scope1qz3r3lcnaw654w9dklv65jtvh7ns9nnapm,6FA79A59E064EC49EF0E812EF5EB0610E5E7CEF77559117ABEE6F30357EF1FC9,2026-09-17T19:59:22.611358182Z,pb1xvd4k9jg5h0d4dhzr4z0txtwe9p5zxf58xcmxd,pb1rrwuxd65chqed6t0c5z8z505daw0rvsveyl0eq,,,,,,,,,,,,,2026-09-18T17:41:37.256473+00:00
scope1qqd70ulh2ve5adv2036s22kz747q25fxen,D6D9DC79377C9608A0D30299C95748FAA8321C292A14C9E3AC551D2A0CF858F1,2026-09-17T19:59:05.540478865Z,pb1kx5k0nr068xhxgcmnzzef9523cxdcexlm3r29w,pb1rrwuxd65chqed6t0c5z8z505daw0rvsveyl0eq,,,,,,,,,,,,,2026-09-18T17:41:37.799686+00:00
scope1qrkjy74f6qmyewudxcgwv2d2ykqqux9g04,75FB0DFD9846816A5E556F097EAA17843CBF1445D5138017BC7F892B5F8BBC67,2026-09-17T19:57:13.163089104Z,pb1xvd4k9jg5h0d4dhzr4z0txtwe9p5zxf58xcmxd,pb1rrwuxd65chqed6t0c5z8z505daw0rvsveyl0eq,,,,,,,,,,,,,2026-09-18T17:41:38.338225+00:00
scope1qr3re7v0spvyqu4m2r0y97keazasg050gy,387B9C9F28F36CA989D448C5C017AA71A737085228C42E25E4872A749DF7C8E8,2026-09-17T19:56:06.968052181Z,pb1kx5k0nr068xhxgcmnzzef9523cxdcexlm3r29w,pb1rrwuxd65chqed6t0c5z8z505daw0rvsveyl0eq,,,,,,,,,,,,,2026-09-18T17:41:38.884827+00:00
scope1qr60s0y4kavy8zdrw69prx4xrsaqp5cfdu,37ABC92516AA8DC211BD0B64AB954B29A0C972E5D9857D45912A46E52EBA2244,2026-09-17T19:55:58.134568834Z,pb13knswfs6ack05wveq5nua7jgc5jnld3zg8xl52,pb1rrwuxd65chqed6t0c5z8z505daw0rvsveyl0eq,,,,,,,,,,,,,2026-09-18T17:41:39.438396+00:00
scope1qq07flqtqz35ctaftnzk5cepf2tstztag2,12D71DE1807A431200388E3F7F0017BDBB81C6E2D3EB9C34ED6EF38A037125BA,2026-09-17T19:55:53.858895776Z,pb13knswfs6ack05wveq5nua7jgc5jnld3zg8xl52,pb1rrwuxd65chqed6t0c5z8z505daw0rvsveyl0eq,,,,,,,,,,,,,2026-09-18T17:41:39.989459+00:00
scope1qzx3cnrwg2tyvda9pssffwkwh2tqcd3k55,68576B1BF3E270508CAC6F8A327C07AEF8CC497A34668F4B1C4F0207B293ED78,2026-09-17T19:55:45.340834978Z,pb1xvd4k9jg5h0d4dhzr4z0txtwe9p5zxf58xcmxd,pb1rrwuxd65chqed6t0c5z8z505daw0rvsveyl0eq,,,,,,,,,,,,,2026-09-18T17:41:40.562846+00:00
scope1qq9spa4krqw53c5l3ldgmqeu8acs3ur8hq,0AA5CDBC876BCDCD4D725CFBB4F8E5C4944D5BD55658DD41EC49A5CD2BDA3AEF,2026-09-17T19:55:40.400505587Z,pb1xvd4k9jg5h0d4dhzr4z0txtwe9p5zxf58xcmxd,pb1rrwuxd65chqed6t0c5z8z505daw0rvsveyl0eq,,,,,,,,,,,,,2026-09-18T17:41:53.861594+00:00
scope1qz3qn3nwe4x5gcd0esd4l2mj68eskvpmwq,3B9BCAB71F988369AD8A69F99970C829DD1D461F945A318AB1BB05A0BD12DC04,2026-09-17T19:55:35.871937398Z,pb13knswfs6ack05wveq5nua7jgc5jnld3zg8xl52,pb1rrwuxd65chqed6t0c5z8z505daw0rvsveyl0eq,,,,,,,,,,,,,2026-09-18T17:41:54.425564+00:00
scope1qpetg8c835ny3udn4sawfel7v24sp39wv2,7E93CAA1F665321B5737EFABC7E30F3EF3A73D3BD2D413F534848504DACD5436,2026-09-17T19:55:26.878412432Z,pb134yg6h3g0vjq9ct2lpmx6sdxv3yuz942wrpxuu,pb1rrwuxd65chqed6t0c5z8z505daw0rvsveyl0eq,,,,,,,,,,,,,2026-09-18T17:41:54.965849+00:00
scope1qz2qgh3ff3t5jqaywrk8nk2dsdmqg66tca,4605B89D32950597473D41EC1637D19675E49D696232D0F3F5F4C75E76A4CA63,2026-09-17T19:53:16.498378007Z,pb1xvd4k9jg5h0d4dhzr4z0txtwe9p5zxf58xcmxd,pb1rrwuxd65chqed6t0c5z8z505daw0rvsveyl0eq,,,,,,,,,,,,,2026-09-18T17:41:55.512651+00:00
scope1qrh9nw80r53y7dduft5qcg4reflsp6epxq,3B4A88E453CD84705FAAC7DF669E37E911B38054DC58873C7F859FCA1EB86961,2026-09-17T19:52:46.317077874Z,pb1xvd4k9jg5h0d4dhzr4z0txtwe9p5zxf58xcmxd,pb1rrwuxd65chqed6t0c5z8z505daw0rvsveyl0eq,,,,,,,,,,,,,2026-09-18T17:41:56.062069+00:00
scope1qpenu6g0jt9y68vx7puvv4jjmcfqpx4qm2,48AC95D573F672E47E9F6E6EA5FF7FFC2816779D8326E01259BE221091774D63,2026-09-17T19:52:41.874277013Z,pb17e03lfm0sxjkf860l4n2j2h5yh4s9etq5l9laq,pb1rrwuxd65chqed6t0c5z8z505daw0rvsveyl0eq,,,,,,,,,,,,,2026-09-18T17:41:56.617835+00:00
scope1qrxltysd7mey0a9s2veyw9wep28qt3hjvq,5CFDDE7F4CC774C5A02DDABE8777F9821105B2ADCB707FA0BAD568A5FF62B293,2026-09-17T19:50:18.673741126Z,pb1xvd4k9jg5h0d4dhzr4z0txtwe9p5zxf58xcmxd,pb1rrwuxd65chqed6t0c5z8z505daw0rvsveyl0eq,,,,,,,,,,,,,2026-09-18T17:41:57.172280+00:00
scope1qremluhnhelyxfalllac33lda7csz9nfe8,2EB60BDE53C1A8AA83234B46A37BB99018C3787F2354014FCC472009A3BE117D,2026-09-17T19:50:10.014420733Z,pb14ep8k6jtc338c00t9khyrydpw7vywagdzqntwz,pb1rrwuxd65chqed6t0c5z8z505daw0rvsveyl0eq,,,,,,,,,,,,,2026-09-18T17:41:57.717846+00:00
scope1qzq89szyhxtysdv3vkylydyncc6szueq2j,D89DDAD03D721EA3ED2D66C11446BE9F537BBDA8F0C7F0C0898DD27670FF1C2E,2026-09-17T19:49:26.644776544Z,pb1xvd4k9jg5h0d4dhzr4z0txtwe9p5zxf58xcmxd,pb1rrwuxd65chqed6t0c5z8z505daw0rvsveyl0eq,,,,,,,,,,,,,2026-09-18T17:41:58.275922+00:00
scope1qrjpkgg9x5ty004r2t0m89v7wclquqnm35,C9D823159630B34ACFD9C69CF0238B4D44EE84A984435F05DF956D0EB69135EE,2026-09-17T19:48:47.911014597Z,pb1xvd4k9jg5h0d4dhzr4z0txtwe9p5zxf58xcmxd,pb1rrwuxd65chqed6t0c5z8z505daw0rvsveyl0eq,,,,,,,,,,,,,2026-09-18T17:41:58.838054+00:00
scope1qpxpzh7ntv55sa5c9venyvgkn85svsjpp7,E8F14BBF2271E571F45BEC32F8EDCE8F3F4AE76A44E001053EB09F297B2486DC,2026-09-17T19:46:37.680814167Z,pb1xvd4k9jg5h0d4dhzr4z0txtwe9p5zxf58xcmxd,pb1rrwuxd65chqed6t0c5z8z505daw0rvsveyl0eq,,,,,,,,,,,,,2026-09-18T17:41:59.390169+00:00
scope1qrvc82egkctyc24xw4z8t94f49sqzr6czt,8901ADBE41CA7EB1A84A0A13B3C2F5B565A59BA4BC635E256E0E3720A0C3277D,2026-09-17T19:45:54.526323387Z,pb13knswfs6ack05wveq5nua7jgc5jnld3zg8xl52,pb1rrwuxd65chqed6t0c5z8z505daw0rvsveyl0eq,,,,,,,,,,,,,2026-09-18T17:41:59.947012+00:00
scope1qrp9me56dag5z85p7q5wrjxwx8gq0j06vg,8901ADBE41CA7EB1A84A0A13B3C2F5B565A59BA4BC635E256E0E3720A0C3277D,2026-09-17T19:45:54.526323387Z,pb13knswfs6ack05wveq5nua7jgc5jnld3zg8xl52,pb1rrwuxd65chqed6t0c5z8z505daw0rvsveyl0eq,,,,,,,,,,,,,2026-09-18T17:41:59.946949+00:00
scope1qq4nmc9dju5yr29hp0vkrtmvh04qmjhxht,728466745A14729DB47EA478E78902089A3A974F3782C2CB3F7D956A33A2AE6E,2026-09-17T19:45:41.297429302Z,pb1kx5k0nr068xhxgcmnzzef9523cxdcexlm3r29w,pb1rrwuxd65chqed6t0c5z8z505daw0rvsveyl0eq,,,,,,,,,,,,,2026-09-18T17:42:00.495238+00:00
scope1qzps3lf2gdg5a99zevuj5clsxphqqrtqt6,728466745A14729DB47EA478E78902089A3A974F3782C2CB3F7D956A33A2AE6E,2026-09-17T19:45:41.297429302Z,pb1kx5k0nr068xhxgcmnzzef9523cxdcexlm3r29w,pb1rrwuxd65chqed6t0c5z8z505daw0rvsveyl0eq,,,,,,,,,,,,,2026-09-18T17:42:00.495120+00:00
scope1qry0dm5krsqyuk9ev03ef6gqp8nqsc7jf9,F00A436DB7449AB18BAE93F5521F6BE10E78B9C4DF7BB3A4D21FD361D6091F33,2026-09-17T19:45:37.008828617Z,pb1xzvkzyt5q3940rp2e299hx0e5udrhgne2a8ylk,pb1rrwuxd65chqed6t0c5z8z505daw0rvsveyl0eq,,,,,,,,,,,,,2026-09-18T17:42:01.032156+00:00
scope1qrt8s8k8at7yejdrwqjhpnzgx5gsv5ta2m,F51FF8EBA0FADEE663526CA55E8B0DA8F97D9979CFEB9E6D7BE27F85EF9D0440,2026-09-17T19:45:32.698212897Z,pb13knswfs6ack05wveq5nua7jgc5jnld3zg8xl52,pb1rrwuxd65chqed6t0c5z8z505daw0rvsveyl0eq,,,,,,,,,,,,,2026-09-18T17:42:02.175746+00:00
scope1qqpz8atja0dyfyd69l29pcpphansa4y5s7,0631FC76A20DFF5AD9EE723C3573BBC745394783FAE93EBD82CF836CF4F5E3AC,2026-09-17T19:45:32.698212897Z,pb16j3hxhr0m56h9u9ptdtz2qpmtd7333f77h64m6,pb1rrwuxd65chqed6t0c5z8z505daw0rvsveyl0eq,,,,,,,,,,,,,2026-09-18T17:42:01.578098+00:00
scope1qqcprtff828yv7ahwuy85svk4gfq7xlyd8,76B9E68F3B2DE3CC6E9138E3F4F88C0F34A3219DBA98DF2864C0F4572B59D66B,2026-09-17T19:45:28.070436197Z,pb1fmxzuzx5c4ja50vu94nt0aessnuedzmppde8qr,pb1rrwuxd65chqed6t0c5z8z505daw0rvsveyl0eq,,,,,,,,,,,,,2026-09-18T17:42:02.750581+00:00
scope1qzlv85gucqw54s98m487tu90qddqge9cd0,714904589B9AB0935249DFF9C21B34EE9DD0542C7A284623FC6B8DBB8757CCA7,2026-09-17T19:44:14.490014130Z,pb1xvd4k9jg5h0d4dhzr4z0txtwe9p5zxf58xcmxd,pb1rrwuxd65chqed6t0c5z8z505daw0rvsveyl0eq,,,,,,,,,,,,,2026-09-18T17:42:03.323334+00:00
scope1qqch75ppkpc5ffdq5hzyxmc63x5sksfg7d,A5FB566D9A9EF2C79C6549C3B46B928FC95A5A76C13BFE185558C07B4441107B,2026-09-17T19:43:13.592604341Z,pb1xvd4k9jg5h0d4dhzr4z0txtwe9p5zxf58xcmxd,pb1rrwuxd65chqed6t0c5z8z505daw0rvsveyl0eq,,,,,,,,,,,,,2026-09-18T17:42:04.007055+00:00
scope1qrjm53nk4n9y8mujev8ky5a4skdqxmjgaz,EC2214493FECFB747132371FE86434E90AF16DFDA8646D3BEF5B81419346C0E0,2026-09-17T19:41:51.379829735Z,pb13knswfs6ack05wveq5nua7jgc5jnld3zg8xl52,pb1rrwuxd65chqed6t0c5z8z505daw0rvsveyl0eq,,,,,,,,,,,,,2026-09-18T17:42:04.562648+00:00
scope1qrjhskzsh3n599uj0l844xmzze9sea6gtx,DC9E5D46DE620E37B9A35CB359B4CCAAF99BBDD34AD6C886AA3E9A8219AC1804,2026-09-17T19:41:07.586888576Z,pb1xvd4k9jg5h0d4dhzr4z0txtwe9p5zxf58xcmxd,pb1rrwuxd65chqed6t0c5z8z505daw0rvsveyl0eq,,,,,,,,,,,,,2026-09-18T17:42:05.101529+00:00
scope1qqehht5reuj5g3ahammzm975rrusnz8an0,0DCCE194687EDBF5E2D8CC773B1E2FC6AD4870A7C748989242BF0D3436699ACC,2026-09-17T19:40:50.273240231Z,pb1xvd4k9jg5h0d4dhzr4z0txtwe9p5zxf58xcmxd,pb1rrwuxd65chqed6t0c5z8z505daw0rvsveyl0eq,,,,,,,,,,,,,2026-09-18T17:42:05.645227+00:00
scope1qzhmpyq9kpz5s0afvucrxfp83h3q3jvu00,8BD723AEAB9F5882BFFB629223B31163D6608A75E4D0D928E5B8BDE1FFF9000B,2026-09-17T19:40:37.239759891Z,pb1xvd4k9jg5h0d4dhzr4z0txtwe9p5zxf58xcmxd,pb1rrwuxd65chqed6t0c5z8z505daw0rvsveyl0eq,,,,,,,,,,,,,2026-09-18T17:42:06.193029+00:00
scope1qrc98zn3m3qyandlk76txl389qcq6fuxx4,478BF5702A80F90515005CF8B1DA3BD7435ADA0806BA491B82BD49920FDA3FC0,2026-09-17T19:40:32.779656062Z,pb13knswfs6ack05wveq5nua7jgc5jnld3zg8xl52,pb1rrwuxd65chqed6t0c5z8z505daw0rvsveyl0eq,,,,,,,,,,,,,2026-09-18T17:42:06.740513+00:00
scope1qr05yw0k0r75yzdd83nctpaya48qn3j0ez,0B6AE3EC375D382D7E30CCCEF1346F848EE7D1B6E0DF619736ECF77D7264BFC6,2026-09-17T19:40:28.366959401Z,pb1k38pa6rgnepcs592n4mvr3hxucw8tslprcmlvk,pb1rrwuxd65chqed6t0c5z8z505daw0rvsveyl0eq,,,,,,,,,,,,,2026-09-18T17:42:08.410403+00:00
scope1qzdpamh53tz54yy55hvgkruc27ysvsq5hw,498E9B8D8BDD098A76FF2415FC2776C4C08212ABE93C141FB1A1120455062653,2026-09-17T19:40:28.366959401Z,pb13knswfs6ack05wveq5nua7jgc5jnld3zg8xl52,pb1rrwuxd65chqed6t0c5z8z505daw0rvsveyl0eq,,,,,,,,,,,,,2026-09-18T17:42:07.857607+00:00
scope1qqa9688apd0y6vd4spg3g9vgrltqsdjjss,F99FCE7513270406866203413D3CF31C190859C7E079DAC612EE05901909692D,2026-09-17T19:40:28.366959401Z,pb14ep8k6jtc338c00t9khyrydpw7vywagdzqntwz,pb1rrwuxd65chqed6t0c5z8z505daw0rvsveyl0eq,,,,,,,,,,,,,2026-09-18T17:42:07.301716+00:00
scope1qrcgaxellde5tqywrc8rgj9507esdft44p,0DBB03F75FFC094535C4F702DA7597F2F302AC4B423C8892B6B92594DFA56FAC,2026-09-17T19:40:19.661323179Z,pb1fmxzuzx5c4ja50vu94nt0aessnuedzmppde8qr,pb1rrwuxd65chqed6t0c5z8z505daw0rvsveyl0eq,,,,,,,,,,,,,2026-09-18T17:42:09.502894+00:00
scope1qzsq20adrdpyajuxyh8nlzalwd2q7j8gxj,E99CD5F6A64ED29EE51071E72EF39A64FAE1EBC14F2A45BEF80C53A3B563C15E,2026-09-17T19:40:19.661323179Z,pb1xvd4k9jg5h0d4dhzr4z0txtwe9p5zxf58xcmxd,pb1rrwuxd65chqed6t0c5z8z505daw0rvsveyl0eq,,,,,,,,,,,,,2026-09-18T17:42:08.969362+00:00
scope1qzqv9vf3lxn5ffynmp8lcmup99hsw8r9hp,F21611DB3DB3C908B051FB206EE73C2A1A72D635708C0EF4FA63F4300BA3069A,2026-09-17T19:35:43.317129256Z,pb1awn7unm6pv3rd9s0wzg4vje357dn3pn8ua530c,pb1rrwuxd65chqed6t0c5z8z505daw0rvsveyl0eq,,,,,,,,,,,,,2026-09-18T17:42:10.603708+00:00
scope1qzm83mzyy3ty9dd68r7grswmu40ss6uttr,23AF17665767350F7DAC6CA6B345397846089A7C0C95734F58F1D4D98D32B337,2026-09-17T19:35:43.317129256Z,pb1xvd4k9jg5h0d4dhzr4z0txtwe9p5zxf58xcmxd,pb1rrwuxd65chqed6t0c5z8z505daw0rvsveyl0eq,,,,,,,,,,,,,2026-09-18T17:42:10.052460+00:00
scope1qqv8wxzkvw555w43p0kh0ff5tj8qqx4l38,CC673C340B437C6626F3F872CAE1D1C41ADEB62D30966535A6D9705F6EA16FA4,2026-09-17T19:35:39.053095892Z,pb1xzl9wgh0ry2dma43f58vmuteqd3996j6mhqhgz,pb1rrwuxd65chqed6t0c5z8z505daw0rvsveyl0eq,,,,,,,,,,,,,2026-09-18T17:42:11.205925+00:00
scope1qq6rd3rke6cyqv44fsfcejghzl9q5cau09,F2563D077D18D2B0BA812C392000F595C5BAECB5F24D9F9594441FB45214F6B3,2026-09-17T19:35:34.695025751Z,pb1sdentsz7ymu9qv3rvyscnseqyj02z2dvrakywv,pb1rrwuxd65chqed6t0c5z8z505daw0rvsveyl0eq,,,,,,,,,,,,,2026-09-18T17:42:11.816761+00:00
scope1qpyj7y23m4lyk755rrl0pm83kptqw49en5,60D19CB53C3209899AC0509EF9C06EDADD6062E0998AE6481994AA7F7D0398FD,2026-09-17T19:35:30.353903076Z,pb1awn7unm6pv3rd9s0wzg4vje357dn3pn8ua530c,pb1rrwuxd65chqed6t0c5z8z505daw0rvsveyl0eq,,,,,,,,,,,,,2026-09-18T17:42:12.375765+00:00
scope1qp3fuxhdgkqy2xurpyrnewpkjtlquerlwv,650BEDAF0917597FA567DAB21D56F165547FD975225E1CE3209AB39D067F735C,2026-09-17T19:30:38.274251098Z,pb1xvd4k9jg5h0d4dhzr4z0txtwe9p5zxf58xcmxd,pb1rrwuxd65chqed6t0c5z8z505daw0rvsveyl0eq,,,,,,,,,,,,,2026-09-18T17:42:12.969814+00:00
scope1qze7xdjwsk65u2d5ch3ut4g57deqh0esp4,52AD72BDF2FF945A988BDF272A6DF9A219D661264BCED7118254BBC8DF9C4BB6,2026-09-17T19:30:29.712367928Z,pb1677uewvnxxn2fawu9ryjfpraft08lfj2yx3t6n,pb1rrwuxd65chqed6t0c5z8z505daw0rvsveyl0eq,,,,,,,,,,,,,2026-09-18T17:42:14.094722+00:00
scope1qq5qeetmv9f5a0aaf7v7ypjxhpjsslv05r,54E17503AEF94B7D116AEA3AB835D901AB901DA150BAF5B4E5A74D1C5AD29DD7,2026-09-17T19:30:29.712367928Z,pb1k38pa6rgnepcs592n4mvr3hxucw8tslprcmlvk,pb1rrwuxd65chqed6t0c5z8z505daw0rvsveyl0eq,,,,,,,,,,,,,2026-09-18T17:42:13.544007+00:00
scope1qrkpm0qc09656uvlaccpvwcq8smsqle4zh,21B6570DB7DC08803A6DB9812FD5A258E7EEBDB6388AE57CDD5250A2D41158AC,2026-09-17T19:30:25.105396979Z,pb1tntasskkhfuaeataw3qj6ed7u4gmlcxz69tppu,pb1rrwuxd65chqed6t0c5z8z505daw0rvsveyl0eq,,,,,,,,,,,,,2026-09-18T17:42:15.251649+00:00
scope1qpnjhffag5g56jys9k5gnm7xxpfste2eyh,C7698B6337D257623170E9097559BA5F26FE38A7AC1769D0D557F397000F4D67,2026-09-17T19:30:25.105396979Z,pb13knswfs6ack05wveq5nua7jgc5jnld3zg8xl52,pb1rrwuxd65chqed6t0c5z8z505daw0rvsveyl0eq,,,,,,,,,,,,,2026-09-18T17:42:14.636050+00:00
scope1qry4735w3myyhpu3wgd5fpx3m4jqqadtst,B7B3E476915BCEE3723E3DF5826B5FB3067FB37E04A8162BE160C85085EA0A99,2026-09-17T19:28:40.760008429Z,pb1xvd4k9jg5h0d4dhzr4z0txtwe9p5zxf58xcmxd,pb1rrwuxd65chqed6t0c5z8z505daw0rvsveyl0eq,,,,,,,,,,,,,2026-09-18T17:42:15.848053+00:00
scope1qzm7n82zy4d53qyc35wm82gs4dsqkz7ccg,D8112C8EFC43DE3DC486B1150EA5E8574855316577E465921E163224B0E7069D,2026-09-17T19:27:26.982848659Z,pb1xvd4k9jg5h0d4dhzr4z0txtwe9p5zxf58xcmxd,pb1rrwuxd65chqed6t0c5z8z505daw0rvsveyl0eq,,,,,,,,,,,,,2026-09-18T17:42:16.397284+00:00
scope1qrqc0aq75p858svsjjp8e6e6d5hq9zmkvv,EBC5895F1AA61758B9DD15E5B3CF6C2433440AFCB7495B2B5BED5F492382157F,2026-09-17T19:27:05.182660134Z,pb1xvd4k9jg5h0d4dhzr4z0txtwe9p5zxf58xcmxd,pb1rrwuxd65chqed6t0c5z8z505daw0rvsveyl0eq,,,,,,,,,,,,,2026-09-18T17:42:17.022136+00:00
scope1qz4dsem37r8yaza3p3en7mv5u6xqlj8fgr,0E99F4034485A6F45FF1D9C6E7A53E0DB80FB08686A12802C2A62824B1039F36,2026-09-17T19:25:34.379499806Z,pb13knswfs6ack05wveq5nua7jgc5jnld3zg8xl52,pb1rrwuxd65chqed6t0c5z8z505daw0rvsveyl0eq,,,,,,,,,,,,,2026-09-18T17:42:17.600166+00:00
scope1qr0s7q44qpwya09v7527pqu3x2ksdg09dg,69809F06C00A1D5FEBBF3983766918CED4C289F71BE5C466F54F110C5C4FF1F9,2026-09-17T19:25:25.562862404Z,pb1vcvv37pka8nyk2q3lkxz56c3ljeu4p7nkd2mdt,pb1rrwuxd65chqed6t0c5z8z505daw0rvsveyl0eq,,,,,,,,,,,,,2026-09-18T17:42:18.819136+00:00
scope1qrpp933e55syz992evrx76us3shsnusnp6,8B4835B6C546ED45C2CACC9F11AA0F408FB5D7259F85D366E1B1DACFADD88A45,2026-09-17T19:25:25.562862404Z,pb1xvd4k9jg5h0d4dhzr4z0txtwe9p5zxf58xcmxd,pb1rrwuxd65chqed6t0c5z8z505daw0rvsveyl0eq,,,,,,,,,,,,,2026-09-18T17:42:18.235429+00:00
scope1qz2l55m8hvnyspu3k3k7rq2zgu6q53g32u,F462C75F8AFC76AC49F522959BD86C2B4F142E38843ED15D14AD418132974FDF,2026-09-17T19:25:21.094003720Z,pb1xzl9wgh0ry2dma43f58vmuteqd3996j6mhqhgz,pb1rrwuxd65chqed6t0c5z8z505daw0rvsveyl0eq,,,,,,,,,,,,,2026-09-18T17:42:19.432984+00:00
scope1qpumuy2j05g5x0570kxdq7ryn8ts0x3atq,DC1A58926645E9AACA3C5DDE5F368061BECEE52D861961F983292AFBDCE5F235,2026-09-17T19:21:44.823368567Z,pb1xvd4k9jg5h0d4dhzr4z0txtwe9p5zxf58xcmxd,pb1rrwuxd65chqed6t0c5z8z505daw0rvsveyl0eq,,,,,,,,,,,,,2026-09-18T17:42:20.020161+00:00
scope1qqtu49l2kzs55x42kjl2ufjnyllqd4qaqp,798C27E9B2C351FE1D7031DF70D4EC51B3297FF8315571116C6DAFDF1B24424D,2026-09-17T19:20:43.798489807Z,pb1kx5k0nr068xhxgcmnzzef9523cxdcexlm3r29w,pb1rrwuxd65chqed6t0c5z8z505daw0rvsveyl0eq,,,,,,,,,,,,,2026-09-18T17:42:21.133464+00:00
scope1qpwhwa3v7az54m9zc9qzt3lwcykq55w5et,3817E3EB6CE66C65B545A8665B9953E966E54A2DC5758AF0392F1620D5E181E0,2026-09-17T19:20:43.798489807Z,pb13knswfs6ack05wveq5nua7jgc5jnld3zg8xl52,pb1rrwuxd65chqed6t0c5z8z505daw0rvsveyl0eq,,,,,,,,,,,,,2026-09-18T17:42:20.581686+00:00
scope1qr5h0zr0cz9y374e3lsge6fad73qzut9s7,74D981889CE25BD9AA791836C0650281B4B06C6AE6302DF1DD0E9495E9FDDE7D,2026-09-17T19:20:35.147921652Z,pb1awn7unm6pv3rd9s0wzg4vje357dn3pn8ua530c,pb1rrwuxd65chqed6t0c5z8z505daw0rvsveyl0eq,,,,,,,,,,,,,2026-09-18T17:42:21.687841+00:00
scope1qru03eenu0v54r464k6smzh083dq5sw7sv,0A29C0B4C72A51202B3C09143DFEF24ACBFA8BE58D083010B4160C52F0EE0073,2026-09-17T19:20:30.789627059Z,pb1xvd4k9jg5h0d4dhzr4z0txtwe9p5zxf58xcmxd,pb1rrwuxd65chqed6t0c5z8z505daw0rvsveyl0eq,,,,,,,,,,,,,2026-09-18T17:42:22.272382+00:00
scope1qru2s8m3q8vyrey2z6pd6ppmpw7quhaf9y,79D44F6839B921F4BBA5AF38988D54C29FE5233C5E6AC57C41E8DDCDA04003D2,2026-09-17T19:20:26.437587731Z,pb13knswfs6ack05wveq5nua7jgc5jnld3zg8xl52,pb1rrwuxd65chqed6t0c5z8z505daw0rvsveyl0eq,,,,,,,,,,,,,2026-09-18T17:42:22.824846+00:00
scope1qrgf8mdsx9q5m04kckrwtq4n2paqwn5yxd,000698A33F46A9CC01CDE34339A66750E5A51E3A02A34D858911F3F22D8B0255,2026-09-17T19:19:42.466519758Z,pb1xvd4k9jg5h0d4dhzr4z0txtwe9p5zxf58xcmxd,pb1rrwuxd65chqed6t0c5z8z505daw0rvsveyl0eq,,,,,,,,,,,,,2026-09-18T17:42:23.375492+00:00
scope1qzwdqw8t4zmyjjahdpgfaautux2qla0ypl,F85DE8F3186ED7DA39E441EF3E9B383A09B9D12DBDE088114671C3882610A25D,2026-09-17T19:15:36.068595335Z,pb13knswfs6ack05wveq5nua7jgc5jnld3zg8xl52,pb1rrwuxd65chqed6t0c5z8z505daw0rvsveyl0eq,,,,,,,,,,,,,2026-09-18T17:42:23.930337+00:00
scope1qq848rsa4mfy9g9yzz83qnylwn5qwdwq8n,73EA348A4F09761299C9DEECF8479C3FDA3D54A194BCAF150CD422CAA938F917,2026-09-17T19:15:27.444831862Z,pb13knswfs6ack05wveq5nua7jgc5jnld3zg8xl52,pb1rrwuxd65chqed6t0c5z8z505daw0rvsveyl0eq,,,,,,,,,,,,,2026-09-18T17:42:24.567239+00:00
scope1qpgf5fgzfa95qua32fewdcnfdgrsdsv57k,5F2E30E8D0ADD7F63616373471A196BCE16C3ECE2EA54305CA1971453838BA2E,2026-09-17T19:15:23.102413245Z,pb1kx5k0nr068xhxgcmnzzef9523cxdcexlm3r29w,pb1rrwuxd65chqed6t0c5z8z505daw0rvsveyl0eq,,,,,,,,,,,,,2026-09-18T17:42:25.171826+00:00
scope1qzjcr76snmp5znywycg3zzwef6vq8xu60c,C451D89A83B6D0F3011887B5B16BEAB264AF969226EB4AE1762E9FF4534097B1,2026-09-17T19:14:48.518561885Z,pb1xvd4k9jg5h0d4dhzr4z0txtwe9p5zxf58xcmxd,pb1rrwuxd65chqed6t0c5z8z505daw0rvsveyl0eq,,,,,,,,,,,,,2026-09-18T17:42:25.769861+00:00
scope1qq5889cmr5z5fxdrzjenmw99qe6qw254dm,5A8374113DC3D02BB3CFFF371D070738557824EC80A94E222B2C6D0E6104970A,2026-09-17T19:10:46.089415496Z,pb1k38pa6rgnepcs592n4mvr3hxucw8tslprcmlvk,pb1rrwuxd65chqed6t0c5z8z505daw0rvsveyl0eq,,,,,,,,,,,,,2026-09-18T17:42:26.332325+00:00
scope1qrsvdceq0lt58jddv9wy68gfpwwqsr544r,2FA14C4DC28A0F7F0A74450DD674ED0C5625B78D1B0A77BE9E093B8CC756064B,2026-09-17T19:10:37.278849813Z,pb1awn7unm6pv3rd9s0wzg4vje357dn3pn8ua530c,pb1rrwuxd65chqed6t0c5z8z505daw0rvsveyl0eq,,,,,,,,,,,,,2026-09-18T17:42:26.892730+00:00
scope1qpqw2rfp66zyn2vc7x46gaz3uz6qlv78ly,12E188002CA9F058636A5337DD9E14A632A22F6EB4CF900BB6FB643AFA0C06DE,2026-09-17T19:10:32.932601946Z,pb16j3hxhr0m56h9u9ptdtz2qpmtd7333f77h64m6,pb1rrwuxd65chqed6t0c5z8z505daw0rvsveyl0eq,,,,,,,,,,,,,2026-09-18T17:42:27.456617+00:00
scope1qzzvrn6edvdy99ajzvd394mq4xxqulhmky,4A79C1AD96A8E0EFF5B56E980F4C5F065D17B2E9FE5AEDC33E36AE0CD610AA43,2026-09-17T19:10:28.618642661Z,pb1xvd4k9jg5h0d4dhzr4z0txtwe9p5zxf58xcmxd,pb1rrwuxd65chqed6t0c5z8z505daw0rvsveyl0eq,,,,,,,,,,,,,2026-09-18T17:42:29.211448+00:00
scope1qpzjgs47lc0y4myzfymeg4m0xfwqjsy23q,979C25F7E35B058259D08EC32DC69E1794E057F4832652D642179BF44762D33A,2026-09-17T19:10:28.618642661Z,pb1awn7unm6pv3rd9s0wzg4vje357dn3pn8ua530c,pb1rrwuxd65chqed6t0c5z8z505daw0rvsveyl0eq,,,,,,,,,,,,,2026-09-18T17:42:28.641180+00:00
scope1qqdw8rdgwalyag96dp42wl0q8mkq46pg3q,6A89E8C580A96A65BAAF32D97AF6D3871FF835BECB69BA08A8678BFC7E3E7E95,2026-09-17T19:10:28.618642661Z,pb1xvd4k9jg5h0d4dhzr4z0txtwe9p5zxf58xcmxd,pb1rrwuxd65chqed6t0c5z8z505daw0rvsveyl0eq,,,,,,,,,,,,,2026-09-18T17:42:28.033952+00:00
scope1qq94fe5gwmgymuvwuvjgmtqywg4q6q6lt0,3C4129274FF235F3C2A665B4711046D0E347C1D255ED6757B09ED675627737A6,2026-09-17T19:09:44.791375753Z,pb1xvd4k9jg5h0d4dhzr4z0txtwe9p5zxf58xcmxd,pb1rrwuxd65chqed6t0c5z8z505daw0rvsveyl0eq,,,,,,,,,,,,,2026-09-18T17:42:29.778238+00:00
scope1qqp35469wg95vsvfqyh0rhm9vzhsqueuu6,6CB177C9BFA8304AD5B910081C0522A09D8D75C3DC08FF7BF652D559E245B126,2026-09-17T19:09:18.484991955Z,pb1xvd4k9jg5h0d4dhzr4z0txtwe9p5zxf58xcmxd,pb1rrwuxd65chqed6t0c5z8z505daw0rvsveyl0eq,,,,,,,,,,,,,2026-09-18T17:42:30.319816+00:00
scope1qr4f6u4jmtz5jw9gtfydy582s2zs9lv7nt,4E8590E04D25F4FE65F10E563EFECD979013CF41E2FD166E4C9517BEE36B43EA,2026-09-17T19:07:56.316790493Z,pb1xvd4k9jg5h0d4dhzr4z0txtwe9p5zxf58xcmxd,pb1rrwuxd65chqed6t0c5z8z505daw0rvsveyl0eq,,,,,,,,,,,,,2026-09-18T17:42:30.864209+00:00
scope1qp73q4zmpxc5nzuqqk34tyy5vaaswqhus6,31BCA5F8BF84F02E53346F28F3D19042B8552AF2C322C0728754CF1ACECA257C,2026-09-17T19:07:12.965734599Z,pb1xvd4k9jg5h0d4dhzr4z0txtwe9p5zxf58xcmxd,pb1rrwuxd65chqed6t0c5z8z505daw0rvsveyl0eq,,,,,,,,,,,,,2026-09-18T17:42:31.486084+00:00
scope1qrygnny70v557ydca7ykw2k3mezq82hc3s,309EFC425A4AC8AA3577F880424ACAA2D38213EDC8F7F4C1B34EB5175D949CE2,2026-09-17T19:05:37.595170166Z,pb1xvd4k9jg5h0d4dhzr4z0txtwe9p5zxf58xcmxd,pb1rrwuxd65chqed6t0c5z8z505daw0rvsveyl0eq,,,,,,,,,,,,,2026-09-18T17:42:32.073776+00:00
scope1qrhq6d4k02yycrut69ft5wrleupq6525ww,85B0D6D765F5D9F50EE3C80BFF1EB55D79DB6AA01C6D9FBF6CD9EC2C01692AF0,2026-09-17T19:05:33.138805557Z,pb1awn7unm6pv3rd9s0wzg4vje357dn3pn8ua530c,pb1rrwuxd65chqed6t0c5z8z505daw0rvsveyl0eq,,,,,,,,,,,,,2026-09-18T17:42:32.645653+00:00
scope1qptqkjft45yy8svr98xvm4r40txsqfqrmy,A130BC16BB9902B0C403F2B6F38C75B49C8A32E16A2923AB72685918AD00AAC2,2026-09-17T19:05:24.491911860Z,pb1kx5k0nr068xhxgcmnzzef9523cxdcexlm3r29w,pb1rrwuxd65chqed6t0c5z8z505daw0rvsveyl0eq,,,,,,,,,,,,,2026-09-18T17:42:33.228045+00:00
scope1qpq2ku6fx67y5zywqs5vdzyycdhs0mhmtk,7F78DB963C18928C027AE9F97E13FF3F1A8114354DEBBA9E67321C07342836A0,2026-09-17T19:03:49.326348284Z,pb1xvd4k9jg5h0d4dhzr4z0txtwe9p5zxf58xcmxd,pb1rrwuxd65chqed6t0c5z8z505daw0rvsveyl0eq,,,,,,,,,,,,,2026-09-18T17:42:33.799051+00:00
scope1qq402nt8p7c5ncy0vgkaul5tc96sytuvdy,7CE5B465DB9DC47BC3B3DB02B653EC15BA4B88CF96AE3739B5A3BB3855416A73,2026-09-17T19:01:35.104624304Z,pb1kx5k0nr068xhxgcmnzzef9523cxdcexlm3r29w,pb1rrwuxd65chqed6t0c5z8z505daw0rvsveyl0eq,,,,,,,,,,,,,2026-09-18T17:42:34.389268+00:00
scope1qz46r0f42tl5q4yjn7470staqhsqwlcten,4303C262B7D2F3E3C216D2CC160C083B9422C3C9B1FC10CC9EC0CC0622B59BBB,2026-09-17T19:00:39.159426855Z,pb1xzl9wgh0ry2dma43f58vmuteqd3996j6mhqhgz,pb1rrwuxd65chqed6t0c5z8z505daw0rvsveyl0eq,,,,,,,,,,,,,2026-09-18T17:42:34.949934+00:00
scope1qqvzlrs4fw45jcyeggxkpl8wrtzsaj6gu9,70E72CC81F850C334C997C0D679FAF85C3DA0099B4C9B5F0046E52938A9E5E4A,2026-09-17T19:00:30.391894846Z,pb13knswfs6ack05wveq5nua7jgc5jnld3zg8xl52,pb1rrwuxd65chqed6t0c5z8z505daw0rvsveyl0eq,,,,,,,,,,,,,2026-09-18T17:42:35.525727+00:00
scope1qppa3kwggpyyk7d30skxay4jmwtqfpf4e2,01D7CE00B7E1B363EE1C35AF0E37EF192680A583418D330BEA47A72A149B2427,2026-09-17T19:00:21.874148736Z,pb1kx5k0nr068xhxgcmnzzef9523cxdcexlm3r29w,pb1rrwuxd65chqed6t0c5z8z505daw0rvsveyl0eq,,,,,,,,,,,,,2026-09-18T17:42:36.100210+00:00
scope1qpcpthjfhvm52s9r9kme4y6f7c6q6v4tmc,24F6E2998162B07FB2CE0D41478E1D86E6CA3816B908D64D93CAF298FD2FBDA8,2026-09-17T18:59:51.212561142Z,pb1fmxzuzx5c4ja50vu94nt0aessnuedzmppde8qr,pb1rrwuxd65chqed6t0c5z8z505daw0rvsveyl0eq,,,,,,,,,,,,,2026-09-18T17:42:36.671044+00:00
scope1qz630ykmmgsyqvdxthgj0atlp0kq2m89gh,41DC90ABB0838F8770BC0B38972644617E4CFABDADA1A33E8517F3E5677D4EA3,2026-09-17T18:56:10.543892124Z,pb1xvd4k9jg5h0d4dhzr4z0txtwe9p5zxf58xcmxd,pb1rrwuxd65chqed6t0c5z8z505daw0rvsveyl0eq,,,,,,,,,,,,,2026-09-18T17:42:37.227470+00:00
scope1qrh4a7uwxql5279j5r9an635taps883fw5,A2576031D202BBB9CA567B24429C71D6B78D04295C0A117A6441ABED6DF1B475,2026-09-17T18:55:51.947712667Z,pb1589kxggzm5sd82dzre47zpp9wjnr4fr229srtj,pb1rrwuxd65chqed6t0c5z8z505daw0rvsveyl0eq,,,,,,,,,,,,,2026-09-18T17:42:37.771002+00:00
scope1qrs7waec6c4y54vgk2wf0f3g8psskr0maa,B988E0FE3478A2204812616EC2849BEF960BE26225DF752073EF2FAC10EA80F7,2026-09-17T18:55:43.302841300Z,pb1xvd4k9jg5h0d4dhzr4z0txtwe9p5zxf58xcmxd,pb1rrwuxd65chqed6t0c5z8z505daw0rvsveyl0eq,,,,,,,,,,,,,2026-09-18T17:42:38.326059+00:00
scope1qzlwzvvetw2yq9avxf2n5pqxg3kqv7z68r,6452BAE18CC0912BE302936CEC01D245149153C6F3B0795F5574058B1DF935D3,2026-09-17T18:55:38.793335234Z,pb1xvd4k9jg5h0d4dhzr4z0txtwe9p5zxf58xcmxd,pb1rrwuxd65chqed6t0c5z8z505daw0rvsveyl0eq,,,,,,,,,,,,,2026-09-18T17:42:38.875883+00:00
scope1qrscx39vzn4y8cyle6vh34t0nhyqkguajj,D0548A2995B0C137519373D8D3EE10D55CEA44189AA1EBA097A0239C9141CD59,2026-09-17T18:55:34.513530937Z,pb13knswfs6ack05wveq5nua7jgc5jnld3zg8xl52,pb1rrwuxd65chqed6t0c5z8z505daw0rvsveyl0eq,,,,,,,,,,,,,2026-09-18T17:42:39.422419+00:00
scope1qz3w7mv0h9p5addhaskadwmhwkaqew8ca8,18A137FE27FC60F78A94D04B449A94EFC6772DFA9A0FACD9F503B69A805C1873,2026-09-17T18:55:25.760419554Z,pb1xvd4k9jg5h0d4dhzr4z0txtwe9p5zxf58xcmxd,pb1rrwuxd65chqed6t0c5z8z505daw0rvsveyl0eq,,,,,,,,,,,,,2026-09-18T17:42:39.976532+00:00
scope1qqsq6twv4w8ysm9exvkzfj792c7s6svs2k,5A98A1D2B36BAA45123858793E08BB565EF81D5B62CF4649317BDA16B0E25598,2026-09-17T18:55:21.295847234Z,pb1k38pa6rgnepcs592n4mvr3hxucw8tslprcmlvk,pb1rrwuxd65chqed6t0c5z8z505daw0rvsveyl0eq,,,,,,,,,,,,,2026-09-18T17:42:40.538512+00:00
scope1qpxwpz3x2265fgvahszu9esd6f6slwhlry,EEB6425BEA957D188BCAAFEB70F297D5BF929BF4934626027B4B4C3EB8B8B694,2026-09-17T18:55:12.469611926Z,pb1xvd4k9jg5h0d4dhzr4z0txtwe9p5zxf58xcmxd,pb1rrwuxd65chqed6t0c5z8z505daw0rvsveyl0eq,,,,,,,,,,,,,2026-09-18T17:42:41.096511+00:00
scope1qqplcsyfr0qynyv3rq3v3agke5jquqgcyf,7D16AB44D2BA3922F57DA7ED6492BA4DE9DA42436078A29790E7710843915B67,2026-09-17T18:53:02.443347097Z,pb1xvd4k9jg5h0d4dhzr4z0txtwe9p5zxf58xcmxd,pb1rrwuxd65chqed6t0c5z8z505daw0rvsveyl0eq,,,,,,,,,,,,,2026-09-18T17:42:41.645608+00:00
scope1qpaflh5lzvs54lv9lmy76xxp9qpq9ayft5,29B3090751843A1731580675583D13F884ED5C4021338C24D656F929A28083B3,2026-09-17T18:52:27.612931439Z,pb1xvd4k9jg5h0d4dhzr4z0txtwe9p5zxf58xcmxd,pb1rrwuxd65chqed6t0c5z8z505daw0rvsveyl0eq,,,,,,,,,,,,,2026-09-18T17:42:42.210771+00:00
scope1qqwnt3qqaj5yt45d3psvw8aut3jqlww4ad,0513D34EF237642E4015B9489EF3710E35AA9D8F5AAB201033CFADB7EDF59A22,2026-09-17T18:51:26.842270325Z,pb1xvd4k9jg5h0d4dhzr4z0txtwe9p5zxf58xcmxd,pb1rrwuxd65chqed6t0c5z8z505daw0rvsveyl0eq,,,,,,,,,,,,,2026-09-18T17:42:42.761863+00:00
scope1qppp0h366k45fj56rxpwxgsnnays282xfn,DD053C4B81437F8C06BF6669A8E6B86FF23F0FAFC37061257239DC8122DBA8EC,2026-09-17T18:51:13.989914961Z,pb13knswfs6ack05wveq5nua7jgc5jnld3zg8xl52,pb1rrwuxd65chqed6t0c5z8z505daw0rvsveyl0eq,,,,,,,,,,,,,2026-09-18T17:42:43.333015+00:00
scope1qz207ntqjtuyjd57ttgwyarsc49qwj0jhd,E572B51208032BCD5759E3EF25371F09ACF8B7317BEF2FADA848278013E63700,2026-09-17T18:50:35.334915345Z,pb16j3hxhr0m56h9u9ptdtz2qpmtd7333f77h64m6,pb1rrwuxd65chqed6t0c5z8z505daw0rvsveyl0eq,,,,,,,,,,,,,2026-09-18T17:42:44.444192+00:00
scope1qz2f2k2njuw57tamq3a9v52ma3vsdxyc0g,E391886BDBDE74A45F07CEDA7BE1984B70004D5B6E2FA1EEE14DEDC22E629F03,2026-09-17T18:50:35.334915345Z,pb1fmxzuzx5c4ja50vu94nt0aessnuedzmppde8qr,pb1rrwuxd65chqed6t0c5z8z505daw0rvsveyl0eq,,,,,,,,,,,,,2026-09-18T17:42:43.886151+00:00
scope1qr7v4kxrwly5zqd2x8jy0r378xes85c6pm,8D87237D7503F9273DD8CA108B39C79A122B31CC181DBE30E9B75DF061332562,2026-09-17T18:50:22.565872140Z,pb1xvd4k9jg5h0d4dhzr4z0txtwe9p5zxf58xcmxd,pb1rrwuxd65chqed6t0c5z8z505daw0rvsveyl0eq,,,,,,,,,,,,,2026-09-18T17:42:45.020168+00:00
scope1qq5a4yej0pfy8pvha0mt2yu6jdvqsq3yzd,8D87237D7503F9273DD8CA108B39C79A122B31CC181DBE30E9B75DF061332562,2026-09-17T18:50:22.565872140Z,pb1xvd4k9jg5h0d4dhzr4z0txtwe9p5zxf58xcmxd,pb1rrwuxd65chqed6t0c5z8z505daw0rvsveyl0eq,,,,,,,,,,,,,2026-09-18T17:42:45.020105+00:00
scope1qpswrve0dm0y2jdcgzde3ewa35csljydf9,D07153449001BC5B9914C0D233E2748F742BF3EF992ECA93B53F87EBBCA80074,2026-09-17T18:49:47.508236201Z,pb1xvd4k9jg5h0d4dhzr4z0txtwe9p5zxf58xcmxd,pb1rrwuxd65chqed6t0c5z8z505daw0rvsveyl0eq,,,,,,,,,,,,,2026-09-18T17:42:45.607742+00:00
scope1qpv9d8hsshd5jty8qlmf89f949ssnd7scf,55D21EBBFA7D2A15C271C96D8A29812EB5C0908744943F83EA127C492E7FED06,2026-09-17T18:49:12.734784544Z,pb13knswfs6ack05wveq5nua7jgc5jnld3zg8xl52,pb1rrwuxd65chqed6t0c5z8z505daw0rvsveyl0eq,,,,,,,,,,,,,2026-09-18T17:42:46.162114+00:00
scope1qr3txtzu36c5tj9acmrmpqpj34nq86m9h7,16D9C016DE0A1B3231BD125FCB6EE4FE4464F18AD962CCCEC1B39F4CD275D238,2026-09-17T18:48:12.520298488Z,pb1xvd4k9jg5h0d4dhzr4z0txtwe9p5zxf58xcmxd,pb1rrwuxd65chqed6t0c5z8z505daw0rvsveyl0eq,,,,,,,,,,,,,2026-09-18T17:42:46.720729+00:00
scope1qr2hzry9tsz5nqymmztm3mn5p3csl5vu4w,E621430105059EF44307E8E14511834D8BDDEE54CDD1C5CC2404AF5CD8B26D9B,2026-09-17T18:47:59.368192383Z,pb13knswfs6ack05wveq5nua7jgc5jnld3zg8xl52,pb1rrwuxd65chqed6t0c5z8z505daw0rvsveyl0eq,,,,,,,,,,,,,2026-09-18T17:42:47.279941+00:00
scope1qpf8c8c9klqyl6944sm2c7kf9qcq6xx5n4,5F0EBA8EE42172CBBF921E8326F1CC990C0CA3E43F8B54B04E873D64D26CEC86,2026-09-17T18:45:41.503017124Z,pb1awn7unm6pv3rd9s0wzg4vje357dn3pn8ua530c,pb1rrwuxd65chqed6t0c5z8z505daw0rvsveyl0eq,,,,,,,,,,,,,2026-09-18T17:42:47.832635+00:00
scope1qrmutuut4cwyar4hv47a3w99m53sceu5rr,7CAF4140171BF52811D57629289893FE552C94F1C900363E2D0F1F2D422A3779,2026-09-17T18:45:28.370470937Z,pb1xvd4k9jg5h0d4dhzr4z0txtwe9p5zxf58xcmxd,pb1rrwuxd65chqed6t0c5z8z505daw0rvsveyl0eq,,,,,,,,,,,,,2026-09-18T17:42:48.380484+00:00
scope1qqxwq0h60995wmassdrulthmf55s6xwvw8,510490278D9B6F2106BC2E1DAAC522760E436CD9B9229BF9760E8C88FB49851A,2026-09-17T18:45:23.964182412Z,pb1xvd4k9jg5h0d4dhzr4z0txtwe9p5zxf58xcmxd,pb1rrwuxd65chqed6t0c5z8z505daw0rvsveyl0eq,,,,,,,,,,,,,2026-09-18T17:42:48.933393+00:00
scope1qqqrgs83cpz5ec987he54lknescq605fce,510490278D9B6F2106BC2E1DAAC522760E436CD9B9229BF9760E8C88FB49851A,2026-09-17T18:45:23.964182412Z,pb1xvd4k9jg5h0d4dhzr4z0txtwe9p5zxf58xcmxd,pb1rrwuxd65chqed6t0c5z8z505daw0rvsveyl0eq,,,,,,,,,,,,,2026-09-18T17:42:48.933333+00:00
scope1qq3jwzxm94fyrav64cjg97p0mtzs4lqspa,4189CC16EB0E4E011652D256ACB3B24BB8A7BFD4030A9829EA4779E6D7D0C655,2026-09-17T18:45:19.590596537Z,pb109v8r0nk4du3k7vw3yf5dt8cjnhp9dtmaqahaa,pb1rrwuxd65chqed6t0c5z8z505daw0rvsveyl0eq,,,,,,,,,,,,,2026-09-18T17:42:49.489523+00:00
scope1qzjhkxh639n5m9ddvysaduun00yqm2g87g,1EE3F24BFE419056DCAD4E3BD8B5D634187EF3EA770F3F19CD6FB9602ADFF805,2026-09-17T18:44:48.942454310Z,pb13knswfs6ack05wveq5nua7jgc5jnld3zg8xl52,pb1rrwuxd65chqed6t0c5z8z505daw0rvsveyl0eq,,,,,,,,,,,,,2026-09-18T17:42:50.045808+00:00
scope1qpmd8tr8hnjykd96qwupyp0tguxstpm2j4,94FEC2100CA473F5D96F55991E5E19C67304D63EB2DE6A9D7D220039D32140CD,2026-09-17T18:43:17.108468662Z,pb1xvd4k9jg5h0d4dhzr4z0txtwe9p5zxf58xcmxd,pb1rrwuxd65chqed6t0c5z8z505daw0rvsveyl0eq,,,,,,,,,,,,,2026-09-18T17:43:06.201133+00:00
scope1qpzc3pr27ag5fd9t5puhtvjtfemqtfuvfr,883C4E4C1FCBAC554559DB633B8A22047CE3F7C28ED8B731DA59DE612B150BEF,2026-09-17T18:40:36.892439085Z,pb1xvd4k9jg5h0d4dhzr4z0txtwe9p5zxf58xcmxd,pb1rrwuxd65chqed6t0c5z8z505daw0rvsveyl0eq,,,,,,,,,,,,,2026-09-18T17:43:06.743414+00:00
scope1qp6p4w2t5ld570dvuzzuhfzvk6vqfunhsp,A7DBD7A901D06E1D488E548AE38580196162880369B6E29909F5528F3346B99F,2026-09-17T18:40:28.218365428Z,pb1kx5k0nr068xhxgcmnzzef9523cxdcexlm3r29w,pb1rrwuxd65chqed6t0c5z8z505daw0rvsveyl0eq,,,,,,,,,,,,,2026-09-18T17:43:07.886195+00:00
scope1qzm4jxf57yjyccdqmwl53fvm7w3q2a9tkf,F8B83864FFD29E6E2DF880F364F12D7B1BBDC052A6312F29ED1D01AAEB2DA14A,2026-09-17T18:40:28.218365428Z,pb16j3hxhr0m56h9u9ptdtz2qpmtd7333f77h64m6,pb1rrwuxd65chqed6t0c5z8z505daw0rvsveyl0eq,,,,,,,,,,,,,2026-09-18T17:43:07.331723+00:00
scope1qz35kpje664yprdkylqhn7xp24yq53nxcm,B9CCB9BFB425E622CC9927354C76595BE9D0FDB25980395EEE210BC7AA681933,2026-09-17T18:40:19.543483805Z,pb13knswfs6ack05wveq5nua7jgc5jnld3zg8xl52,pb1rrwuxd65chqed6t0c5z8z505daw0rvsveyl0eq,,,,,,,,,,,,,2026-09-18T17:43:08.444241+00:00
scope1qp0mpqlf2f5yce484pe3xrlyyr7q2ffxke,6D679D100598AFA409555801309DE05023EABB97C82EA51800DA8A50F3096376,2026-09-17T18:40:10.786342632Z,pb1k38pa6rgnepcs592n4mvr3hxucw8tslprcmlvk,pb1rrwuxd65chqed6t0c5z8z505daw0rvsveyl0eq,,,,,,,,,,,,,2026-09-18T17:43:09.004250+00:00
scope1qrmka7ccpad5n6d00gl39dehtpuswhhrce,176C6370CEC8642D7D436B7122C6C4029EC0C8D546803B860188C1592A5EFA55,2026-09-17T18:40:06.445607788Z,pb1xvd4k9jg5h0d4dhzr4z0txtwe9p5zxf58xcmxd,pb1rrwuxd65chqed6t0c5z8z505daw0rvsveyl0eq,,,,,,,,,,,,,2026-09-18T17:43:09.552750+00:00
scope1qpre9tghvtk5tr9tcx4652jukt2q8rqpag,DFA0B7E01328378C11377C84CD8F14E4E5FB38CA107B51BDD707795C564797BA,2026-09-17T18:39:57.726059664Z,pb13knswfs6ack05wveq5nua7jgc5jnld3zg8xl52,pb1rrwuxd65chqed6t0c5z8z505daw0rvsveyl0eq,,,,,,,,,,,,,2026-09-18T17:43:10.172456+00:00
scope1qqcp84w5xd058c9m2cg8hdycr4tsax00zj,5F015EDD18111CC67273B1DC9CDA1C843C2DED8D7DEF319642FFCDA5D25AE7AB,2026-09-17T18:39:18.909806747Z,pb1xvd4k9jg5h0d4dhzr4z0txtwe9p5zxf58xcmxd,pb1rrwuxd65chqed6t0c5z8z505daw0rvsveyl0eq,,,,,,,,,,,,,2026-09-18T17:43:10.719180+00:00
scope1qrvy2yxv2p7yhw57nu0hxtve9f6q0et2zj,485A526C93F5C0BDF4F1A422889333F9075F293EBF12BA2A99E2583D02EB8A8D,2026-09-17T18:37:52.028593334Z,pb1xvd4k9jg5h0d4dhzr4z0txtwe9p5zxf58xcmxd,pb1rrwuxd65chqed6t0c5z8z505daw0rvsveyl0eq,,,,,,,,,,,,,2026-09-18T17:43:11.797255+00:00
scope1qpqmu5auhfgy7r53mwkv2wyhagfss449hj,6B0396A4D2636EBC76C90E77A30859AF5EF98D0166994E33FB948632AEDDD6C5,2026-09-17T18:37:52.028593334Z,pb14ep8k6jtc338c00t9khyrydpw7vywagdzqntwz,pb1rrwuxd65chqed6t0c5z8z505daw0rvsveyl0eq,,,,,,,,,,,,,2026-09-18T17:43:11.252865+00:00
scope1qr6kkgd03na5pfavt37wua4hyuqsa6z3vd,46E54D31D6CB8081A6D7E4AE22F25D3B8EB2D33C455AB107E2BD5A1A3749DC1D,2026-09-17T18:37:12.892414959Z,pb1xvd4k9jg5h0d4dhzr4z0txtwe9p5zxf58xcmxd,pb1rrwuxd65chqed6t0c5z8z505daw0rvsveyl0eq,,,,,,,,,,,,,2026-09-18T17:43:12.352549+00:00
scope1qqy3p6rd3dp5g0v4eqff7t2kcckserk7cs,B6ECC5E8F284C57794A0AA2780E2B05A8744623F1AC0EC3846938A02490FC687,2026-09-17T18:36:21.231870122Z,pb1xvd4k9jg5h0d4dhzr4z0txtwe9p5zxf58xcmxd,pb1rrwuxd65chqed6t0c5z8z505daw0rvsveyl0eq,,,,,,,,,,,,,2026-09-18T17:43:12.900507+00:00
scope1qqxt97seyyz57t954z5ue2vafk2qt2yqc6,B952A728C8320E6BF2AC34526B871111471F8D96A4916ED45F524D81F8D90168,2026-09-17T18:36:04.024171509Z,pb1xvd4k9jg5h0d4dhzr4z0txtwe9p5zxf58xcmxd,pb1rrwuxd65chqed6t0c5z8z505daw0rvsveyl0eq,,,,,,,,,,,,,2026-09-18T17:43:13.456288+00:00
scope1qpupdtvhk4tymhauxft7r0hvv3sstus0mm,4EF12AEBE4D3EE5F14D13DE70BC8393917B37A3D95E7FA2A3078593AB969E92B,2026-09-17T18:35:46.417264051Z,pb16j3hxhr0m56h9u9ptdtz2qpmtd7333f77h64m6,pb1rrwuxd65chqed6t0c5z8z505daw0rvsveyl0eq,,,,,,,,,,,,,2026-09-18T17:43:14.007231+00:00
scope1qp73kssgpa75vd4gg74d6vgwwtgqlgvetm,272C8B3A0ED49CB08BC1989C012864AE61E1BDF581D7E36EC5CFD41F2221C834,2026-09-17T18:35:33.183501789Z,pb1589kxggzm5sd82dzre47zpp9wjnr4fr229srtj,pb1rrwuxd65chqed6t0c5z8z505daw0rvsveyl0eq,,,,,,,,,,,,,2026-09-18T17:43:14.571471+00:00
scope1qrzddarglknyp7vdttks5ptxcsqqg2hrcj,658477A7CE3739B5BD68DC359BAF6000F2ED31BD2BFA585CFB9D957F012D46B9,2026-09-17T18:35:24.363248802Z,pb13knswfs6ack05wveq5nua7jgc5jnld3zg8xl52,pb1rrwuxd65chqed6t0c5z8z505daw0rvsveyl0eq,,,,,,,,,,,,,2026-09-18T17:43:15.668533+00:00
scope1qzgyw9uwzu25myvfxumyhwa8rleqr5k35r,515C72D58E727BFBE0BCB654FA385E404A3FC4DA0225A725E41663199122E0BB,2026-09-17T18:35:24.363248802Z,pb1xvd4k9jg5h0d4dhzr4z0txtwe9p5zxf58xcmxd,pb1rrwuxd65chqed6t0c5z8z505daw0rvsveyl0eq,,,,,,,,,,,,,2026-09-18T17:43:15.116873+00:00
scope1qzjr5uqs2gzyqgyn85e54pjrskcsqvjvkz,5AA618E8B212ADADD15E1666D28163ADE13EA5D58F1AD6920F35CA42DCBB278F,2026-09-17T18:35:20.000319057Z,pb1kx5k0nr068xhxgcmnzzef9523cxdcexlm3r29w,pb1rrwuxd65chqed6t0c5z8z505daw0rvsveyl0eq,,,,,,,,,,,,,2026-09-18T17:43:16.225435+00:00
scope1qqg6z7zk4pyyupvez3vxfsmzsevqvp445w,0F29812A096D26AFAA3A511C5963A2286237720AF6F4213DF0AD04DDECBAD570,2026-09-17T18:35:15.685333273Z,pb1xvd4k9jg5h0d4dhzr4z0txtwe9p5zxf58xcmxd,pb1rrwuxd65chqed6t0c5z8z505daw0rvsveyl0eq,,,,,,,,,,,,,2026-09-18T17:43:16.800434+00:00
scope1qphvkpjpf7a5q5uf6qtzpawhaexq2s9eaj,AA49FECB62A7AC6D116DCC6EEFB24D3736392B21809749592DF9A564941AA333,2026-09-17T18:35:02.702869490Z,pb1xvd4k9jg5h0d4dhzr4z0txtwe9p5zxf58xcmxd,pb1rrwuxd65chqed6t0c5z8z505daw0rvsveyl0eq,,,,,,,,,,,,,2026-09-18T17:43:17.390509+00:00
scope1qrzcv9l4xl45e290lx7jynhjklts49t8n4,906DF80EB5439092DF0E3750F0D2C49AEA5563E69D1744732097F28C03C6F4CE,2026-09-17T18:32:26.648359238Z,pb13knswfs6ack05wveq5nua7jgc5jnld3zg8xl52,pb1rrwuxd65chqed6t0c5z8z505daw0rvsveyl0eq,,,,,,,,,,,,,2026-09-18T17:43:17.955253+00:00
scope1qzwl2a05e44yqr4y5rgacwxjar0s8r7n00,8449122DA977821B58CE6D6FA93B1A2339784396B5C0FDF06FE1F65525A2705C,2026-09-17T18:32:22.327072893Z,pb1xvd4k9jg5h0d4dhzr4z0txtwe9p5zxf58xcmxd,pb1rrwuxd65chqed6t0c5z8z505daw0rvsveyl0eq,,,,,,,,,,,,,2026-09-18T17:43:18.506896+00:00
scope1qrpmlfdmttf54w4hzksvm3ugjqtsfuwqpu,C88FAEC4B7CBF802F469F5309EF14F8576C13A4350F849D3AC75D1FCAD1990EC,2026-09-17T18:31:39.137185458Z,pb13knswfs6ack05wveq5nua7jgc5jnld3zg8xl52,pb1rrwuxd65chqed6t0c5z8z505daw0rvsveyl0eq,,,,,,,,,,,,,2026-09-18T17:43:19.065337+00:00
scope1qptq6fyy8ckyvl97mp45ty3z2lksjg5vty,01F72A1BF91CAE64CC183772E46993FCA1F21CE20B6CB13DA10A9E0EC1EC0041,2026-09-17T18:31:34.786385159Z,pb1xvd4k9jg5h0d4dhzr4z0txtwe9p5zxf58xcmxd,pb1rrwuxd65chqed6t0c5z8z505daw0rvsveyl0eq,,,,,,,,,,,,,2026-09-18T17:43:19.616072+00:00
scope1qqn30zl027s5chuhlmntxwhczkdq3tdx0v,FB57F2231FB50FDECF20179F1840016F2DB7553506D6197AB71F3E36B1E72FFE,2026-09-17T18:30:55.333205856Z,pb1xvd4k9jg5h0d4dhzr4z0txtwe9p5zxf58xcmxd,pb1rrwuxd65chqed6t0c5z8z505daw0rvsveyl0eq,,,,,,,,,,,,,2026-09-18T17:43:20.716917+00:00
scope1qz2jank7urc52rddrwntgyttk8gqzyew8p,E82C46C0ACB52BB38087CAC46C01288B9F91C7C11FB2BCFFAFE1BEB32F322541,2026-09-17T18:30:55.333205856Z,pb1k38pa6rgnepcs592n4mvr3hxucw8tslprcmlvk,pb1rrwuxd65chqed6t0c5z8z505daw0rvsveyl0eq,,,,,,,,,,,,,2026-09-18T17:43:20.162867+00:00
scope1qqlcmpflrtg5zxdhddm2zma402sse3av30,C3496040FDCB7A578F8A173F505FECCA916F283084088E5C3ACE3D081DAB0CC0,2026-09-17T18:30:50.956110396Z,pb1xvd4k9jg5h0d4dhzr4z0txtwe9p5zxf58xcmxd,pb1rrwuxd65chqed6t0c5z8z505daw0rvsveyl0eq,,,,,,,,,,,,,2026-09-18T17:43:21.269570+00:00
scope1qqdp363tzg3ycpuc0tfh88ml6xdsaxts42,63251439D26823A387FFE407C4B6E483F1032EC241CC81601443D425203F6F98,2026-09-17T18:30:46.672294760Z,pb17e03lfm0sxjkf860l4n2j2h5yh4s9etq5l9laq,pb1rrwuxd65chqed6t0c5z8z505daw0rvsveyl0eq,,,,,,,,,,,,,2026-09-18T17:43:22.922433+00:00
scope1qp7zue2a3tk55uvkmwaz87lcejmq4mpssj,B8884636FCE517BA94DAF74E53C672E1A267D4DEA30A4EC9D337B046E419C700,2026-09-17T18:30:46.672294760Z,pb1xvd4k9jg5h0d4dhzr4z0txtwe9p5zxf58xcmxd,pb1rrwuxd65chqed6t0c5z8z505daw0rvsveyl0eq,,,,,,,,,,,,,2026-09-18T17:43:22.374213+00:00
scope1qqylq2n3r3vyf59d23qwe54phlgsmw07h3,054EFCAFE68B03AD801937E01E2520B25E76520678ACF1C44FD3EF92E39C0F67,2026-09-17T18:30:46.672294760Z,pb13knswfs6ack05wveq5nua7jgc5jnld3zg8xl52,pb1rrwuxd65chqed6t0c5z8z505daw0rvsveyl0eq,,,,,,,,,,,,,2026-09-18T17:43:21.820810+00:00
scope1qzf2nnfxww6yesvutfrzt3uwlf0sd68kad,4A6EA460E099E1D5FAA3BDD9CE4A3C407306A18E64F52D5A1FA0ABAA5BF59FAC,2026-09-17T18:30:37.966170217Z,pb1k38pa6rgnepcs592n4mvr3hxucw8tslprcmlvk,pb1rrwuxd65chqed6t0c5z8z505daw0rvsveyl0eq,,,,,,,,,,,,,2026-09-18T17:43:23.463218+00:00
scope1qppnd2r7wsuyxvu0cwudd53l5c9qp8qzu9,309DA93FE93ED234B90F9A99376C22002247646113462A2A4A1E8C7A6ED4C241,2026-09-17T18:30:33.490896479Z,pb16j3hxhr0m56h9u9ptdtz2qpmtd7333f77h64m6,pb1rrwuxd65chqed6t0c5z8z505daw0rvsveyl0eq,,,,,,,,,,,,,2026-09-18T17:43:24.585498+00:00
scope1qrst842kyc9ygn9j8rc0xdvegxjqzqccgv,70F1007E9E3E63FC0D434C28DB48DCC0804132ED4E50F22023D2976ECD907D0F,2026-09-17T18:30:33.490896479Z,pb1xvd4k9jg5h0d4dhzr4z0txtwe9p5zxf58xcmxd,pb1rrwuxd65chqed6t0c5z8z505daw0rvsveyl0eq,,,,,,,,,,,,,2026-09-18T17:43:24.035960+00:00
scope1qrkmhh3upnp54zv6730dpmzzjvnqwlar7x,355B798A91827F24D23EA7DD6A41D74AA9AF6B91879E9A0CA710B50240BAC704,2026-09-17T18:30:20.571138977Z,pb134yg6h3g0vjq9ct2lpmx6sdxv3yuz942wrpxuu,pb1rrwuxd65chqed6t0c5z8z505daw0rvsveyl0eq,,,,,,,,,,,,,2026-09-18T17:43:25.157863+00:00
scope1qr6g7c6fs5a5lzu6zc2nz6dxuuvq293el0,A1A7CD5271308AF1A27429E74CFF17C7EA9F37C5526E76A477A2C9760D675DFB,2026-09-17T18:29:11.275318570Z,pb14avsmj2j4let700u4l7m6m3j9afpufpu03s0lv,pb1rrwuxd65chqed6t0c5z8z505daw0rvsveyl0eq,,,,,,,,,,,,,2026-09-18T17:43:26.230381+00:00
scope1qq72qlcjrgsyefurqd96sljckz8qfvxfem,E181FFF4BDE8551FDB2614597FED6F5ADB002CCD29FEFB5D3404F3ECAD5E537F,2026-09-17T18:28:45.255113194Z,pb1xvd4k9jg5h0d4dhzr4z0txtwe9p5zxf58xcmxd,pb1rrwuxd65chqed6t0c5z8z505daw0rvsveyl0eq,,,,,,,,,,,,,2026-09-18T17:43:26.783480+00:00
scope1qrlgjeh5kqv5fn4mjc9nzllsn5rqndswu7,F49CB298DCF4305B5A2851F36A5F16FCA5747A5F5C9DE18DF9186ECE39CB2DFD,2026-09-17T18:28:10.163144375Z,pb1xvd4k9jg5h0d4dhzr4z0txtwe9p5zxf58xcmxd,pb1rrwuxd65chqed6t0c5z8z505daw0rvsveyl0eq,,,,,,,,,,,,,2026-09-18T17:43:27.361300+00:00
scope1qqgj8j70mfmyzx4cnazzvyyduz3q2xhl4e,9B193CD59C7B9E39CD32ACC69A69D99468084392A0749B6A59AF0BA22B442626,2026-09-17T18:27:52.692936557Z,pb1k38pa6rgnepcs592n4mvr3hxucw8tslprcmlvk,pb1rrwuxd65chqed6t0c5z8z505daw0rvsveyl0eq,,,,,,,,,,,,,2026-09-18T17:43:27.917240+00:00
scope1qzap4d8pdxmy2taegl45k8r8vrdsawxgjv,34189D0F557105F5613E992E29B17E4CFC7DAF2BA91FE20AE17A93FDEC37B504,2026-09-17T18:27:39.431855709Z,pb1xvd4k9jg5h0d4dhzr4z0txtwe9p5zxf58xcmxd,pb1rrwuxd65chqed6t0c5z8z505daw0rvsveyl0eq,,,,,,,,,,,,,2026-09-18T17:43:28.461481+00:00
scope1qqq9x4ewef85u7a5fkz2ywnqccgqey5347,EF014AF4F0FE9505BBB09C01344CF4B545920E218F4C677EB35FC690DBEFB6A9,2026-09-17T18:27:30.832658127Z,pb1awn7unm6pv3rd9s0wzg4vje357dn3pn8ua530c,pb1rrwuxd65chqed6t0c5z8z505daw0rvsveyl0eq,,,,,,,,,,,,,2026-09-18T17:43:29.023592+00:00
scope1qqtnamrdqmcyl44vkcrgyfkaa0qq5jw2cf,BBD48FB205523E6B631AAF83A98C9E73F780804682B36C694C39E5556822A685,2026-09-17T18:27:22.288966229Z,pb1xvd4k9jg5h0d4dhzr4z0txtwe9p5zxf58xcmxd,pb1rrwuxd65chqed6t0c5z8z505daw0rvsveyl0eq,,,,,,,,,,,,,2026-09-18T17:43:29.573573+00:00
scope1qp8jtcjc4vq5avdstmf3rerezdpsmz8ker,7D53D79C706AC3268BCE4162380782CAC88DEC4A5AB9EB103C0BCA3744D0E8D1,2026-09-17T18:27:13.693986699Z,pb1xvd4k9jg5h0d4dhzr4z0txtwe9p5zxf58xcmxd,pb1rrwuxd65chqed6t0c5z8z505daw0rvsveyl0eq,,,,,,,,,,,,,2026-09-18T17:43:30.121134+00:00
scope1qr9quu6mzz55ghd8msmnt9h88xpq4pkgaa,CA023A47D86C3657428AF4452BE80B189BC8E1D05154B04C1A4C9BD8DB468A9E,2026-09-17T18:26:43.291598071Z,pb13knswfs6ack05wveq5nua7jgc5jnld3zg8xl52,pb1rrwuxd65chqed6t0c5z8z505daw0rvsveyl0eq,,,,,,,,,,,,,2026-09-18T17:43:30.673188+00:00
scope1qr3ggtly2fxyaduqgj9pktlmg5kqt6e4lr,07EC9DDD51123B0762250F302D5D7804BD7D66149F4213B3EDDD9B40DCAA94C4,2026-09-17T18:26:21.431051811Z,pb1xvd4k9jg5h0d4dhzr4z0txtwe9p5zxf58xcmxd,pb1rrwuxd65chqed6t0c5z8z505daw0rvsveyl0eq,,,,,,,,,,,,,2026-09-18T17:43:31.229981+00:00
scope1qr2yxdjllup5re58h3a8mnmfj4eqc9gpf6,21AFF524AEE3046E92A6D8C9AA639D11A0BC645FCBEF083437FCA44F4C970D72,2026-09-17T18:26:17.151295442Z,pb1xvd4k9jg5h0d4dhzr4z0txtwe9p5zxf58xcmxd,pb1rrwuxd65chqed6t0c5z8z505daw0rvsveyl0eq,,,,,,,,,,,,,2026-09-18T17:43:31.780087+00:00
scope1qzs0j38ftdry8yagu5puk42h40us3kah20,368F8BB8CCBE7FE8216B4DE481C0C1BF54304A4E62E51A73B8CE0E3BA2F6CFAB,2026-09-17T18:26:12.829903488Z,pb1xvd4k9jg5h0d4dhzr4z0txtwe9p5zxf58xcmxd,pb1rrwuxd65chqed6t0c5z8z505daw0rvsveyl0eq,,,,,,,,,,,,,2026-09-18T17:43:32.336789+00:00
scope1qrkn3kagc3a5dd9vv3xru4tdvz9s9w6l8j,CA8F65C2C6C92208C90904C4B8944ACB4FF4E0376AC756A100BFB69AF209C729,2026-09-17T18:26:04.252949594Z,pb1xvd4k9jg5h0d4dhzr4z0txtwe9p5zxf58xcmxd,pb1rrwuxd65chqed6t0c5z8z505daw0rvsveyl0eq,,,,,,,,,,,,,2026-09-18T17:43:32.890961+00:00
scope1qqyxqjnt0xs5trdle5tk0rxvjqcsqjwq5q,284F0C94AEEB61D0A567FB0716F0A2A31C4EC6E7E1EF2B88349848F4B9E48B59,2026-09-17T18:25:51.151645230Z,pb1589kxggzm5sd82dzre47zpp9wjnr4fr229srtj,pb1rrwuxd65chqed6t0c5z8z505daw0rvsveyl0eq,,,,,,,,,,,,,2026-09-18T17:43:33.430503+00:00
scope1qr84uwzxqaz5ag4assxsuxve4qeq4nua7l,9081BD5E812BF13114CAAD659227C67EA6EC16BAC6EECFD35E4B910AF9318D98,2026-09-17T18:25:46.747252630Z,pb13knswfs6ack05wveq5nua7jgc5jnld3zg8xl52,pb1rrwuxd65chqed6t0c5z8z505daw0rvsveyl0eq,,,,,,,,,,,,,2026-09-18T17:43:33.987513+00:00
scope1qr37nvvc37s5t9uy3qpzk7ja9hmq8uefhm,7C582768F86F78A4D4D90AA1CFD7944ADD196E7C527097B8BF5434BAC1752B15,2026-09-17T18:25:42.386614192Z,pb13knswfs6ack05wveq5nua7jgc5jnld3zg8xl52,pb1rrwuxd65chqed6t0c5z8z505daw0rvsveyl0eq,,,,,,,,,,,,,2026-09-18T17:43:34.521608+00:00
scope1qq8avmy2q8wyrs4qp5mzx52t7dwqckgszz,D2CF58B566D07CA411703480B3B0DF59B8645CA80AA03A60E8E268F14C70E1A9,2026-09-17T18:25:33.854352990Z,pb1xzl9wgh0ry2dma43f58vmuteqd3996j6mhqhgz,pb1rrwuxd65chqed6t0c5z8z505daw0rvsveyl0eq,,,,,,,,,,,,,2026-09-18T17:43:35.084459+00:00
scope1qr4fcjkgu63y9c4d57cwtcdcxflqv6evk3,D478EEC559729CC3FB8560F74F336C30FB9D634CCE497E94F79276077D2920FC,2026-09-17T18:25:29.235927016Z,pb1xvd4k9jg5h0d4dhzr4z0txtwe9p5zxf58xcmxd,pb1rrwuxd65chqed6t0c5z8z505daw0rvsveyl0eq,,,,,,,,,,,,,2026-09-18T17:43:36.190445+00:00
scope1qr6ctmqqm2aywyvkqx3kxtam232qsd28sh,86CE5D8C8D799A583C3A9E270B00F209615A9B3517845E756EFE70ED467806F8,2026-09-17T18:25:29.235927016Z,pb1awn7unm6pv3rd9s0wzg4vje357dn3pn8ua530c,pb1rrwuxd65chqed6t0c5z8z505daw0rvsveyl0eq,,,,,,,,,,,,,2026-09-18T17:43:35.633250+00:00
scope1qrmwru99p6ayxj52hphz82d3kxys9gvrjm,21391C9871E989AF81EBFFBB26766E2BBFCB9D248F58B00EFB3A364AFBAEC25F,2026-09-17T18:25:24.889745625Z,pb1ekud7fc3gl6c34c3xqyupqxt20r678rh3e9hxh,pb1rrwuxd65chqed6t0c5z8z505daw0rvsveyl0eq,,,,,,,,,,,,,2026-09-18T17:43:36.742437+00:00
scope1qql0dvadyc8y72yjh5pcr6e6q5kszgd5k9,F5B0930800E60349BB29BDDA459060D61EB79375C258B99687813610CBF61A28,2026-09-17T18:24:28.483579445Z,pb1xvd4k9jg5h0d4dhzr4z0txtwe9p5zxf58xcmxd,pb1rrwuxd65chqed6t0c5z8z505daw0rvsveyl0eq,,,,,,,,,,,,,2026-09-18T17:43:37.301872+00:00
scope1qpw6pn42a0m50r9xfrsnfnnyy7zswmtyvm,07FB6E4B8CBFA625E6DF5D8ADF3FF449E26534EB199383696EA22F302859DA3C,2026-09-17T18:23:40.763372954Z,pb1xvd4k9jg5h0d4dhzr4z0txtwe9p5zxf58xcmxd,pb1rrwuxd65chqed6t0c5z8z505daw0rvsveyl0eq,,,,,,,,,,,,,2026-09-18T17:43:37.845787+00:00
scope1qr98ztgls2gyp2uq9f4u7u479r8qk9qu28,71D5BAB8E053B472AA40957A1B52B455E2D7F9EF953CB58B13C3A34D023EB8AC,2026-09-17T18:23:15.071825261Z,pb1v3uda8qgxv69tx6wclsp0jn4n8xxa5h7gpt2jp,pb1rrwuxd65chqed6t0c5z8z505daw0rvsveyl0eq,,,,,,,,,,,,,2026-09-18T17:43:38.394491+00:00
scope1qrf0j3tjqnc54vyd249qv35hdwpsenn74t,1D05D360FF2278B09A57B0639E995CD6F057664467E8FA9CC44936B23FF2A19D,2026-09-17T18:23:10.746221591Z,pb14ep8k6jtc338c00t9khyrydpw7vywagdzqntwz,pb1rrwuxd65chqed6t0c5z8z505daw0rvsveyl0eq,,,,,,,,,,,,,2026-09-18T17:43:38.944762+00:00
scope1qpda2w50tzg5aq5hc8zlsz72hnesc3tk7e,2D4DA46D8F9F99BB2911A9396CF6CC9D6BAEA230C63586D537F16D26227969FB,2026-09-17T18:23:06.432694902Z,pb1xvd4k9jg5h0d4dhzr4z0txtwe9p5zxf58xcmxd,pb1rrwuxd65chqed6t0c5z8z505daw0rvsveyl0eq,,,,,,,,,,,,,2026-09-18T17:43:39.496120+00:00
scope1qr7c5w2ma8wyvjyc6sl35hh38cxs59e392,5437871ED1FE2D38F88277735E5F4791D3A1C72CF4BE9EED67283D92C2E31059,2026-09-17T18:23:01.949602077Z,pb1xvd4k9jg5h0d4dhzr4z0txtwe9p5zxf58xcmxd,pb1rrwuxd65chqed6t0c5z8z505daw0rvsveyl0eq,,,,,,,,,,,,,2026-09-18T17:43:40.042215+00:00
scope1qz0le7shsmn5xsunwydm8vkygf5q24vyqr,86B7B115F9CA5B6E7FBE7B0C6CF78A589CE8870E801F3547CDF40BAA1D1DABBF,2026-09-17T18:22:23.210964242Z,pb1xvd4k9jg5h0d4dhzr4z0txtwe9p5zxf58xcmxd,pb1rrwuxd65chqed6t0c5z8z505daw0rvsveyl0eq,,,,,,,,,,,,,2026-09-18T17:43:40.590550+00:00
scope1qr4cey0msmw5g4vl7rhuvcmaq0tsaxz5tl,74646EC3414D7B03A3F993974FD55D1820A9283FABE444FD4FDF6EA3D3E56758,2026-09-17T18:22:14.398325916Z,pb14ep8k6jtc338c00t9khyrydpw7vywagdzqntwz,pb1rrwuxd65chqed6t0c5z8z505daw0rvsveyl0eq,,,,,,,,,,,,,2026-09-18T17:43:41.148630+00:00
scope1qpy80afldn45sgygsl5apa3l8gwstm7krp,CAF7A4FA747B6E3397654A39E53A0BC7F4685373542569905F68CF98F24A2072,2026-09-17T18:21:25.116591831Z,pb1xvd4k9jg5h0d4dhzr4z0txtwe9p5zxf58xcmxd,pb1rrwuxd65chqed6t0c5z8z505daw0rvsveyl0eq,,,,,,,,,,,,,2026-09-18T17:43:41.684914+00:00
scope1qrh9385kj395s358ruyqql4tls7qrym6aw,41FF9EE74B34A31014E5AA54D55646A37D3D7DDBED4A426B1A376C3F0DE55295,2026-09-17T18:21:07.784883344Z,pb1xvd4k9jg5h0d4dhzr4z0txtwe9p5zxf58xcmxd,pb1rrwuxd65chqed6t0c5z8z505daw0rvsveyl0eq,,,,,,,,,,,,,2026-09-18T17:43:42.237006+00:00
scope1qzzrqzkvdvz556dlazghv30v4sus9n8nh2,427FB22B07FFB6472FE8456BCF9A9D72EFC6C8F2F2FC6D7AC34ECACA088271CC,2026-09-17T18:20:59.195911501Z,pb1kx5k0nr068xhxgcmnzzef9523cxdcexlm3r29w,pb1rrwuxd65chqed6t0c5z8z505daw0rvsveyl0eq,,,,,,,,,,,,,2026-09-18T17:43:42.795875+00:00
scope1qz23et27nxjymxajtg4hykrjflzqagavvk,202B07B80C0900948CC84823E76189ECD7D9937F42C3559340148EFE28864E88,2026-09-17T18:20:29.064434876Z,pb1kx5k0nr068xhxgcmnzzef9523cxdcexlm3r29w,pb1rrwuxd65chqed6t0c5z8z505daw0rvsveyl0eq,,,,,,,,,,,,,2026-09-18T17:43:43.335552+00:00
scope1qqjfnucth4xys09v8k6eaatkxvmq7qpsw7,65D3183C1EF76E8EDE3B602C76EB684A9100B5C7B8F7F90FF8F74C6F6CA12675,2026-09-17T18:20:20.011998442Z,pb1gpkulw7lfs850speyf4f4yxtcdxx2punyr8ld3,pb1rrwuxd65chqed6t0c5z8z505daw0rvsveyl0eq,,,,,,,,,,,,,2026-09-18T17:43:43.876854+00:00
scope1qq6j0n5gr0jyqz4df0ctk02kat9q92xw2y,6A6461D99E543738B82AA349D627BE4AC41629117F97B256641FC8D3F74268D4,2026-09-17T18:20:02.852113556Z,pb134yg6h3g0vjq9ct2lpmx6sdxv3yuz942wrpxuu,pb1rrwuxd65chqed6t0c5z8z505daw0rvsveyl0eq,,,,,,,,,,,,,2026-09-18T17:43:44.431771+00:00
scope1qpakxvzez3z53zvndad4d7swsm6sdzgd5l,26F440CE8C190C061988B249BDD2EBB786CC04E405C0456C8AB6992309C03D1D,2026-09-17T18:19:49.555897072Z,pb1awn7unm6pv3rd9s0wzg4vje357dn3pn8ua530c,pb1rrwuxd65chqed6t0c5z8z505daw0rvsveyl0eq,,,,,,,,,,,,,2026-09-18T17:43:44.975661+00:00
scope1qqey4hg33x55ecdpdqe75tfzlgdqu653tq,D1E621B391F4F2D8E65D637B261C0965E49634BF6D25ED704DD96DF4ADAE29A8,2026-09-17T18:19:23.423921204Z,pb1k38pa6rgnepcs592n4mvr3hxucw8tslprcmlvk,pb1rrwuxd65chqed6t0c5z8z505daw0rvsveyl0eq,,,,,,,,,,,,,2026-09-18T17:43:45.534813+00:00
scope1qrj3q3jyek65zxv6tqaz45qa7uqshhd8yc,3216DC77E7F81B10E5B6A5F43B3862DD7E2F4783DFC3014AC45ADF36F7F80824,2026-09-17T18:16:47.785556147Z,pb1fe4dczsg6xwzulr74zjzkf9rllsfnvr8pgxw7f,pb1rrwuxd65chqed6t0c5z8z505daw0rvsveyl0eq,,,,,,,,,,,,,2026-09-18T17:43:46.084088+00:00
scope1qzn8sdse795ydz4p73humt2dga6sqt7fmq,6D02719C9D4BB7CD905FFFCE7F16B8D99287ED8FA5CF320E74BAC9A60D9822CE,2026-09-17T18:16:38.945379322Z,pb13knswfs6ack05wveq5nua7jgc5jnld3zg8xl52,pb1rrwuxd65chqed6t0c5z8z505daw0rvsveyl0eq,,,,,,,,,,,,,2026-09-18T17:43:46.621685+00:00
scope1qzg9n8zrexyyw7vs2pzdv3jn4pxsxmg4qj,D3BD480D86FEA4AB4041D9E5738E7D26D86781AECB6EC105B7ADD11BFA6049DF,2026-09-17T18:16:30.167917386Z,pb14ep8k6jtc338c00t9khyrydpw7vywagdzqntwz,pb1rrwuxd65chqed6t0c5z8z505daw0rvsveyl0eq,,,,,,,,,,,,,2026-09-18T17:43:47.180183+00:00
scope1qrz29h39mh55yyarju2kmdnfh7sq9vg344,B654D1D3524BDFBD1ECB4C95C4590AF12613967AA003DDEEC585FB0A71BAB9BD,2026-09-17T18:15:25.228827151Z,pb13knswfs6ack05wveq5nua7jgc5jnld3zg8xl52,pb1rrwuxd65chqed6t0c5z8z505daw0rvsveyl0eq,,,,,,,,,,,,,2026-09-18T17:43:47.743706+00:00
scope1qrxsekp4hfryzy5vau664m09p55qnj3v4d,B65FF6E877D4E6FCF4F1CC3584E99E98253F7C5AFDE2DE0F3EBCC8B75665CE7E,2026-09-17T18:14:54.937998628Z,pb1xvd4k9jg5h0d4dhzr4z0txtwe9p5zxf58xcmxd,pb1rrwuxd65chqed6t0c5z8z505daw0rvsveyl0eq,,,,,,,,,,,,,2026-09-18T17:43:48.306493+00:00
scope1qzxy8n5094j54ayu0jp5ed673q6srl8d0k,05E64A0FA6D741C9356AEB5100D382A21DFB3C8AB83C73CA2C511F5B06B2496C,2026-09-17T18:12:31.643507238Z,pb13knswfs6ack05wveq5nua7jgc5jnld3zg8xl52,pb1rrwuxd65chqed6t0c5z8z505daw0rvsveyl0eq,,,,,,,,,,,,,2026-09-18T17:43:48.850195+00:00
scope1qpk95z25d7eygh4pnnyk5ek9w03q3d7mjm,0C844DA8BE987F54258E319BBF1E70296487DD2EC61ECB2F8F8F5F261FD29670,2026-09-17T18:10:43.805246975Z,pb1fmxzuzx5c4ja50vu94nt0aessnuedzmppde8qr,pb1rrwuxd65chqed6t0c5z8z505daw0rvsveyl0eq,,,,,,,,,,,,,2026-09-18T17:43:49.395222+00:00
scope1qrf0tfmjd3yy9j9fdn4zpg6wrv7sd40m06,F55F98221F4804FA2722CD24E04A64D2AE51F74150E7E157625CBD0463D95B96,2026-09-17T18:10:30.696433410Z,pb1kx5k0nr068xhxgcmnzzef9523cxdcexlm3r29w,pb1rrwuxd65chqed6t0c5z8z505daw0rvsveyl0eq,,,,,,,,,,,,,2026-09-18T17:43:49.941805+00:00
scope1qrgdfgmuddf5k9v3uqdqgh60g2zq0ejjmg,366E505C90C69F0D03064B4F6D7663C736547AE110CA8A7D48FB6C5A95F81133,2026-09-17T18:10:21.929014854Z,pb1awn7unm6pv3rd9s0wzg4vje357dn3pn8ua530c,pb1rrwuxd65chqed6t0c5z8z505daw0rvsveyl0eq,,,,,,,,,,,,,2026-09-18T17:43:50.490898+00:00
scope1qpypxwfrrg4yr4aa6nhj7zk4zszs9f48qh,70398C05D60BB00B7D055BB6EF329847AF6812CF35B1E9DD54F2847061E8969E,2026-09-17T18:10:17.585003249Z,pb1kx5k0nr068xhxgcmnzzef9523cxdcexlm3r29w,pb1rrwuxd65chqed6t0c5z8z505daw0rvsveyl0eq,,,,,,,,,,,,,2026-09-18T17:43:51.044991+00:00
scope1qp2thyrac75yqe56tyeeef3847ws5zj97a,7598772FF9CD33AF326F21D9EF906537599B84F15804D3CEE030E1EF002310FC,2026-09-17T18:07:41.970363693Z,pb1xvd4k9jg5h0d4dhzr4z0txtwe9p5zxf58xcmxd,pb1rrwuxd65chqed6t0c5z8z505daw0rvsveyl0eq,,,,,,,,,,,,,2026-09-18T17:43:51.596372+00:00
scope1qpnkq6zddpm55l43pn82674rrm5qn0e6m2,CC3462E713A609A0237710FCF247986FC75435050CE240F7E79CCA2EBB60218B,2026-09-17T18:07:06.939857845Z,pb1xvd4k9jg5h0d4dhzr4z0txtwe9p5zxf58xcmxd,pb1rrwuxd65chqed6t0c5z8z505daw0rvsveyl0eq,,,,,,,,,,,,,2026-09-18T17:43:52.145611+00:00
scope1qqsaeakkyg95k2vuf2c486vragrq6c4nxc,E0E61260BD8DF9BA31C2641187AB688A766E224BE74B20515AFD40994E4A0A27,2026-09-17T18:05:40.479995978Z,pb1awn7unm6pv3rd9s0wzg4vje357dn3pn8ua530c,pb1rrwuxd65chqed6t0c5z8z505daw0rvsveyl0eq,,,,,,,,,,,,,2026-09-18T17:43:52.701492+00:00
scope1qpvdpxnvay95g6yzwmm6ezk5nqxsump80e,B86978D7FBB3B92112CC2715DE270695F4479BF34FCE14F98A93A6D171CA30F8,2026-09-17T18:05:23.019713495Z,pb1xvd4k9jg5h0d4dhzr4z0txtwe9p5zxf58xcmxd,pb1rrwuxd65chqed6t0c5z8z505daw0rvsveyl0eq,,,,,,,,,,,,,2026-09-18T17:43:53.253535+00:00
scope1qz5u94czvuh53vaghhms5m2yuf2sxh83ty,C7304F64E62D3D1470B4FEFF549384C3A2E40124284B87E18EF252938614F5C0,2026-09-17T18:05:18.571885214Z,pb12nsrzh96vgelvfy74cwgx3phvn4efuhjzpydvr,pb1rrwuxd65chqed6t0c5z8z505daw0rvsveyl0eq,,,,,,,,,,,,,2026-09-18T17:43:54.346886+00:00
scope1qqgzt7gu6mfyqvapngnfhvcxgsmq7ekvh2,2B6621A9208E42FBD35477ECA5698E08BFAFA4020A32C4CD7F4FB07737D70582,2026-09-17T18:05:18.571885214Z,pb1k38pa6rgnepcs592n4mvr3hxucw8tslprcmlvk,pb1rrwuxd65chqed6t0c5z8z505daw0rvsveyl0eq,,,,,,,,,,,,,2026-09-18T17:43:53.799468+00:00
scope1qq2u2vetj8e5qr9u6gz7qqg9yf2q3jf3zf,22CA82B811E1AEF99BFA92DE29F91F609AE16D3B31ECB771B9311414EC70CCE4,2026-09-17T18:04:35.665047539Z,pb13knswfs6ack05wveq5nua7jgc5jnld3zg8xl52,pb1rrwuxd65chqed6t0c5z8z505daw0rvsveyl0eq,,,,,,,,,,,,,2026-09-18T17:43:54.892425+00:00
scope1qzxnzxch5gjyh655sejlauumj3vs4sjxzl,45E1ECA257B01501280BDA9769019689943FE49EF3E49F91BDC78FA4A6407AC2,2026-09-17T18:03:25.986726174Z,pb1xvd4k9jg5h0d4dhzr4z0txtwe9p5zxf58xcmxd,pb1rrwuxd65chqed6t0c5z8z505daw0rvsveyl0eq,,,,,,,,,,,,,2026-09-18T17:43:55.448434+00:00
scope1qz8d9cu66dc5vs5urcft234z0kusysjumx,ADFE488402B664E7F680602057573B31EDBAB39A33122A4328CD6CB579FC77CF,2026-09-17T18:00:28.892651689Z,pb1xvd4k9jg5h0d4dhzr4z0txtwe9p5zxf58xcmxd,pb1rrwuxd65chqed6t0c5z8z505daw0rvsveyl0eq,,,,,,,,,,,,,2026-09-18T17:43:56.005362+00:00
scope1qr3md8zdvrhyf35l8n05p36nxa6qq5h3rg,F353849F7759D92CCBD01D997CC455EDF3FA1C07ED57BE61FA07A58319607021,2026-09-17T18:00:20.053250061Z,pb1k38pa6rgnepcs592n4mvr3hxucw8tslprcmlvk,pb1rrwuxd65chqed6t0c5z8z505daw0rvsveyl0eq,,,,,,,,,,,,,2026-09-18T17:43:56.565152+00:00
scope1qp8fuwgjky75qfy09a2aa4fztuqsf82v9e,EB5B230AED08A46828076BE7E77E73D7033DDE77AE1E61BEBEF981CDF5D58AF6,2026-09-17T18:00:15.719672200Z,pb1xvd4k9jg5h0d4dhzr4z0txtwe9p5zxf58xcmxd,pb1rrwuxd65chqed6t0c5z8z505daw0rvsveyl0eq,,,,,,,,,,,,,2026-09-18T17:43:57.113391+00:00
scope1qplr9hxp4yxyppaem2ru7n0ud43qyhheag,89B735FD47B1B65CDADDE68FBA58F5CC96ADF7F3590336C041EC94B2DB11DE09,2026-09-17T17:56:30.213304718Z,pb1awn7unm6pv3rd9s0wzg4vje357dn3pn8ua530c,pb1rrwuxd65chqed6t0c5z8z505daw0rvsveyl0eq,,,,,,,,,,,,,2026-09-18T17:43:57.678848+00:00
scope1qq3nnjrzghp535y5275dxmup7dwspuwfc3,A6F0C2D5CDF5B5713562C302A6597285FB5BEE1CB5D6B7646E7D46D1079D4904,2026-09-17T17:55:46.883473364Z,pb13knswfs6ack05wveq5nua7jgc5jnld3zg8xl52,pb1rrwuxd65chqed6t0c5z8z505daw0rvsveyl0eq,,,,,,,,,,,,,2026-09-18T17:43:58.224695+00:00
scope1qzc28hykdcry5x92yphtq4avadnsmnsk7p,33141568E49C53D4A3F08A6C2932F79B1B7F6ECEF4D7E1CDD27B4FA50B4303D8,2026-09-17T17:55:33.710535966Z,pb13knswfs6ack05wveq5nua7jgc5jnld3zg8xl52,pb1rrwuxd65chqed6t0c5z8z505daw0rvsveyl0eq,,,,,,,,,,,,,2026-09-18T17:43:58.784776+00:00
scope1qq37w9mcwunyyj982n2frnfv5xdslqnl0c,7CBE25987EF8332F6D0E891D21A8214A90040D02A24D1F5BDF7337812A5A4D8D,2026-09-17T17:55:29.392826066Z,pb13knswfs6ack05wveq5nua7jgc5jnld3zg8xl52,pb1rrwuxd65chqed6t0c5z8z505daw0rvsveyl0eq,,,,,,,,,,,,,2026-09-18T17:43:59.321258+00:00
scope1qqcvd8qdgnwydsufuq64kle4yn9q8f7nh2,4A571972263D5AF7C421A5B4B08BAEB0CD2B611B76788A90B8E26C1C5829E8C7,2026-09-17T17:55:16.469664217Z,pb1k38pa6rgnepcs592n4mvr3hxucw8tslprcmlvk,pb1rrwuxd65chqed6t0c5z8z505daw0rvsveyl0eq,,,,,,,,,,,,,2026-09-18T17:43:59.863655+00:00
scope1qr57wcccexcyp65pqxmgc2rzlu9q8uqjvu,41CECF6672661350F952B9594B8F6A65B88C16596E9E833F4C6484B4D3897ADC,2026-09-17T17:53:32.201741081Z,pb1xvd4k9jg5h0d4dhzr4z0txtwe9p5zxf58xcmxd,pb1rrwuxd65chqed6t0c5z8z505daw0rvsveyl0eq,,,,,,,,,,,,,2026-09-18T17:44:00.419162+00:00
scope1qpg59kdq58uy8s52dystzmldwzcqlcs3ae,C32633ECDA287B76AB84C6C614BBC47181BB9AEF26832D8DB6860622120E78EB,2026-09-17T17:51:05.043611667Z,pb1xvd4k9jg5h0d4dhzr4z0txtwe9p5zxf58xcmxd,pb1rrwuxd65chqed6t0c5z8z505daw0rvsveyl0eq,,,,,,,,,,,,,2026-09-18T17:44:00.977204+00:00
scope1qzrgel5ajvl5adaz8vfl8pwvpg2s0z8cl8,328E31DA04C5FDCEE422681489AAE323FD0AC2B00744AC21C751C51D88FF9DE5,2026-09-17T17:50:47.898704588Z,pb1k38pa6rgnepcs592n4mvr3hxucw8tslprcmlvk,pb1rrwuxd65chqed6t0c5z8z505daw0rvsveyl0eq,,,,,,,,,,,,,2026-09-18T17:44:01.526202+00:00
scope1qz8hrdyd6xyy6cupgy4003xcnxhqmp3qyf,E8D99403C5066FC285F0B3A178593B47475EA78491A05CC24307D2F1A4B504DA,2026-09-17T17:50:34.823833946Z,pb1xvd4k9jg5h0d4dhzr4z0txtwe9p5zxf58xcmxd,pb1rrwuxd65chqed6t0c5z8z505daw0rvsveyl0eq,,,,,,,,,,,,,2026-09-18T17:44:15.634557+00:00
scope1qqm4mm6qnvp5dfuj4rewmhrky4vs95xzx2,E8D99403C5066FC285F0B3A178593B47475EA78491A05CC24307D2F1A4B504DA,2026-09-17T17:50:34.823833946Z,pb1xvd4k9jg5h0d4dhzr4z0txtwe9p5zxf58xcmxd,pb1rrwuxd65chqed6t0c5z8z505daw0rvsveyl0eq,,,,,,,,,,,,,2026-09-18T17:44:15.634336+00:00
scope1qpnl9uwvmyt5hvv59wvjttqltsjs30cen2,B86EB2D088606225B5D3172F12F3861C9BC0310489FD42E6A526943BFEE40480,2026-09-17T17:50:30.438913563Z,pb1k38pa6rgnepcs592n4mvr3hxucw8tslprcmlvk,pb1rrwuxd65chqed6t0c5z8z505daw0rvsveyl0eq,,,,,,,,,,,,,2026-09-18T17:44:16.186839+00:00
scope1qrjzypwnt9n5ss55rz4gj2s2vxdq2v2urx,F29EDD14F8514333995BD6FD9ABFF17ABC3C6F8B8B6ECC99F1F14BDFF095DC0D,2026-09-17T17:50:26.131767016Z,pb13knswfs6ack05wveq5nua7jgc5jnld3zg8xl52,pb1rrwuxd65chqed6t0c5z8z505daw0rvsveyl0eq,,,,,,,,,,,,,2026-09-18T17:44:16.726527+00:00
scope1qqgala0jm0ey84uf9653tzddg7zsv46f97,FE7179929C4235484D68BF42E3E5F2C1D81F1D3A83D17654E11659B5DDACADE7,2026-09-17T17:49:16.378204701Z,pb16j3hxhr0m56h9u9ptdtz2qpmtd7333f77h64m6,pb1rrwuxd65chqed6t0c5z8z505daw0rvsveyl0eq,,,,,,,,,,,,,2026-09-18T17:44:17.288162+00:00
scope1qz7l3lacksg5au4x0kaq67jauq6qf5k2k2,B9E8508FCF963A4F6BB16F3B7FADD78293F712151E6A5BEC41D956406C414F54,2026-09-17T17:47:27.829990855Z,pb1k38pa6rgnepcs592n4mvr3hxucw8tslprcmlvk,pb1rrwuxd65chqed6t0c5z8z505daw0rvsveyl0eq,,,,,,,,,,,,,2026-09-18T17:44:18.383123+00:00
scope1qqs8w0622m35u7a0hsjna40y3meqswnsvf,2285FDF171B156FF5A85F2511ED39C2616E873209E193580D76EB4423227A7AE,2026-09-17T17:47:27.829990855Z,pb1xvd4k9jg5h0d4dhzr4z0txtwe9p5zxf58xcmxd,pb1rrwuxd65chqed6t0c5z8z505daw0rvsveyl0eq,,,,,,,,,,,,,2026-09-18T17:44:17.838338+00:00
scope1qr23l48nthdyx8akn86mhhadymtqynk76j,87F84C2216787DB42938ED427CF0D569B49A2EDEB054B128281303B68DA8300C,2026-09-17T17:46:01.151238696Z,pb1xvd4k9jg5h0d4dhzr4z0txtwe9p5zxf58xcmxd,pb1rrwuxd65chqed6t0c5z8z505daw0rvsveyl0eq,,,,,,,,,,,,,2026-09-18T17:44:18.933503+00:00
scope1qz4dqhlfq96yc3d99s527mwq4cvs6ycjr9,D9818EDA677F2F452F29657824F2FE0217A8C1AC97C4C5DF47EEE88A93F19181,2026-09-17T17:45:43.596850804Z,pb13knswfs6ack05wveq5nua7jgc5jnld3zg8xl52,pb1rrwuxd65chqed6t0c5z8z505daw0rvsveyl0eq,,,,,,,,,,,,,2026-09-18T17:44:19.494473+00:00
scope1qry39fempfzynpdcqxqdeq55gu9qv9l408,E7E48A547330C98A4C37400FB9FE7F7E048D06701DC4E12D4D500902F81211DE,2026-09-17T17:45:38.966590523Z,pb1fmxzuzx5c4ja50vu94nt0aessnuedzmppde8qr,pb1rrwuxd65chqed6t0c5z8z505daw0rvsveyl0eq,,,,,,,,,,,,,2026-09-18T17:44:20.590890+00:00
scope1qq9j8m0g4epypu94uwamy7p3jluq5atg0y,32F74AF7248621A7ED5AD983AA8529E865BA6CD4D90922D8FCA80273E2CA2AD6,2026-09-17T17:45:38.966590523Z,pb1ml9tzy5znrnnaj6pqnl86gagxlv8jrydk2jjdq,pb1rrwuxd65chqed6t0c5z8z505daw0rvsveyl0eq,,,,,,,,,,,,,2026-09-18T17:44:20.052198+00:00
scope1qpjmmd9aqv25qz9x6pk6yv3lx3fsqp9u6l,0676552204FB05E6C07C940CF0A6FC723D711FC250F32AB56C38E539E898CF6C,2026-09-17T17:45:34.671279209Z,pb1589kxggzm5sd82dzre47zpp9wjnr4fr229srtj,pb1rrwuxd65chqed6t0c5z8z505daw0rvsveyl0eq,,,,,,,,,,,,,2026-09-18T17:44:21.147884+00:00
scope1qpclrva9pjfyrr4ucwfjqharyuxq4ywp2n,1D0225AE0D1F5BB619B44FF8A53846180832118BBB319C0F71A4AA8D6EABDD37,2026-09-17T17:45:30.382959781Z,pb1k38pa6rgnepcs592n4mvr3hxucw8tslprcmlvk,pb1rrwuxd65chqed6t0c5z8z505daw0rvsveyl0eq,,,,,,,,,,,,,2026-09-18T17:44:21.693527+00:00
scope1qzkaw4z9tnsy3xa9g4veupe0q48qr5zcsh,994425E236CB694853071643FCC65F63E609B3563158B32DBB0C228EC99C3721,2026-09-17T17:45:25.965066269Z,pb1kx5k0nr068xhxgcmnzzef9523cxdcexlm3r29w,pb1rrwuxd65chqed6t0c5z8z505daw0rvsveyl0eq,,,,,,,,,,,,,2026-09-18T17:44:22.779993+00:00
scope1qq37e8yyqzm58tdzt2n8fs2tpzhq5gkyea,36773488F381F782B1252252BE42CC918A0A0EBD9BF53053028F595943A8D6F4,2026-09-17T17:45:25.965066269Z,pb17e03lfm0sxjkf860l4n2j2h5yh4s9etq5l9laq,pb1rrwuxd65chqed6t0c5z8z505daw0rvsveyl0eq,,,,,,,,,,,,,2026-09-18T17:44:22.233004+00:00
scope1qpm53k65vxs5hnvhq2kyvl3vpffsplndw6,2AF9A7EF4B1A91D54F255A8E8695B73B6328CB2E9E17BCEB61188F081FFF9770,2026-09-17T17:44:55.477450880Z,pb1xvd4k9jg5h0d4dhzr4z0txtwe9p5zxf58xcmxd,pb1rrwuxd65chqed6t0c5z8z505daw0rvsveyl0eq,,,,,,,,,,,,,2026-09-18T17:44:23.339334+00:00
scope1qqr5d5uucd6yh2vx77tecn87mshqhjuk4v,584E9CFF3BBA581C6996E5F2B5E009EABDE6414ECCC4BE67BA0D88B5534BA2D4,2026-09-17T17:41:36.417189149Z,pb1xvd4k9jg5h0d4dhzr4z0txtwe9p5zxf58xcmxd,pb1rrwuxd65chqed6t0c5z8z505daw0rvsveyl0eq,,,,,,,,,,,,,2026-09-18T17:44:23.884722+00:00
scope1qz7jdavsga7y2gds4h0t9c2dp0uqz7j2ur,8AE569B3AE127BF2EABDD5A6BA16DB958B348B76A82EAD0F80D986D9A9EF8B31,2026-09-17T17:40:48.528307788Z,pb1xvd4k9jg5h0d4dhzr4z0txtwe9p5zxf58xcmxd,pb1rrwuxd65chqed6t0c5z8z505daw0rvsveyl0eq,,,,,,,,,,,,,2026-09-18T17:44:24.432199+00:00
scope1qp6xzf2kqlyy5hyxa52ky4hzr9mqyp7ffs,683C8413FAA5DF30E130DCA69DEB92B2394E87FFAC83CB8B11D6BC2EA643A4D1,2026-09-17T17:40:22.785632254Z,pb1xvd4k9jg5h0d4dhzr4z0txtwe9p5zxf58xcmxd,pb1rrwuxd65chqed6t0c5z8z505daw0rvsveyl0eq,,,,,,,,,,,,,2026-09-18T17:44:24.999002+00:00
scope1qq3q0k5hld4yz8ut4d46ru0z695sc30hwx,E82E8E6C5653B381FB1C5BF53BE1AA147D8C10B648881EF92B47792A03F12B25,2026-09-17T17:40:09.828974640Z,pb1awn7unm6pv3rd9s0wzg4vje357dn3pn8ua530c,pb1rrwuxd65chqed6t0c5z8z505daw0rvsveyl0eq,,,,,,,,,,,,,2026-09-18T17:44:25.551064+00:00
scope1qp36nyvupek5revew298zraq74yqc9mv7k,3B838E6AD6AC6161120A540521FC1048EF74A2D7EF252860B214915A065B19A4,2026-09-17T17:36:42.084674861Z,pb1xvd4k9jg5h0d4dhzr4z0txtwe9p5zxf58xcmxd,pb1rrwuxd65chqed6t0c5z8z505daw0rvsveyl0eq,,,,,,,,,,,,,2026-09-18T17:44:26.120622+00:00
scope1qqyy2mdttf8y3fum9zlplqudh7eqjfpawn,642A644575192EA32BED246E523E91C4F7FB525F41A25AE2CE6FCCFF5CA464B5,2026-09-17T17:35:36.774121233Z,pb1xvd4k9jg5h0d4dhzr4z0txtwe9p5zxf58xcmxd,pb1rrwuxd65chqed6t0c5z8z505daw0rvsveyl0eq,,,,,,,,,,,,,2026-09-18T17:44:26.676499+00:00
scope1qrrnedp9qhr5xyvgfn60gctphwmq70w3m4,2C530A96DF715724A311F27D6E9A886EAAB575B902EFB72528DC81D8EB5045EC,2026-09-17T17:35:32.486435004Z,pb13knswfs6ack05wveq5nua7jgc5jnld3zg8xl52,pb1rrwuxd65chqed6t0c5z8z505daw0rvsveyl0eq,,,,,,,,,,,,,2026-09-18T17:44:27.231094+00:00
scope1qru4mqtwxrc5ad9zjph5p37f0uzskwn8ga,82D76924FE67D0928A255B2B49282D08A9002DC8A66DA8C5FC25865D431858E7,2026-09-17T17:35:28.119337794Z,pb1xvd4k9jg5h0d4dhzr4z0txtwe9p5zxf58xcmxd,pb1rrwuxd65chqed6t0c5z8z505daw0rvsveyl0eq,,,,,,,,,,,,,2026-09-18T17:44:27.780789+00:00
scope1qzjtzurlvrt5naulrksc76ngl6hsq0lq6q,E81D8B545C898BDCE850C68A3F020DF4F44B8DF126DCCEC0A51B1E51F2143B7D,2026-09-17T17:35:23.795756442Z,pb1k38pa6rgnepcs592n4mvr3hxucw8tslprcmlvk,pb1rrwuxd65chqed6t0c5z8z505daw0rvsveyl0eq,,,,,,,,,,,,,2026-09-18T17:44:28.328504+00:00
scope1qqqgga56txpyls4uudd4a85l3d0sjxprt3,8AF90DED260BC84399D25FEFB44D41530913336760F4C874AC961E08ACB4CBCA,2026-09-17T17:34:18.555923316Z,pb1xvd4k9jg5h0d4dhzr4z0txtwe9p5zxf58xcmxd,pb1rrwuxd65chqed6t0c5z8z505daw0rvsveyl0eq,,,,,,,,,,,,,2026-09-18T17:44:28.876090+00:00
scope1qr3rruwuq255339p5j803wjalvuqrardss,F06A6ADEF324600AA79ACDC7C632BD7FC95CD50ECBEFDEA3ABF3166AF6E66607,2026-09-17T17:34:01.172072590Z,pb1xvd4k9jg5h0d4dhzr4z0txtwe9p5zxf58xcmxd,pb1rrwuxd65chqed6t0c5z8z505daw0rvsveyl0eq,,,,,,,,,,,,,2026-09-18T17:44:29.426531+00:00
scope1qzh66czv2t05r7ujhj3d6zh5tvysk3khzt,6A1A40F5C263B3A1656C61967F73308EF3E067A73A67A55A65AF09D440BF61B5,2026-09-17T17:32:37.540393762Z,pb1xvd4k9jg5h0d4dhzr4z0txtwe9p5zxf58xcmxd,pb1rrwuxd65chqed6t0c5z8z505daw0rvsveyl0eq,,,,,,,,,,,,,2026-09-18T17:44:29.978646+00:00
scope1qpezwg5dt2xypednhsae4yzq76psc4n3xu,78B1FB4B349314587489C7BFC00920C0D45DA21EECE567C7829E31E294C694DA,2026-09-17T17:30:53.951206790Z,pb1xvd4k9jg5h0d4dhzr4z0txtwe9p5zxf58xcmxd,pb1rrwuxd65chqed6t0c5z8z505daw0rvsveyl0eq,,,,,,,,,,,,,2026-09-18T17:44:30.531761+00:00
scope1qqd3z0n28p7yk7vhgtg7nhpwls7qsvcmkh,02B3C3FF26393B1E4298F28473A49C47B4E2734C78086F1119650F44DD7FC1FF,2026-09-17T17:30:32.159738541Z,pb13knswfs6ack05wveq5nua7jgc5jnld3zg8xl52,pb1rrwuxd65chqed6t0c5z8z505daw0rvsveyl0eq,,,,,,,,,,,,,2026-09-18T17:44:31.097757+00:00
scope1qzy7s2rjl325m5v6g2zje7pvh2mq9zw6s0,35606FD423015759A1255C7D6B67CA386B700C12F0658BFFC1130E7870751EF8,2026-09-17T17:30:23.437472903Z,pb16j3hxhr0m56h9u9ptdtz2qpmtd7333f77h64m6,pb1rrwuxd65chqed6t0c5z8z505daw0rvsveyl0eq,,,,,,,,,,,,,2026-09-18T17:44:32.207044+00:00
scope1qrscuwmhc69ym343n5e3acfwuz9staqc63,10A91FE5B653D9843502D27E6039D1CAB71032A853095E1C4C2FF9E03BA3E325,2026-09-17T17:30:23.437472903Z,pb1k38pa6rgnepcs592n4mvr3hxucw8tslprcmlvk,pb1rrwuxd65chqed6t0c5z8z505daw0rvsveyl0eq,,,,,,,,,,,,,2026-09-18T17:44:31.668241+00:00
scope1qzpzatmqqg053h9462e66z9mwvyq5zajf8,441FA3BDF54CBBF967B04FCE8C74B649D8DFF018778BE7164019D07F4D696391,2026-09-17T17:29:48.186743783Z,pb1kx5k0nr068xhxgcmnzzef9523cxdcexlm3r29w,pb1rrwuxd65chqed6t0c5z8z505daw0rvsveyl0eq,,,,,,,,,,,,,2026-09-18T17:44:32.761695+00:00
scope1qqg0pse2d8nyc84jr90m4dp9l87qkjyftj,EE52A474329B7BA3011E9EC853E224F11855D96FBFDECE31B8AD7B2B8989FEBB,2026-09-17T17:29:00.528570310Z,pb1xzl9wgh0ry2dma43f58vmuteqd3996j6mhqhgz,pb1rrwuxd65chqed6t0c5z8z505daw0rvsveyl0eq,,,,,,,,,,,,,2026-09-18T17:44:33.304010+00:00
scope1qzjx7d55xwwycfufva6444d2v5lsul7hes,B9913408B0CE417A9EC7BA0449EFDFF3E79AC603B4C57F6C0CBA2C1AFC21528E,2026-09-17T17:28:00.040267339Z,pb1jxzl7tqrga090yz8sf0z0z76sxj6an3kcuwy6g,pb1rrwuxd65chqed6t0c5z8z505daw0rvsveyl0eq,,,,,,,,,,,,,2026-09-18T17:44:33.851607+00:00
scope1qzt57rg7emx52a5sftrkhh8afmhsnee7ms,5F8919D2B453DF949B74A5D354CC6085B7F699750D9855D9B6794F594E35085F,2026-09-17T17:27:55.762889546Z,pb1xvd4k9jg5h0d4dhzr4z0txtwe9p5zxf58xcmxd,pb1rrwuxd65chqed6t0c5z8z505daw0rvsveyl0eq,,,,,,,,,,,,,2026-09-18T17:44:34.425772+00:00
scope1qqumtkhejqt5ze5s0a2255y2jztsxpf6w5,538DAA5BBB573CDA9393A9FED5A6B61945C9233412124B5F296B638A6D2D2F4B,2026-09-17T17:27:46.997807179Z,pb1xvd4k9jg5h0d4dhzr4z0txtwe9p5zxf58xcmxd,pb1rrwuxd65chqed6t0c5z8z505daw0rvsveyl0eq,,,,,,,,,,,,,2026-09-18T17:44:34.983398+00:00
scope1qzprpn0ywtn5sxd5yn0mp6qskj9qzhkjuv,3643BC50D31B1765F941673895B80CB8DBACE0574D48905D2C88E950AA2EC8A9,2026-09-17T17:26:59.122741168Z,pb1xvd4k9jg5h0d4dhzr4z0txtwe9p5zxf58xcmxd,pb1rrwuxd65chqed6t0c5z8z505daw0rvsveyl0eq,,,,,,,,,,,,,2026-09-18T17:44:35.537477+00:00
scope1qqhqya64yg85k8duhtts84dypppsr666gj,19F65340C1EC8976FD395D178A003715F057E48C34F2E12A32BEE5AC53EBDBEF,2026-09-17T17:25:28.149828255Z,pb1xzl9wgh0ry2dma43f58vmuteqd3996j6mhqhgz,pb1rrwuxd65chqed6t0c5z8z505daw0rvsveyl0eq,,,,,,,,,,,,,2026-09-18T17:44:36.085228+00:00
scope1qpgktj67u6x56v4t5pnrjwwnrpxqenppfa,9731B0C2663085B0E223BF3EBBF29C6BD1425C7F6B8CB14F82BDFBCEFD9C6573,2026-09-17T17:25:19.482681941Z,pb17e03lfm0sxjkf860l4n2j2h5yh4s9etq5l9laq,pb1rrwuxd65chqed6t0c5z8z505daw0rvsveyl0eq,,,,,,,,,,,,,2026-09-18T17:44:36.646442+00:00
scope1qplnklz4wrpy0svg7ev0wc4lyzeqat4zk3,75B283DB4F54F7F751C3B2312E53B1F76D430F9DDA6F92D06E89D878145E01C4,2026-09-17T17:24:35.839783089Z,pb1xzl9wgh0ry2dma43f58vmuteqd3996j6mhqhgz,pb1rrwuxd65chqed6t0c5z8z505daw0rvsveyl0eq,,,,,,,,,,,,,2026-09-18T17:44:37.206917+00:00
scope1qr34nw8sgtpy64alkwe2uvn9jvssycvqql,3C816D4DCFBA12198CF167901205E01C8EED4B4A8FE344D99373A1E81A41D668,2026-09-17T17:23:27.126926337Z,pb1xzl9wgh0ry2dma43f58vmuteqd3996j6mhqhgz,pb1rrwuxd65chqed6t0c5z8z505daw0rvsveyl0eq,,,,,,,,,,,,,2026-09-18T17:44:37.766093+00:00
scope1qp2sg4wf34eydeya3mky43srcahq2dpw85,8B976D2776B0A4042DBFB577BA74C81A394F670F4679CF59028DFF54817BDED1,2026-09-17T17:22:09.063892912Z,pb1xzl9wgh0ry2dma43f58vmuteqd3996j6mhqhgz,pb1rrwuxd65chqed6t0c5z8z505daw0rvsveyl0eq,,,,,,,,,,,,,2026-09-18T17:44:38.309186+00:00
scope1qq2zevyrvf0ys2av7pp26hfxggaqcsdutk,D18729D73D7AE3FB13E33D49D7834B3CF2FED6A19587B04957B50D01CD52CF4A,2026-09-17T17:21:34.058294396Z,pb18ahv649kg2lfxs786zmpzepn0mhdrafk4fn7df,pb1rrwuxd65chqed6t0c5z8z505daw0rvsveyl0eq,,,,,,,,,,,,,2026-09-18T17:44:38.851251+00:00
scope1qr9dzukac9z5jh5ay3sqg0rc7n2qcrfh44,340F109059B67D29D4E644FDD925D70C86BC071AA09AAF968A222C9F030484EE,2026-09-17T17:20:59.404643142Z,pb1xzl9wgh0ry2dma43f58vmuteqd3996j6mhqhgz,pb1rrwuxd65chqed6t0c5z8z505daw0rvsveyl0eq,,,,,,,,,,,,,2026-09-18T17:44:39.390403+00:00
scope1qqs8jywlxz75hx4ak42sum3ptuwq4jfttq,FBAE72E3FC92F166FD0621F7223833C994EAB252E1EEED538FF5D1DC47C9DE13,2026-09-17T17:20:54.965128323Z,pb1xzl9wgh0ry2dma43f58vmuteqd3996j6mhqhgz,pb1rrwuxd65chqed6t0c5z8z505daw0rvsveyl0eq,,,,,,,,,,,,,2026-09-18T17:44:40.482115+00:00
scope1qqjfvedg8qt5aq5y5sle3wmus65qc5d9a0,54842E871D2082F49C8A0324815CAFCBC12C8D3B246855EE2FE88DF5D692F79B,2026-09-17T17:20:54.965128323Z,pb13knswfs6ack05wveq5nua7jgc5jnld3zg8xl52,pb1rrwuxd65chqed6t0c5z8z505daw0rvsveyl0eq,,,,,,,,,,,,,2026-09-18T17:44:39.941185+00:00
scope1qqdh27g0uhhym3d0l6vz9ehzcn6swp498z,60F4ECF047B4980A3A0EB7B2056AFCD7A3C6ABD0100E74B9672E47526C60FB49,2026-09-17T17:20:50.485155540Z,pb15dwvkq7kqcn2aq5j3hfq2hl6j7vf2jju95rr6l,pb1rrwuxd65chqed6t0c5z8z505daw0rvsveyl0eq,,,,,,,,,,,,,2026-09-18T17:44:41.032679+00:00
scope1qrldgaglrl4yjvdn0mh9l2yyc7pqny4xht,B0527974D1C13EAF169A3C927CBB5FF8AADCE7A575793F11EE2A6CF2C24B9964,2026-09-17T17:20:41.744085133Z,pb17dclamw0hsw5julkcq2vmu5860t5y3m2ys6p9j,pb1rrwuxd65chqed6t0c5z8z505daw0rvsveyl0eq,,,,,,,,,,,,,2026-09-18T17:44:42.684191+00:00
scope1qqha8v4hnpt5cvaurcrjxmctsfcqdet8t6,65322765EDB9F8EDE6E2FF37DD2159181B7B872C3E76C53E291730DF8C8D4D7B,2026-09-17T17:20:41.744085133Z,pb13knswfs6ack05wveq5nua7jgc5jnld3zg8xl52,pb1rrwuxd65chqed6t0c5z8z505daw0rvsveyl0eq,,,,,,,,,,,,,2026-09-18T17:44:42.139626+00:00
scope1qrmyv0zds3wy2lacvgfnruvnmh8sz2lf3z,0CE4711370AAD87C449BC638126737A1E79EA4C0D2069E52EF14D87CEE4C46A1,2026-09-17T17:20:41.744085133Z,pb1fmxzuzx5c4ja50vu94nt0aessnuedzmppde8qr,pb1rrwuxd65chqed6t0c5z8z505daw0rvsveyl0eq,,,,,,,,,,,,,2026-09-18T17:44:41.580022+00:00
scope1qph3shx9v6r594vv8ljd3q0dpkcqfwrgzl,7C414FB9A3EB3B20AB0DE43A9F34772E99AFE4D1F488289D5C08A48349F11F26,2026-09-17T17:20:33.124286776Z,pb1awn7unm6pv3rd9s0wzg4vje357dn3pn8ua530c,pb1rrwuxd65chqed6t0c5z8z505daw0rvsveyl0eq,,,,,,,,,,,,,2026-09-18T17:44:43.772631+00:00
scope1qpnw3683rwdyyhd6j6qehhthml9q0gc8tk,9F63529E82B963C81850BD07C4AD1D2C8F79D57716318506BC3D002037A6F1DC,2026-09-17T17:20:33.124286776Z,pb150y6qkszzccf4gapvywe6lvaaraant8acjk6t4,pb1rrwuxd65chqed6t0c5z8z505daw0rvsveyl0eq,,,,,,,,,,,,,2026-09-18T17:44:43.224723+00:00
scope1qp7qwlzv95dylny2rwuatwc2tx4srufdcz,E4A9CD5F348C8B77A3D2AC366228AF550FFFB4667CF0585ADEF99C70295E15D1,2026-09-17T17:20:20.073609869Z,pb1xvd4k9jg5h0d4dhzr4z0txtwe9p5zxf58xcmxd,pb1rrwuxd65chqed6t0c5z8z505daw0rvsveyl0eq,,,,,,,,,,,,,2026-09-18T17:44:44.323498+00:00
scope1qrq3ht0ptfm502armxyp6vl9eccs9eehft,0D7D1C974FE9E11AE12EEF05715C583674943652E2600FB79FCA84FB267727DA,2026-09-17T17:20:07.289072931Z,pb1xzl9wgh0ry2dma43f58vmuteqd3996j6mhqhgz,pb1rrwuxd65chqed6t0c5z8z505daw0rvsveyl0eq,,,,,,,,,,,,,2026-09-18T17:44:44.873031+00:00
scope1qp2pzr58lt5yd2ywalvvdqecphgqu2r3wd,07F7FA4BDF2DEB4CF1787EAE621996DFF9A364CEEEB633B1C158FBB2CE4B83A6,2026-09-17T17:19:23.733052726Z,pb1xzl9wgh0ry2dma43f58vmuteqd3996j6mhqhgz,pb1rrwuxd65chqed6t0c5z8z505daw0rvsveyl0eq,,,,,,,,,,,,,2026-09-18T17:44:45.428849+00:00
scope1qr2watqnvg45pcywnv8my4gfcymqld79qv,1C99D6952A82147B36FB365AA79479CFFA1D804EC301CCC34ED044AD9ED0B747,2026-09-17T17:18:36.099501240Z,pb1xzl9wgh0ry2dma43f58vmuteqd3996j6mhqhgz,pb1rrwuxd65chqed6t0c5z8z505daw0rvsveyl0eq,,,,,,,,,,,,,2026-09-18T17:44:45.988853+00:00
scope1qpedfgjstvayyy4jshtekvjytpjqrlge0r,2BDDA16378706FD8F81670BE094DE98CBB0EEADF8117E0EEE1BC820C2650DD05,2026-09-17T17:18:05.709208751Z,pb1xvd4k9jg5h0d4dhzr4z0txtwe9p5zxf58xcmxd,pb1rrwuxd65chqed6t0c5z8z505daw0rvsveyl0eq,,,,,,,,,,,,,2026-09-18T17:44:46.532800+00:00
scope1qq6dvn74wf75v95e3xd4ncdppk9qhaur5r,C3138424FA2599B2A97097B54C18A4DA77B6BED9D293BF89D33374FDCA538F75,2026-09-17T17:17:48.125234861Z,pb1xzl9wgh0ry2dma43f58vmuteqd3996j6mhqhgz,pb1rrwuxd65chqed6t0c5z8z505daw0rvsveyl0eq,,,,,,,,,,,,,2026-09-18T17:44:47.080485+00:00
scope1qqrnnlsknm3yze9vnkame6mzvscq3mncqg,AB332495535BFD3EB7D23BF4AE56B1051D1AC98863075BBAED117A9E8AD9F15F,2026-09-17T17:17:30.806566774Z,pb18ahv649kg2lfxs786zmpzepn0mhdrafk4fn7df,pb1rrwuxd65chqed6t0c5z8z505daw0rvsveyl0eq,,,,,,,,,,,,,2026-09-18T17:44:47.629465+00:00
scope1qqtwaxla78sy9fycen3atyfuv4cqwdu3z9,6263CD1C133E444A8AFA6F772B453B9CCB16429B21FBC6B0C076561485695F21,2026-09-17T17:15:38.281478438Z,pb1xvd4k9jg5h0d4dhzr4z0txtwe9p5zxf58xcmxd,pb1rrwuxd65chqed6t0c5z8z505daw0rvsveyl0eq,,,,,,,,,,,,,2026-09-18T17:44:48.733947+00:00
scope1qpakmfedeaey439f4ggzf8vnhs9qgkjfxp,ED844251DB980A0F932FCD76C8247FE2DB3A098B8A11261A5C8B36BEFD822F5E,2026-09-17T17:15:38.281478438Z,pb13knswfs6ack05wveq5nua7jgc5jnld3zg8xl52,pb1rrwuxd65chqed6t0c5z8z505daw0rvsveyl0eq,,,,,,,,,,,,,2026-09-18T17:44:48.179838+00:00
scope1qqet6dul78d50r56sqvm4nuph7uqlt7gp5,6A3B544BE3D9CAA1B8C20A41CD52426BCBED89008FDD3B531133A0BEF80C5BE9,2026-09-17T17:15:33.923218229Z,pb1xvd4k9jg5h0d4dhzr4z0txtwe9p5zxf58xcmxd,pb1rrwuxd65chqed6t0c5z8z505daw0rvsveyl0eq,,,,,,,,,,,,,2026-09-18T17:44:49.275984+00:00
scope1qpgwxkh78nt5vyypvnulhvwzufmqumxqzp,6A3B544BE3D9CAA1B8C20A41CD52426BCBED89008FDD3B531133A0BEF80C5BE9,2026-09-17T17:15:33.923218229Z,pb1xvd4k9jg5h0d4dhzr4z0txtwe9p5zxf58xcmxd,pb1rrwuxd65chqed6t0c5z8z505daw0rvsveyl0eq,,,,,,,,,,,,,2026-09-18T17:44:49.275922+00:00
scope1qqgvdp6fa6zytz4ukaarvlu245uqefr9a2,4821DF50B230129AEAA0666E8E55231694FB7452E56361615F45D81EE1BE0EB4,2026-09-17T17:15:29.528156356Z,pb1k38pa6rgnepcs592n4mvr3hxucw8tslprcmlvk,pb1rrwuxd65chqed6t0c5z8z505daw0rvsveyl0eq,,,,,,,,,,,,,2026-09-18T17:44:50.373931+00:00
scope1qr7njjlgw02yhzur2aeg7ufyjg4stecs98,985DD3A4277FD5C7FABA492DADDC25BB595B2EC70B36E0EAB582514F06CA193A,2026-09-17T17:15:29.528156356Z,pb13knswfs6ack05wveq5nua7jgc5jnld3zg8xl52,pb1rrwuxd65chqed6t0c5z8z505daw0rvsveyl0eq,,,,,,,,,,,,,2026-09-18T17:44:49.833508+00:00
scope1qphysf9n59zyylvrq8hp9q703c5s50h37r,43866307FB3E93095AEA629EE3494C03868C6623762004767980677469BA92F9,2026-09-17T17:15:20.596869851Z,pb1xvd4k9jg5h0d4dhzr4z0txtwe9p5zxf58xcmxd,pb1rrwuxd65chqed6t0c5z8z505daw0rvsveyl0eq,,,,,,,,,,,,,2026-09-18T17:44:50.945800+00:00
scope1qpfd5pnp3j6yrcurw9jdgw03t6rqvkeutz,65FA70E4D02BF6F1D76A5A3C11284C0A00ACF7695251AF6470935A4C5D74B670,2026-09-17T17:14:49.984929174Z,pb1xvd4k9jg5h0d4dhzr4z0txtwe9p5zxf58xcmxd,pb1rrwuxd65chqed6t0c5z8z505daw0rvsveyl0eq,,,,,,,,,,,,,2026-09-18T17:44:51.507161+00:00
scope1qph30nus3xgyf6dxxuan49wy708scxm64m,ACA454FB169DAB70BE32E9A88AB34F23CE718757B091D98BC010BB77E51B4B4D,2026-09-17T17:13:31.328518302Z,pb1xvd4k9jg5h0d4dhzr4z0txtwe9p5zxf58xcmxd,pb1rrwuxd65chqed6t0c5z8z505daw0rvsveyl0eq,,,,,,,,,,,,,2026-09-18T17:44:52.062788+00:00
scope1qzsfrqv9jsz5kwdhygwtunlxhl8sx5jq4z,C05A9AE46D387D592EB486068A879D534258E83ABAB76E2575B601AE9DF9597C,2026-09-17T17:11:07.892374627Z,pb1xvd4k9jg5h0d4dhzr4z0txtwe9p5zxf58xcmxd,pb1rrwuxd65chqed6t0c5z8z505daw0rvsveyl0eq,,,,,,,,,,,,,2026-09-18T17:44:52.631325+00:00
scope1qptzefvjgkc5yhugzxze5rmnectsvwmtls,419ABEF6A4994165AD2BD9EA68961C570747B5556EAA9DC7CC3515670FC1B221,2026-09-17T17:10:37.809273778Z,pb1kx5k0nr068xhxgcmnzzef9523cxdcexlm3r29w,pb1rrwuxd65chqed6t0c5z8z505daw0rvsveyl0eq,,,,,,,,,,,,,2026-09-18T17:44:53.189352+00:00
scope1qputp2adgqzy7qvppva6kt69c5rqjdj0hv,2A06494F3C2DA4F881FA0F7C1BE3F7F6ADF91A0F6533A3EE8B65054DFC562B8B,2026-09-17T17:10:33.368069988Z,pb13knswfs6ack05wveq5nua7jgc5jnld3zg8xl52,pb1rrwuxd65chqed6t0c5z8z505daw0rvsveyl0eq,,,,,,,,,,,,,2026-09-18T17:44:53.731274+00:00
scope1qz6lrmaekacy7quscwvqvgxlt6aqpyf6kg,7432C7DCEF9E6C0042F11133D3A24B57AFA105184CE196EC010AB89C3295E7F0,2026-09-17T17:10:24.874146334Z,pb13knswfs6ack05wveq5nua7jgc5jnld3zg8xl52,pb1rrwuxd65chqed6t0c5z8z505daw0rvsveyl0eq,,,,,,,,,,,,,2026-09-18T17:44:54.288954+00:00
scope1qq2szmpkyah5vj5kwca7u7ff34kqfa3g3t,881B81A0F68CFA3D5757498569AD1DEA54D46E8FA1FD1388B40E885C594D6A93,2026-09-17T17:10:20.381291385Z,pb1xvd4k9jg5h0d4dhzr4z0txtwe9p5zxf58xcmxd,pb1rrwuxd65chqed6t0c5z8z505daw0rvsveyl0eq,,,,,,,,,,,,,2026-09-18T17:44:54.829397+00:00
scope1qphv0jn07qg5tdvr9pjcdt32xcgsuuv05x,881B81A0F68CFA3D5757498569AD1DEA54D46E8FA1FD1388B40E885C594D6A93,2026-09-17T17:10:20.381291385Z,pb1xvd4k9jg5h0d4dhzr4z0txtwe9p5zxf58xcmxd,pb1rrwuxd65chqed6t0c5z8z505daw0rvsveyl0eq,,,,,,,,,,,,,2026-09-18T17:44:54.829327+00:00
scope1qrpd964dm4e5etak7sfa2ddq80usl8t9rr,4050046A1DD84443788915941AB5A5F1401AD2C8C177F8498E351E56E1C86497,2026-09-17T17:08:45.165397350Z,pb1xvd4k9jg5h0d4dhzr4z0txtwe9p5zxf58xcmxd,pb1rrwuxd65chqed6t0c5z8z505daw0rvsveyl0eq,,,,,,,,,,,,,2026-09-18T17:44:55.370040+00:00
scope1qqljjjrhpuu50d4fl8ye463c6kzs3pkmny,C3EB87436F9A3FF95814D56EBDA27EAC6610A30C1A84A7A91A93ABAF71F3DB12,2026-09-17T17:07:14.061112935Z,pb1xvd4k9jg5h0d4dhzr4z0txtwe9p5zxf58xcmxd,pb1rrwuxd65chqed6t0c5z8z505daw0rvsveyl0eq,,,,,,,,,,,,,2026-09-18T17:44:55.925457+00:00
scope1qpxduzs22se5qxd9ga9sadk3wsmszjstn4,129ACF9A6D816EBD3B9092324780C7F7ACA4335509B3F7A4328E7952C4EA384A,2026-09-17T17:06:48.250468716Z,pb1xvd4k9jg5h0d4dhzr4z0txtwe9p5zxf58xcmxd,pb1rrwuxd65chqed6t0c5z8z505daw0rvsveyl0eq,,,,,,,,,,,,,2026-09-18T17:44:56.482655+00:00
scope1qzsge5f2yjryud4nllwj7yapg3dqq98gxw,AF74B4F680CB58384930F1210BA2B0A6D3C5131A339AA6C098DC87423C6A2E87,2026-09-17T17:05:19.461190531Z,pb1589kxggzm5sd82dzre47zpp9wjnr4fr229srtj,pb1rrwuxd65chqed6t0c5z8z505daw0rvsveyl0eq,,,,,,,,,,,,,2026-09-18T17:44:57.039882+00:00
scope1qr7jvctzw2l5dq5ytp8tvyuhk9nq7l74zw,9D49B4CA9EAA0A980AEC035552952187E7F4498CB8CA63E549F8C55C9A72F023,2026-09-17T17:04:09.851473046Z,pb1xvd4k9jg5h0d4dhzr4z0txtwe9p5zxf58xcmxd,pb1rrwuxd65chqed6t0c5z8z505daw0rvsveyl0eq,,,,,,,,,,,,,2026-09-18T17:44:57.601650+00:00
scope1qr5qsr3anchyz74fx75ncdtxlwsqy8l5zc,8C102DECCBEE904C3532DFD06B0CB3931338B91F1388C3F12195850A2D41C0F4,2026-09-17T17:04:05.432776837Z,pb1xvd4k9jg5h0d4dhzr4z0txtwe9p5zxf58xcmxd,pb1rrwuxd65chqed6t0c5z8z505daw0rvsveyl0eq,,,,,,,,,,,,,2026-09-18T17:44:58.147612+00:00
scope1qp9k7qh3c975afvhkfnvxl0uhghsfy3h6h,B44891B8464AC63896217AA246D3FE3074E69CE2B00F38F73C88FE0C14217889,2026-09-17T17:03:48.060076624Z,pb1xvd4k9jg5h0d4dhzr4z0txtwe9p5zxf58xcmxd,pb1rrwuxd65chqed6t0c5z8z505daw0rvsveyl0eq,,,,,,,,,,,,,2026-09-18T17:44:58.706515+00:00
scope1qr577098agzyhy4d7zjx8k4eyzwsrg5ecc,BA228CA88A9B9369C243505965C577EC59B01598C5446DA0327FBF726C2CFE31,2026-09-17T17:00:30.430133258Z,pb16j3hxhr0m56h9u9ptdtz2qpmtd7333f77h64m6,pb1rrwuxd65chqed6t0c5z8z505daw0rvsveyl0eq,,,,,,,,,,,,,2026-09-18T17:44:59.801401+00:00
scope1qqmqg8jy5hx5ts9grdtjy3ur0z8s6948g0,6F3389FA49FB1EC4C1F06B45A051ECB2C402C40C3FB737B695ABC736AB16077E,2026-09-17T17:00:30.430133258Z,pb1xvd4k9jg5h0d4dhzr4z0txtwe9p5zxf58xcmxd,pb1rrwuxd65chqed6t0c5z8z505daw0rvsveyl0eq,,,,,,,,,,,,,2026-09-18T17:44:59.257909+00:00
scope1qpcxcfzy4935x8vxuk4akzt43s3smvuh4l,9C48AA7AFAF11E8E3F7547859830C0F562A32CC12829FD686F2333AE531AFE2A,2026-09-17T17:00:25.934571927Z,pb14ep8k6jtc338c00t9khyrydpw7vywagdzqntwz,pb1rrwuxd65chqed6t0c5z8z505daw0rvsveyl0eq,,,,,,,,,,,,,2026-09-18T17:45:00.917071+00:00
scope1qz7mdplprvd5zv9w8pc8acvv0vaqmcz5pe,B3C2E9352AB2E7FE9516403B4C63AFC58934C021511F34885C4FB730D403C827,2026-09-17T17:00:25.934571927Z,pb1xvd4k9jg5h0d4dhzr4z0txtwe9p5zxf58xcmxd,pb1rrwuxd65chqed6t0c5z8z505daw0rvsveyl0eq,,,,,,,,,,,,,2026-09-18T17:45:00.363381+00:00
scope1qpdt8w9g5ww5jd5ex8kcucrvsj6s3w0a0g,7F02C583F1E32712765837AE9120E64E9F7D465976EAD49E35C94DBFF45CD174,2026-09-17T16:55:42.942266157Z,pb1yanv2m82r4j90len04gf8hftqgelhtu885ekw8,pb1rrwuxd65chqed6t0c5z8z505daw0rvsveyl0eq,,,,,,,,,,,,,2026-09-18T17:45:01.548346+00:00
scope1qre4zqrta2r5s2v9g5k8ru9geagqheys6x,5771728B080C019E540DBDBA4C079A668CC3272507B186C8F566988E6A72334B,2026-09-17T16:55:30.037075215Z,pb14avsmj2j4let700u4l7m6m3j9afpufpu03s0lv,pb1rrwuxd65chqed6t0c5z8z505daw0rvsveyl0eq,,,,,,,,,,,,,2026-09-18T17:45:02.661962+00:00
scope1qqkn9599lgjynm9gxe5c8fgmn5vqldt80k,08CC12078287004260851957BCE7877B2D2991CE4FF2FE0DAA73881389445385,2026-09-17T16:55:30.037075215Z,pb1kx5k0nr068xhxgcmnzzef9523cxdcexlm3r29w,pb1rrwuxd65chqed6t0c5z8z505daw0rvsveyl0eq,,,,,,,,,,,,,2026-09-18T17:45:02.113948+00:00
scope1qzua75chhwkyyy9cun7nng6lrw7qsv4tcz,C179960FD33C5A166929A75EF43E9FD3D035CA9FF0137AFD027F967D3C79B050,2026-09-17T16:55:25.592858823Z,pb13knswfs6ack05wveq5nua7jgc5jnld3zg8xl52,pb1rrwuxd65chqed6t0c5z8z505daw0rvsveyl0eq,,,,,,,,,,,,,2026-09-18T17:45:03.771290+00:00
scope1qpgj0tkmn38yahyas967s7x9ylrqxnd4nw,C320F6564453E0F1462A57AED001F4ED019E089385B5E94CC18113774751107D,2026-09-17T16:55:25.592858823Z,pb1awn7unm6pv3rd9s0wzg4vje357dn3pn8ua530c,pb1rrwuxd65chqed6t0c5z8z505daw0rvsveyl0eq,,,,,,,,,,,,,2026-09-18T17:45:03.217488+00:00
scope1qp8sqr2nh2wyq49nw4h605ry84ts4dqtvz,3E2498CDE491FE3ABB4A8CB7D9826B7BEC352F4E37C713CCB48A7C20FEE824A4,2026-09-17T16:54:03.222097297Z,pb1g7n9qcd7zzpafv0zx8u6gdqvj34aalqapygrks,pb1rrwuxd65chqed6t0c5z8z505daw0rvsveyl0eq,,,,,,,,,,,,,2026-09-18T17:45:04.324569+00:00
scope1qrlys0z4t5k564ayj6xgusxdsn5sews4dj,21019BB51186D4B35FC726B54626E3BF0EA590BF27A9B4EC3224F7A7864B4E05,2026-09-17T16:51:49.242392964Z,pb1xvd4k9jg5h0d4dhzr4z0txtwe9p5zxf58xcmxd,pb1rrwuxd65chqed6t0c5z8z505daw0rvsveyl0eq,,,,,,,,,,,,,2026-09-18T17:45:04.887977+00:00
scope1qzc7phs64j85nldm7axnmg7xc3ksjpjqgm,61653E2CF89C9110FBD97333FADEC400CE616A9706D2D80F63AA5567D0511825,2026-09-17T16:50:26.798057908Z,pb1xvd4k9jg5h0d4dhzr4z0txtwe9p5zxf58xcmxd,pb1rrwuxd65chqed6t0c5z8z505daw0rvsveyl0eq,,,,,,,,,,,,,2026-09-18T17:45:05.995511+00:00
scope1qz98ef9n9jryxvy5klzsct7l96aqe9jvp7,3A6D9D8C749808C0E761AFB14B17DC6FE33366A9512A334C1BE65A0B93D6BFCC,2026-09-17T16:50:26.798057908Z,pb1kx5k0nr068xhxgcmnzzef9523cxdcexlm3r29w,pb1rrwuxd65chqed6t0c5z8z505daw0rvsveyl0eq,,,,,,,,,,,,,2026-09-18T17:45:05.451961+00:00
scope1qze8wdsych6yd9v7ec83a8wcvlfqfwmqz8,74871F5A1877C4754C5289816C005E3448A2A51A0BC01B032BB5EBC6BC80BD86,2026-09-17T16:47:37.875079544Z,pb18ahv649kg2lfxs786zmpzepn0mhdrafk4fn7df,pb1rrwuxd65chqed6t0c5z8z505daw0rvsveyl0eq,,,,,,,,,,,,,2026-09-18T17:45:06.543348+00:00
scope1qqr4f7htj5q5mudgam2970l7t2sqzju98w,79F7D35C55117D9CD06321DE6D5FD58585B50BC2E6B76CD31A100A5756E44BB4,2026-09-17T16:46:07.010591742Z,pb1xvd4k9jg5h0d4dhzr4z0txtwe9p5zxf58xcmxd,pb1rrwuxd65chqed6t0c5z8z505daw0rvsveyl0eq,,,,,,,,,,,,,2026-09-18T17:45:07.093602+00:00
scope1qqy6v7e84wr533uutmwdzkyuxn0sjafr4x,B95820EEE1CECAECA7DA8D6951596DEBC523A9C71565912369C07C363C07CF86,2026-09-17T16:45:49.722267223Z,pb1xvd4k9jg5h0d4dhzr4z0txtwe9p5zxf58xcmxd,pb1rrwuxd65chqed6t0c5z8z505daw0rvsveyl0eq,,,,,,,,,,,,,2026-09-18T17:45:07.640415+00:00
scope1qq065jhaq405snad4ptps0xw3tusljqf70,1B24C25710FB7F85CF56193D7AE7E9778B6C7FE4D58D5776DC6A19482DE7C83F,2026-09-17T16:45:36.607283868Z,pb1t8e7n3dd5hd0rcwc33sqjwkrwh52qxylw8hvkl,pb1rrwuxd65chqed6t0c5z8z505daw0rvsveyl0eq,,,,,,,,,,,,,2026-09-18T17:45:08.207165+00:00
scope1qq7smt3fs545j35x3fx449yx7zkqk735dk,3C4732A6B5B511BA1A20F0B6EDA5DBD5DE197D46FEC9163869633A52A76940B4,2026-09-17T16:45:28.041458314Z,pb13knswfs6ack05wveq5nua7jgc5jnld3zg8xl52,pb1rrwuxd65chqed6t0c5z8z505daw0rvsveyl0eq,,,,,,,,,,,,,2026-09-18T17:45:09.313783+00:00
scope1qr0tmyc5v0a5sc4zytxxy09aqlcsjtt44z,D5F9137B2A6A065142A9C3EBC13193C0BE0FA5D806582B753AAB8150CB6A9277,2026-09-17T16:45:28.041458314Z,pb1fmxzuzx5c4ja50vu94nt0aessnuedzmppde8qr,pb1rrwuxd65chqed6t0c5z8z505daw0rvsveyl0eq,,,,,,,,,,,,,2026-09-18T17:45:08.745807+00:00
scope1qztw60mp53eynkyh2g2y0kyta4ssenepav,693BE238AE9E755FC7734978716ECED515F520F1C83F6A6762C6E6741006DE1D,2026-09-17T16:44:40.082311833Z,pb1xvd4k9jg5h0d4dhzr4z0txtwe9p5zxf58xcmxd,pb1rrwuxd65chqed6t0c5z8z505daw0rvsveyl0eq,,,,,,,,,,,,,2026-09-18T17:45:09.866428+00:00
scope1qzfcmh3aw2y5n4vpxez8jyyepmjsupj3dp,D01767F1AFB6C72950A02FB546001BFC7D60ECFB2984DC096952124124FB5472,2026-09-17T16:40:45.902436297Z,pb1yanv2m82r4j90len04gf8hftqgelhtu885ekw8,pb1rrwuxd65chqed6t0c5z8z505daw0rvsveyl0eq,,,,,,,,,,,,,2026-09-18T17:45:10.415750+00:00
scope1qrs6ncn4hs257gvjrqqtp33kee8shkvrtx,CAA5DA8303C2FA510B5D3EECD31DF051D3FDB38D872D28B09CE287F8CE5B95E5,2026-09-17T16:40:41.496847022Z,pb15v4p3nnshcm6lrrmtr74adn82fdj6f44r7agus,pb1rrwuxd65chqed6t0c5z8z505daw0rvsveyl0eq,,,,,,,,,,,,,2026-09-18T17:45:23.613971+00:00
scope1qrkpqupsq4s5r3a533txs5kkfdhsf8hnex,55277022DD386C3E7381E9A2B360F9E3BA300CC14B8A5CF376068104414B797A,2026-09-17T16:40:28.678713679Z,pb1vcvv37pka8nyk2q3lkxz56c3ljeu4p7nkd2mdt,pb1rrwuxd65chqed6t0c5z8z505daw0rvsveyl0eq,,,,,,,,,,,,,2026-09-18T17:45:24.159659+00:00
scope1qzvnfhqrq3j5rty7j6kalu7lgw8qqh4ftr,93BFC76EDD2FC5DEF199DFEEED685552A6FC2518CD44C59D3A75CCE9AE1450ED,2026-09-17T16:40:24.373642584Z,pb13knswfs6ack05wveq5nua7jgc5jnld3zg8xl52,pb1rrwuxd65chqed6t0c5z8z505daw0rvsveyl0eq,,,,,,,,,,,,,2026-09-18T17:45:24.726868+00:00
scope1qpal00x3d2q5ny4y57kvkl7l40xsu6fgdr,C92702080695FB60EB6010A254EA1B127A714F40A0DA3582AB2216FA504CBE51,2026-09-17T16:36:16.343282151Z,pb1xvd4k9jg5h0d4dhzr4z0txtwe9p5zxf58xcmxd,pb1rrwuxd65chqed6t0c5z8z505daw0rvsveyl0eq,,,,,,,,,,,,,2026-09-18T17:45:25.277542+00:00
scope1qrq5uvhlgp0y22ykdays65855elsn9g579,92984D60EBE604537499F76616EFAB196A166CB392B21D03EBBBA99A984CEBD7,2026-09-17T16:35:33.158615156Z,pb13knswfs6ack05wveq5nua7jgc5jnld3zg8xl52,pb1rrwuxd65chqed6t0c5z8z505daw0rvsveyl0eq,,,,,,,,,,,,,2026-09-18T17:45:25.849117+00:00
scope1qqyca2yew9eyz9arkyvjqevzgtdsamqg3q,4785BD35170A28132A1F0F6E3D3F0A88845AE5620A0CB8C786FCB8C8DBC14C3F,2026-09-17T16:35:28.588732077Z,pb1awn7unm6pv3rd9s0wzg4vje357dn3pn8ua530c,pb1rrwuxd65chqed6t0c5z8z505daw0rvsveyl0eq,,,,,,,,,,,,,2026-09-18T17:45:26.402187+00:00
scope1qqkmpjrdafry0my9xjdey74mw0gqtcpjp9,5CDA60322D412F0DE774CE036F0EA195BCEC0CA2C113089285CDFDE7161B0D90,2026-09-17T16:35:24.254081519Z,pb1kx5k0nr068xhxgcmnzzef9523cxdcexlm3r29w,pb1rrwuxd65chqed6t0c5z8z505daw0rvsveyl0eq,,,,,,,,,,,,,2026-09-18T17:45:26.959265+00:00
scope1qqrp0puwcpjyn4y8895mfsefladqxp4ckh,9E5A4F01DDBC583DD787ECE949018FC25D849D7585123D9A15F5A28C3956DF9C,2026-09-17T16:34:53.942476576Z,pb1xvd4k9jg5h0d4dhzr4z0txtwe9p5zxf58xcmxd,pb1rrwuxd65chqed6t0c5z8z505daw0rvsveyl0eq,,,,,,,,,,,,,2026-09-18T17:45:27.499001+00:00
scope1qq5taqkm7guy7zy2qnf9gzcslq6qfsyklg,D2BD58BA6D71818AABAD12219057F591D7F755A52BB9D2BF4D971BBE70202FD2,2026-09-17T16:30:34.241534177Z,pb13knswfs6ack05wveq5nua7jgc5jnld3zg8xl52,pb1rrwuxd65chqed6t0c5z8z505daw0rvsveyl0eq,,,,,,,,,,,,,2026-09-18T17:45:28.054268+00:00
scope1qqu03agky7kyfe9gjxavcqwknd8qmdcxjv,66E76BF7AE94B1B5E107FDC91200326F970F0C353D186F5723A41A94C6F4EA3B,2026-09-17T16:30:29.931623999Z,pb13knswfs6ack05wveq5nua7jgc5jnld3zg8xl52,pb1rrwuxd65chqed6t0c5z8z505daw0rvsveyl0eq,,,,,,,,,,,,,2026-09-18T17:45:29.154076+00:00
scope1qrxrcmxh3jy5dg4ajjcwa9ws03hs0xmavw,0A4C62E3A720E8962D968E9C54912898FDEE9C8F0E97B18DB17C72C0B16CAF1A,2026-09-17T16:30:29.931623999Z,pb1xvd4k9jg5h0d4dhzr4z0txtwe9p5zxf58xcmxd,pb1rrwuxd65chqed6t0c5z8z505daw0rvsveyl0eq,,,,,,,,,,,,,2026-09-18T17:45:28.604433+00:00
scope1qqh4hjk8twn54x9z0xaq4nja8m0sjm02fc,82A6EB21A8477C8DE581A3132AF4B226C0A0629C183765E7C058F4CF5E96DA5B,2026-09-17T16:30:07.897504670Z,pb13knswfs6ack05wveq5nua7jgc5jnld3zg8xl52,pb1rrwuxd65chqed6t0c5z8z505daw0rvsveyl0eq,,,,,,,,,,,,,2026-09-18T17:45:29.700888+00:00
scope1qrx8al4u5c65w45adqn77a9xz23q0gk4tl,F1B773A26EF94923FD928C34050C8C97C42F63EAB3C8FE2B7F2A917B280D55E8,2026-09-17T16:28:41.245051713Z,pb1xvd4k9jg5h0d4dhzr4z0txtwe9p5zxf58xcmxd,pb1rrwuxd65chqed6t0c5z8z505daw0rvsveyl0eq,,,,,,,,,,,,,2026-09-18T17:45:30.815295+00:00
scope1qrp34qxtxeu5z49qhjkkczfxw2pqe73h4h,6522BB58DBD89650617973A5EB6B2E1A4B23AB2DA8C6CA50F279DFBC1CA78B64,2026-09-17T16:28:41.245051713Z,pb1xn26pu6csqg4vj2apq4x4muvc8g2vgazea9ack,pb1rrwuxd65chqed6t0c5z8z505daw0rvsveyl0eq,,,,,,,,,,,,,2026-09-18T17:45:30.255418+00:00
scope1qqz69en3tx3yrzd28qntr0q0svysawd8r6,6522BB58DBD89650617973A5EB6B2E1A4B23AB2DA8C6CA50F279DFBC1CA78B64,2026-09-17T16:28:41.245051713Z,pb1xn26pu6csqg4vj2apq4x4muvc8g2vgazea9ack,pb1rrwuxd65chqed6t0c5z8z505daw0rvsveyl0eq,,,,,,,,,,,,,2026-09-18T17:45:30.255400+00:00
scope1qrss9eywmggy3zdlafpvchztzcpqn8h2vm,6522BB58DBD89650617973A5EB6B2E1A4B23AB2DA8C6CA50F279DFBC1CA78B64,2026-09-17T16:28:41.245051713Z,pb1xn26pu6csqg4vj2apq4x4muvc8g2vgazea9ack,pb1rrwuxd65chqed6t0c5z8z505daw0rvsveyl0eq,,,,,,,,,,,,,2026-09-18T17:45:30.255278+00:00
scope1qzq9s6rsfn65659m2uu2zkn3tjgq07vf20,B6E698B7C0DB5A7F82D5C7EC4DD7A02DB92389194300A130EDE826FD191E1307,2026-09-17T16:28:36.738666282Z,pb1xn26pu6csqg4vj2apq4x4muvc8g2vgazea9ack,pb1rrwuxd65chqed6t0c5z8z505daw0rvsveyl0eq,,,,,,,,,,,,,2026-09-18T17:45:31.937181+00:00
scope1qzwhdyuwmnl5vly7n8m5tltaxjesu4z4hh,B6E698B7C0DB5A7F82D5C7EC4DD7A02DB92389194300A130EDE826FD191E1307,2026-09-17T16:28:36.738666282Z,pb1xn26pu6csqg4vj2apq4x4muvc8g2vgazea9ack,pb1rrwuxd65chqed6t0c5z8z505daw0rvsveyl0eq,,,,,,,,,,,,,2026-09-18T17:45:31.937162+00:00
scope1qpq4zjjtkp65k95e570waw9ru4zqucflhl,B6E698B7C0DB5A7F82D5C7EC4DD7A02DB92389194300A130EDE826FD191E1307,2026-09-17T16:28:36.738666282Z,pb1xn26pu6csqg4vj2apq4x4muvc8g2vgazea9ack,pb1rrwuxd65chqed6t0c5z8z505daw0rvsveyl0eq,,,,,,,,,,,,,2026-09-18T17:45:31.937066+00:00
scope1qpz634a82pe5cr9ffldyh9rdj34qzjmlas,036276B016ADCBCF8386120CFCBB8876ECC3FAC6BB7B7E26E9CD8B6159983606,2026-09-17T16:28:36.738666282Z,pb1xn26pu6csqg4vj2apq4x4muvc8g2vgazea9ack,pb1rrwuxd65chqed6t0c5z8z505daw0rvsveyl0eq,,,,,,,,,,,,,2026-09-18T17:45:31.378405+00:00
scope1qz8rgqqrcxzy0fyvh06xlhfcea5sc3pc45,AE87F628911227D0277463A8D4FF3A3BE5B956CFB989CBF072B489F2F73D0FDA,2026-09-17T16:28:28.038588406Z,pb1xn26pu6csqg4vj2apq4x4muvc8g2vgazea9ack,pb1rrwuxd65chqed6t0c5z8z505daw0rvsveyl0eq,,,,,,,,,,,,,2026-09-18T17:45:32.511381+00:00
scope1qz5jra477s05mxy488nphphhjpwqkky0k5,F95DC3F7A8A5243D0C7ACE88DF084BF54860DD7B422F4CCE2CA5B26D78FE000B,2026-09-17T16:28:06.515699735Z,pb1xvd4k9jg5h0d4dhzr4z0txtwe9p5zxf58xcmxd,pb1rrwuxd65chqed6t0c5z8z505daw0rvsveyl0eq,,,,,,,,,,,,,2026-09-18T17:45:33.063970+00:00
scope1qptanrdhsvnyeq4n093yejy50zkqcy5acg,DBE5604D00E73657138FB3C5AAA11FAF03C29160E391FDF6053EC3573735C0D0,2026-09-17T16:28:01.843812538Z,pb1xvd4k9jg5h0d4dhzr4z0txtwe9p5zxf58xcmxd,pb1rrwuxd65chqed6t0c5z8z505daw0rvsveyl0eq,,,,,,,,,,,,,2026-09-18T17:45:33.615716+00:00
scope1qz37shekj2uy4ly9z2k687nez65scgqjpc,8C5D0EE7182B8B4F47A7F0EE5B12D6340D71153EB2E22B1EA3770671763383E2,2026-09-17T16:27:04.743368241Z,pb1xvd4k9jg5h0d4dhzr4z0txtwe9p5zxf58xcmxd,pb1rrwuxd65chqed6t0c5z8z505daw0rvsveyl0eq,,,,,,,,,,,,,2026-09-18T17:45:34.161207+00:00
scope1qqltq6czk8z5y8ypdh0t6urff5uqke403d,5D51C476E99EF3C1E2F1A40C6DCC5A5E567208BD3E26E1750C6A21E6B4786654,2026-09-17T16:25:37.492461621Z,pb1k38pa6rgnepcs592n4mvr3hxucw8tslprcmlvk,pb1rrwuxd65chqed6t0c5z8z505daw0rvsveyl0eq,,,,,,,,,,,,,2026-09-18T17:45:34.721635+00:00
scope1qza6m8d2g3ty7rasjkt3upwwkvcqeuucg5,A5450E6056B00F290BF32FBCBF2B56C231D00B12E095F9FB64AA17C9E6508BC3,2026-09-17T16:25:28.808289289Z,pb1k38pa6rgnepcs592n4mvr3hxucw8tslprcmlvk,pb1rrwuxd65chqed6t0c5z8z505daw0rvsveyl0eq,,,,,,,,,,,,,2026-09-18T17:45:35.273727+00:00
scope1qzey7urwu3lyu7ywpl76h0jg9t9qz7lrha,5EDCAC9B7E098561EFBA626790787C68998CBE5956080A318091A98B58914883,2026-09-17T16:25:24.500740685Z,pb1k38pa6rgnepcs592n4mvr3hxucw8tslprcmlvk,pb1rrwuxd65chqed6t0c5z8z505daw0rvsveyl0eq,,,,,,,,,,,,,2026-09-18T17:45:35.821865+00:00
scope1qqjnn3m4xwgyy8ugla8akdvhn9vsthgwgu,9233B57B36039A38A5DFA49ACA68FDDA83DC02F7047390BAE2DE2840F83AA598,2026-09-17T16:25:20.257608857Z,pb1awn7unm6pv3rd9s0wzg4vje357dn3pn8ua530c,pb1rrwuxd65chqed6t0c5z8z505daw0rvsveyl0eq,,,,,,,,,,,,,2026-09-18T17:45:36.368203+00:00
scope1qzvz04gvdk8y35ay02surava50rsfd7duy,B76D17DB03A77B4FA47012BD7762854A6B99E7950606AD66D4CB7667F4A68F50,2026-09-17T16:24:41.520196656Z,pb1xvd4k9jg5h0d4dhzr4z0txtwe9p5zxf58xcmxd,pb1rrwuxd65chqed6t0c5z8z505daw0rvsveyl0eq,,,,,,,,,,,,,2026-09-18T17:45:36.913463+00:00
scope1qrk85zqg9nd53jdfm55zqqcgy3ws2wlyx9,1354BD4A89097A79CA2F39F2273C03C567A20585A2609EB1392BE485581D8477,2026-09-17T16:22:05.666450669Z,pb1awn7unm6pv3rd9s0wzg4vje357dn3pn8ua530c,pb1rrwuxd65chqed6t0c5z8z505daw0rvsveyl0eq,,,,,,,,,,,,,2026-09-18T17:45:37.456924+00:00
scope1qqcg3wzfa2w5c3v0a3nu04c87dts6dhdau,08391C21640C92F14FBBC3AE9440BD0F44152129EF56A7DEA50C27317EE521DE,2026-09-17T16:21:39.189244807Z,pb1xvd4k9jg5h0d4dhzr4z0txtwe9p5zxf58xcmxd,pb1rrwuxd65chqed6t0c5z8z505daw0rvsveyl0eq,,,,,,,,,,,,,2026-09-18T17:45:38.010405+00:00
scope1qrxpftd8242yh947stju48edtwuqd90jl8,48B7913A8CE67CBBF1F3461B377E57FFF3CC36E27A76AC888A8E53BAD5741CCC,2026-09-17T16:21:13.346860341Z,pb1xvd4k9jg5h0d4dhzr4z0txtwe9p5zxf58xcmxd,pb1rrwuxd65chqed6t0c5z8z505daw0rvsveyl0eq,,,,,,,,,,,,,2026-09-18T17:45:38.557681+00:00
scope1qzt3pqspewk58qvuwql9txmfphzsys47ky,046A26E49DF19F79CEE78F20A0DBDF330DFE2E67E06938C4B5BE5D2EB4F8CBFD,2026-09-17T16:20:43.182132020Z,pb13knswfs6ack05wveq5nua7jgc5jnld3zg8xl52,pb1rrwuxd65chqed6t0c5z8z505daw0rvsveyl0eq,,,,,,,,,,,,,2026-09-18T17:45:39.098729+00:00
scope1qqq4gfw4edryv9uymzrde3sck44qzy5pgv,693F531C22D7E55871E3288F4504BF3786BEC06F0CAFCA59EEADB629B68CD2F1,2026-09-17T16:20:38.787388506Z,pb13knswfs6ack05wveq5nua7jgc5jnld3zg8xl52,pb1rrwuxd65chqed6t0c5z8z505daw0rvsveyl0eq,,,,,,,,,,,,,2026-09-18T17:45:39.653663+00:00
scope1qresr2ygtdh5fgaldghy2du9mqzs2sy76d,57979BB14A50F3C489F9E39AFB6C16DF94A07F310EDCB79E243E2654D5FD2BE8,2026-09-17T16:20:34.422537472Z,pb1xvd4k9jg5h0d4dhzr4z0txtwe9p5zxf58xcmxd,pb1rrwuxd65chqed6t0c5z8z505daw0rvsveyl0eq,,,,,,,,,,,,,2026-09-18T17:45:40.202715+00:00
scope1qqus2ajng4x52uvqdmn2ypmrf5kqa0ljsn,68C4651C9DFBD5CDB7B01E339345559929D4DE4DCFF6EA6E7818A028F988E3E3,2026-09-17T16:20:25.691877810Z,pb1m2qnazr9xjha8v8ffc7ff06l8kdealpvvpr7tu,pb1rrwuxd65chqed6t0c5z8z505daw0rvsveyl0eq,,,,,,,,,,,,,2026-09-18T17:45:41.302790+00:00
scope1qp8r2jhc96xy2z46ny43xx2sxfwsjf80hn,2CC4C2F1B10094366C8C331C1CF2B6520FC67A78FAA9CFC24BF54425690A8883,2026-09-17T16:20:25.691877810Z,pb1qjxvmds5pwjt3zursu967phrlf29ndtqr82r4e,pb1rrwuxd65chqed6t0c5z8z505daw0rvsveyl0eq,,,,,,,,,,,,,2026-09-18T17:45:40.757784+00:00
scope1qq5dw256e6n5709k9uh72r399fwqf7l6ca,ADB69C4E9058BEC176C7C2BAB26E0D5C8F211B36B32920FBE7C3CC6B161BBC45,2026-09-17T16:20:21.402049387Z,pb13knswfs6ack05wveq5nua7jgc5jnld3zg8xl52,pb1rrwuxd65chqed6t0c5z8z505daw0rvsveyl0eq,,,,,,,,,,,,,2026-09-18T17:45:41.846262+00:00
scope1qpsdgwpv4efyum5s59f2vstgqxjsvsn93r,E8432CB9BDD966CDC0BD775D8E59B861625736663B3C000027A1BFEEDF6C821E,2026-09-17T16:19:55.304520945Z,pb13knswfs6ack05wveq5nua7jgc5jnld3zg8xl52,pb1rrwuxd65chqed6t0c5z8z505daw0rvsveyl0eq,,,,,,,,,,,,,2026-09-18T17:45:42.928341+00:00
scope1qrmgng29k2ky4z9mpgk8zq4wqauqqlyqe7,D2AF1228573D50E56032BD133C6EB55B393F05D72AB72E3AC8E2B8E6ACB7B78B,2026-09-17T16:19:55.304520945Z,pb1awn7unm6pv3rd9s0wzg4vje357dn3pn8ua530c,pb1rrwuxd65chqed6t0c5z8z505daw0rvsveyl0eq,,,,,,,,,,,,,2026-09-18T17:45:42.384792+00:00
scope1qrmzce58jqzyl0vtsd2q2l7y8jws6sjzcd,ECCC754DF59B49B068CD7E10E90C8E279221F8151287754EA857464981AB0EB1,2026-09-17T16:16:45.160399886Z,pb1kx5k0nr068xhxgcmnzzef9523cxdcexlm3r29w,pb1rrwuxd65chqed6t0c5z8z505daw0rvsveyl0eq,,,,,,,,,,,,,2026-09-18T17:45:43.480877+00:00
scope1qqlnys7mm40y4f4hpxe2h7khzrqsf8n9l7,10397A8DB448D057273E202C117D7F1DBA69CA4FDD5B1DC5769C87B49A87B55D,2026-09-17T16:15:49.049524470Z,pb1xvd4k9jg5h0d4dhzr4z0txtwe9p5zxf58xcmxd,pb1rrwuxd65chqed6t0c5z8z505daw0rvsveyl0eq,,,,,,,,,,,,,2026-09-18T17:45:44.033936+00:00
scope1qqkvfzndxcf5we52uzepmhyfq87sqklyrz,145BFF5BF39B583131EB42DF971F5F3194E3265AAD0210DBC5A9AACDE21CE9AC,2026-09-17T16:15:35.951555946Z,pb1xvd4k9jg5h0d4dhzr4z0txtwe9p5zxf58xcmxd,pb1rrwuxd65chqed6t0c5z8z505daw0rvsveyl0eq,,,,,,,,,,,,,2026-09-18T17:45:45.134301+00:00
scope1qzhvzzc2z60y7a5j46yj2af6w45sl85h67,4D0550850C1FE0EF6BCBEB34D81ADA589DFB64149B7E4BDBB32E5C4A99B8C6BD,2026-09-17T16:15:35.951555946Z,pb1awn7unm6pv3rd9s0wzg4vje357dn3pn8ua530c,pb1rrwuxd65chqed6t0c5z8z505daw0rvsveyl0eq,,,,,,,,,,,,,2026-09-18T17:45:44.583261+00:00
scope1qpyp5df0qatyf79nhm40s8nmkfxss77da5,34DBCBB0FDB26E12AFBFC7918958FA75E4AD04BA52A3DCB307157218CFA1AAA2,2026-09-17T16:15:27.028483428Z,pb1xvd4k9jg5h0d4dhzr4z0txtwe9p5zxf58xcmxd,pb1rrwuxd65chqed6t0c5z8z505daw0rvsveyl0eq,,,,,,,,,,,,,2026-09-18T17:45:45.687462+00:00
scope1qq99njamef759huxxgszc9x9yqespu8jqh,C36AAB632DA9D48D6AEEB2875071958683FCAB5959A8BDF59972DD723162F6B8,2026-09-17T16:15:18.180304083Z,pb1xvd4k9jg5h0d4dhzr4z0txtwe9p5zxf58xcmxd,pb1rrwuxd65chqed6t0c5z8z505daw0rvsveyl0eq,,,,,,,,,,,,,2026-09-18T17:45:46.235530+00:00
scope1qrq7s67kvpkyqu46fkgdd0nvfgrs08q356,795CB7130B44AF3AD5546CD2AFB63E7EFB17E9C40B712FB356F54D3E1EFE7A5B,2026-09-17T16:12:55.188946147Z,pb1xvd4k9jg5h0d4dhzr4z0txtwe9p5zxf58xcmxd,pb1rrwuxd65chqed6t0c5z8z505daw0rvsveyl0eq,,,,,,,,,,,,,2026-09-18T17:45:46.791899+00:00
scope1qqnh9mkckhdy37vt8d65xfqsuels90uh33,8641773EDF9FEDB01ABD82D423F51F0B4F89D2D5A27B2CFCDDAD7E6D80D7777A,2026-09-17T16:10:58.925407139Z,pb1xvd4k9jg5h0d4dhzr4z0txtwe9p5zxf58xcmxd,pb1rrwuxd65chqed6t0c5z8z505daw0rvsveyl0eq,,,,,,,,,,,,,2026-09-18T17:45:47.332388+00:00
scope1qpcl6k4gq25yyt5e0pmt52cyymmqsafncc,41769FBDB35C44F04D327A2697547EFFC518ECC360A146791AC1F24CA4B1282C,2026-09-17T16:10:37.286239274Z,pb1tntasskkhfuaeataw3qj6ed7u4gmlcxz69tppu,pb1rrwuxd65chqed6t0c5z8z505daw0rvsveyl0eq,,,,,,,,,,,,,2026-09-18T17:45:47.880348+00:00
scope1qrznz24qv7l59cuxnwuw2gdx3drqg8cyar,89FCA356F7CFA3FE8EE8ADDF014F730FC6E9929B89D1FEADCADB3359C83A8FEE,2026-09-17T16:10:32.892762108Z,pb1kx5k0nr068xhxgcmnzzef9523cxdcexlm3r29w,pb1rrwuxd65chqed6t0c5z8z505daw0rvsveyl0eq,,,,,,,,,,,,,2026-09-18T17:45:48.416745+00:00
scope1qzjgt9gasvsyp0yxlthfuv7tms2qk7ttns,D480692A4AAB67167D11514EBE3FFBC9A91380229B6250E54A0205C5EB508141,2026-09-17T16:10:24.114790295Z,pb13knswfs6ack05wveq5nua7jgc5jnld3zg8xl52,pb1rrwuxd65chqed6t0c5z8z505daw0rvsveyl0eq,,,,,,,,,,,,,2026-09-18T17:45:48.959843+00:00
scope1qqvt6srdvem5pzugr8muzdcwr0asafu93k,45C1E287B3D19C2CF16055F40FD18AB3E90205DD00DD6440798416B58B700DA3,2026-09-17T16:10:19.555856642Z,pb1awn7unm6pv3rd9s0wzg4vje357dn3pn8ua530c,pb1rrwuxd65chqed6t0c5z8z505daw0rvsveyl0eq,,,,,,,,,,,,,2026-09-18T17:45:49.517961+00:00
scope1qzrenf0zw0l5hpahqqm9azq0gyysxfx563,2ABFD75FAFB28DD024AC3459C2F4C4C543DE51D52928383CAE82B70915D79BEC,2026-09-17T16:09:18.729565012Z,pb1xvd4k9jg5h0d4dhzr4z0txtwe9p5zxf58xcmxd,pb1rrwuxd65chqed6t0c5z8z505daw0rvsveyl0eq,,,,,,,,,,,,,2026-09-18T17:45:50.077417+00:00
scope1qpkld6a4djwyfrumac2za4pa6mpsendv2a,AD7AB36CBA263DA78359CC3F5FC80AC6C6D8385B04F27F666504FB756245CBB1,2026-09-17T16:08:52.738979872Z,pb1xvd4k9jg5h0d4dhzr4z0txtwe9p5zxf58xcmxd,pb1rrwuxd65chqed6t0c5z8z505daw0rvsveyl0eq,,,,,,,,,,,,,2026-09-18T17:45:50.622085+00:00
scope1qpm8m474cy2yqyytfe2ltm8u2ghqtcr4ry,97D2CFEFBE12C6E99CDFFDC07403FC904526524FC7965D859EB5121C988B04A4,2026-09-17T16:08:17.972263994Z,pb1xvd4k9jg5h0d4dhzr4z0txtwe9p5zxf58xcmxd,pb1rrwuxd65chqed6t0c5z8z505daw0rvsveyl0eq,,,,,,,,,,,,,2026-09-18T17:45:51.173233+00:00
scope1qqwau8mffkxy79937fwxxqvkh3qqxl6mcf,905BC374E331DCB8C9B5E71C33ADAD67E7A6D1175CA4B1918B6E4198FC5A8D8A,2026-09-17T16:05:29.931723628Z,pb13knswfs6ack05wveq5nua7jgc5jnld3zg8xl52,pb1rrwuxd65chqed6t0c5z8z505daw0rvsveyl0eq,,,,,,,,,,,,,2026-09-18T17:45:51.739571+00:00
scope1qrr3zyvl2lz5zl4ls4a3mkusj5cs8tdfpj,849BE3A89EC409BFBE12C4DE583DAA27820E036D7929C111A75F3C4B423001EA,2026-09-17T16:04:24.969103741Z,pb1xvd4k9jg5h0d4dhzr4z0txtwe9p5zxf58xcmxd,pb1rrwuxd65chqed6t0c5z8z505daw0rvsveyl0eq,,,,,,,,,,,,,2026-09-18T17:45:52.299122+00:00
scope1qpr4vmdcyheyf3vm00nem79k6hlssgvywy,4BA1D16B583E9F5D0662DAF2B2113FD7177E40D45F9C681FFFDA1174065DC606,2026-09-17T16:01:53.273632779Z,pb1xvd4k9jg5h0d4dhzr4z0txtwe9p5zxf58xcmxd,pb1rrwuxd65chqed6t0c5z8z505daw0rvsveyl0eq,,,,,,,,,,,,,2026-09-18T17:45:52.842374+00:00
scope1qp8nqgg3fspy37vzyrupatgwzejqss4w6u,A068563992571B75ADA5C5F47E5D88EDC2CDBDD23F15C6E8D59EF8EB44AD2FAC,2026-09-17T16:00:48.556447418Z,pb1kx5k0nr068xhxgcmnzzef9523cxdcexlm3r29w,pb1rrwuxd65chqed6t0c5z8z505daw0rvsveyl0eq,,,,,,,,,,,,,2026-09-18T17:45:53.401780+00:00
scope1qr24fjlk3vpyvtyq4yf0ezryjlns7wkz26,2AF9C19AFC7ABC402993483669FD45FA771C00BCFE877036151DB5B8B825B762,2026-09-17T16:00:44.100666413Z,pb14kg4dqa8dalz3x5r8gfugtekyjzv47ujaewx3j,pb1rrwuxd65chqed6t0c5z8z505daw0rvsveyl0eq,,,,,,,,,,,,,2026-09-18T17:45:53.959268+00:00
scope1qzrwe06kj6syw898s3k96wzph53sgedt7g,C4745E9367BC6D73BCBA55B2315703FBA3F851F0FA2D6E9EA3FD37166A1FDA2D,2026-09-17T16:00:39.720231600Z,pb1awn7unm6pv3rd9s0wzg4vje357dn3pn8ua530c,pb1rrwuxd65chqed6t0c5z8z505daw0rvsveyl0eq,,,,,,,,,,,,,2026-09-18T17:45:54.516016+00:00
scope1qpaatyakkysyd49epdmt9u3farus75rxzg,BDECD8289D53A024465E68800AB52AA293AF814C9B98D29E7BFE85853FE4B4EB,2026-09-17T16:00:31.091305680Z,pb1qjxvmds5pwjt3zursu967phrlf29ndtqr82r4e,pb1rrwuxd65chqed6t0c5z8z505daw0rvsveyl0eq,,,,,,,,,,,,,2026-09-18T17:45:55.628660+00:00
scope1qze8cmwpk9fymtujvxkfnr7d2jhs0yy5dp,3D1C8F011BD4EB065A876C93DB1B8CC6C53C7AD00AFC0B969752DA4E03C6FF49,2026-09-17T16:00:31.091305680Z,pb16j3hxhr0m56h9u9ptdtz2qpmtd7333f77h64m6,pb1rrwuxd65chqed6t0c5z8z505daw0rvsveyl0eq,,,,,,,,,,,,,2026-09-18T17:45:55.072916+00:00
scope1qpc35kgttfu5pydu2xazz3stuxnsrmq6nm,9CD1187F17DF3D407AEF85B4437ED1E288A01F98CEC5418EFD673C592A7DE623,2026-09-17T16:00:26.694183161Z,pb1k38pa6rgnepcs592n4mvr3hxucw8tslprcmlvk,pb1rrwuxd65chqed6t0c5z8z505daw0rvsveyl0eq,,,,,,,,,,,,,2026-09-18T17:45:56.185656+00:00
scope1qr6qu08740yyan5mun5szry4vmjst3l33r,41E6308DC54AC134339EDB20F8932E61070080A5F68AC23D596EAA029D347B83,2026-09-17T16:00:22.400846039Z,pb14kg4dqa8dalz3x5r8gfugtekyjzv47ujaewx3j,pb1rrwuxd65chqed6t0c5z8z505daw0rvsveyl0eq,,,,,,,,,,,,,2026-09-18T17:45:56.735153+00:00
scope1qqdpe9kjjsuyufvpxtcwm9akn63qzp5c2r,F78C5C36DBA858DF157E97F6DDB80EE2E4FA32CE1E2C8D35B537BB6C8D7CECB6,2026-09-17T15:59:04.412536593Z,pb1xvd4k9jg5h0d4dhzr4z0txtwe9p5zxf58xcmxd,pb1rrwuxd65chqed6t0c5z8z505daw0rvsveyl0eq,,,,,,,,,,,,,2026-09-18T17:45:57.287457+00:00
scope1qpyrqctgkyu50zuur456vgh28lmq5khfxa,D05FCB66759D3CC9B19D3BE7D77FC0DB0D80BA0447CBF996ABA1B1F3280CE54C,2026-09-17T15:56:59.000707242Z,pb1t8e7n3dd5hd0rcwc33sqjwkrwh52qxylw8hvkl,pb1rrwuxd65chqed6t0c5z8z505daw0rvsveyl0eq,,,,,,,,,,,,,2026-09-18T17:45:57.843718+00:00
scope1qz6k9p75sx95f6vpmztavmmglgxqhhssw8,E21B0AD3D498606F3C2C40AABBA0DCFE731496FFBA44AD66F174FA1DBD408350,2026-09-17T15:55:58.646980177Z,pb1xvd4k9jg5h0d4dhzr4z0txtwe9p5zxf58xcmxd,pb1rrwuxd65chqed6t0c5z8z505daw0rvsveyl0eq,,,,,,,,,,,,,2026-09-18T17:45:58.378719+00:00
scope1qz5jv0nwxlh5nz50gya58gtv9h4qyndzcl,B66E64375E6CE578615CF3E3DB69A57AE7E4BE9813133C683F9ABC2F01E3189B,2026-09-17T15:55:27.984217496Z,pb1xvd4k9jg5h0d4dhzr4z0txtwe9p5zxf58xcmxd,pb1rrwuxd65chqed6t0c5z8z505daw0rvsveyl0eq,,,,,,,,,,,,,2026-09-18T17:45:58.924175+00:00
scope1qq8ldjhc7prypu9xe6gd46nzn5nqky3x06,792255C6D7EEA126D6B200666B83DCCEC7F9F40FE2D78D85004FAA8FA6B336DD,2026-09-17T15:55:19.244584531Z,pb1kx5k0nr068xhxgcmnzzef9523cxdcexlm3r29w,pb1rrwuxd65chqed6t0c5z8z505daw0rvsveyl0eq,,,,,,,,,,,,,2026-09-18T17:45:59.458263+00:00
scope1qrw7k9c2cpn53ay9hdruys4le5wqvj4699,EA70764E54DB9119DB70920E16D7133B82496E8873B94A18880EFA27E0297379,2026-09-17T15:54:48.933767010Z,pb1xvd4k9jg5h0d4dhzr4z0txtwe9p5zxf58xcmxd,pb1rrwuxd65chqed6t0c5z8z505daw0rvsveyl0eq,,,,,,,,,,,,,2026-09-18T17:46:00.011420+00:00
scope1qpeq2anczvl5lh973d4lwnx6luks02tw3a,D837946FA15F67BEA45601BBD3F99F9D8F6E93CCF4DA455AF33EC8257AD3E965,2026-09-17T15:53:44.252173517Z,pb13knswfs6ack05wveq5nua7jgc5jnld3zg8xl52,pb1rrwuxd65chqed6t0c5z8z505daw0rvsveyl0eq,,,,,,,,,,,,,2026-09-18T17:46:00.572136+00:00
scope1qpnhgjyhmyxyafuxf90e57u83wdqwysqlq,5974383065D53ED53F592F991221024581749AB1B3376BADC3A31164A0EAFBD0,2026-09-17T15:51:10.310455478Z,pb1xvd4k9jg5h0d4dhzr4z0txtwe9p5zxf58xcmxd,pb1rrwuxd65chqed6t0c5z8z505daw0rvsveyl0eq,,,,,,,,,,,,,2026-09-18T17:46:01.121599+00:00
scope1qpm7xa465rq55pdyzd9gcgjpx54qqzzskp,83DECF7EFAF5168A62E6BCD1E05BF55CBEC1712BBF243EF1957ED27C31600CB9,2026-09-17T15:50:27.466237619Z,pb1k38pa6rgnepcs592n4mvr3hxucw8tslprcmlvk,pb1rrwuxd65chqed6t0c5z8z505daw0rvsveyl0eq,,,,,,,,,,,,,2026-09-18T17:46:01.659897+00:00
scope1qpkzeza0yp4ysa4g5ax0dul0x44qkyusg6,62009565D42E3A8E4151FB668C564EEB034CF49C2ADC435F835C8A2A1DC0EFFB,2026-09-17T15:50:23.000087444Z,pb17e03lfm0sxjkf860l4n2j2h5yh4s9etq5l9laq,pb1rrwuxd65chqed6t0c5z8z505daw0rvsveyl0eq,,,,,,,,,,,,,2026-09-18T17:46:02.208474+00:00
scope1qpyl6cdq06t5y3vlhujuysurgc3skaj7nr,D131A0571A8D39C6EA389306DC28202F266DDC4D5B13BA2FF2BDA1A714FA5BC0,2026-09-17T15:50:18.605493050Z,pb13knswfs6ack05wveq5nua7jgc5jnld3zg8xl52,pb1rrwuxd65chqed6t0c5z8z505daw0rvsveyl0eq,,,,,,,,,,,,,2026-09-18T17:46:02.751489+00:00
scope1qpdug0dewfmypgyhws2f4z0hmnns6ucc3y,59F5ADF8E94E926A17A4E1494C026CC3FDD5C912A39CC35EEF8E1E44F7FAD660,2026-09-17T15:48:08.166020417Z,pb1k38pa6rgnepcs592n4mvr3hxucw8tslprcmlvk,pb1rrwuxd65chqed6t0c5z8z505daw0rvsveyl0eq,,,,,,,,,,,,,2026-09-18T17:46:03.308806+00:00
scope1qztu2vmkxjm5g25wg74dswgtkp6q5y8a2l,5F97194F1999CB056E24BF113B6211ED49B94CB9E0EA5077DC70D9CA50759BAD,2026-09-17T15:45:32.153858832Z,pb1t8e7n3dd5hd0rcwc33sqjwkrwh52qxylw8hvkl,pb1rrwuxd65chqed6t0c5z8z505daw0rvsveyl0eq,,,,,,,,,,,,,2026-09-18T17:46:03.861931+00:00
scope1qzez93jd576ydl9x7dy2pjju5wsqgfukpt,C870D1A70B7439DAE249EDE5D644128B3627C9D10C06EA9BD1208BC6FB27C76B,2026-09-17T15:45:27.540445421Z,pb140pagg090ymlw468s8qurj3guknn6xhpkyyxkf,pb1rrwuxd65chqed6t0c5z8z505daw0rvsveyl0eq,,,,,,,,,,,,,2026-09-18T17:46:04.428521+00:00
scope1qq4yufkfj3cylz4qu6uw4ncs6j3s6hewcn,7D5F11CD05E1EFC6D5BDE0F2A1B2FFECEDEDF38CAC4CA2561EDDAAB30D01AD0C,2026-09-17T15:41:02.750848110Z,pb1xvd4k9jg5h0d4dhzr4z0txtwe9p5zxf58xcmxd,pb1rrwuxd65chqed6t0c5z8z505daw0rvsveyl0eq,,,,,,,,,,,,,2026-09-18T17:46:05.038801+00:00
scope1qqnwv3qnxek5ah49tcsdr8mxmegq234afv,D2D4436546110BB7B1A813876FCCABB0CA7B810910FF2DB3EF5CBC46B6ADE37D,2026-09-17T15:40:23.731176536Z,pb1kx5k0nr068xhxgcmnzzef9523cxdcexlm3r29w,pb1rrwuxd65chqed6t0c5z8z505daw0rvsveyl0eq,,,,,,,,,,,,,2026-09-18T17:46:06.126294+00:00
scope1qqjkadpsy075p25v5k30yw2kp8kqp9pdtx,25D2F03D83C8038CF1BB38004EF179DC1A0A279422767655482ED20A295CDE7F,2026-09-17T15:40:23.731176536Z,pb13knswfs6ack05wveq5nua7jgc5jnld3zg8xl52,pb1rrwuxd65chqed6t0c5z8z505daw0rvsveyl0eq,,,,,,,,,,,,,2026-09-18T17:46:05.589502+00:00
scope1qpmvukv6c94y709uvxty06qclh0qq06sc7,96B669474B1912C640C80D32BBE6E8AE3E9E79F8F1E5FD8893A91297D53A0C23,2026-09-17T15:38:31.412720270Z,pb1xvd4k9jg5h0d4dhzr4z0txtwe9p5zxf58xcmxd,pb1rrwuxd65chqed6t0c5z8z505daw0rvsveyl0eq,,,,,,,,,,,,,2026-09-18T17:46:06.672291+00:00
scope1qrcnswud3srywq59la28retqgtgsryxaep,255A0B2900F2F2C0E4E2D5B7E66C4BAECCDC7AC170429282514620E7B1C21606,2026-09-17T15:35:20.819819045Z,pb1xvd4k9jg5h0d4dhzr4z0txtwe9p5zxf58xcmxd,pb1rrwuxd65chqed6t0c5z8z505daw0rvsveyl0eq,,,,,,,,,,,,,2026-09-18T17:46:07.786982+00:00
scope1qrkxa9wjl7g5apuvx9azjvxszalqm09rdw,F9E9A360764B0E417699D51404344530249A581EF159EBB7D8518F6102476EFF,2026-09-17T15:35:20.819819045Z,pb13knswfs6ack05wveq5nua7jgc5jnld3zg8xl52,pb1rrwuxd65chqed6t0c5z8z505daw0rvsveyl0eq,,,,,,,,,,,,,2026-09-18T17:46:07.234326+00:00
scope1qz5chj7gf97y429k8fluflnz25fs39q2yq,F9E9A360764B0E417699D51404344530249A581EF159EBB7D8518F6102476EFF,2026-09-17T15:35:20.819819045Z,pb13knswfs6ack05wveq5nua7jgc5jnld3zg8xl52,pb1rrwuxd65chqed6t0c5z8z505daw0rvsveyl0eq,,,,,,,,,,,,,2026-09-18T17:46:07.234238+00:00
scope1qzrueu9086sypyy4dpa6h0n87eqq98r8vs,3C9E548B650ADFB5615710AE5137CD095F4867BB98DEE9971F532AAC9F941A84,2026-09-17T15:34:50.330825358Z,pb1kx5k0nr068xhxgcmnzzef9523cxdcexlm3r29w,pb1rrwuxd65chqed6t0c5z8z505daw0rvsveyl0eq,,,,,,,,,,,,,2026-09-18T17:46:08.345076+00:00
scope1qpffs5wj4slyy2vrr3zxvvry77pqej3lkz,26C5F1E7D22E46732DD1E380CF3B7FCEC5781119CDF9A3E426C9215FE31F6A33,2026-09-17T15:32:30.661284252Z,pb13knswfs6ack05wveq5nua7jgc5jnld3zg8xl52,pb1rrwuxd65chqed6t0c5z8z505daw0rvsveyl0eq,,,,,,,,,,,,,2026-09-18T17:46:08.899112+00:00
scope1qqcjvwqvmak5ft5vxv50tkj7n7ms8dfgr9,9F5C512BEB245B26B946ECAE4737F9F9DBDFEC9D697D6F0388C08B5903CD0F8D,2026-09-17T15:32:22.076972392Z,pb1xvd4k9jg5h0d4dhzr4z0txtwe9p5zxf58xcmxd,pb1rrwuxd65chqed6t0c5z8z505daw0rvsveyl0eq,,,,,,,,,,,,,2026-09-18T17:46:09.456127+00:00
scope1qqw66eluhx4ys7umc2q6m6ajcn4sllvfvw,9F5C512BEB245B26B946ECAE4737F9F9DBDFEC9D697D6F0388C08B5903CD0F8D,2026-09-17T15:32:22.076972392Z,pb1xvd4k9jg5h0d4dhzr4z0txtwe9p5zxf58xcmxd,pb1rrwuxd65chqed6t0c5z8z505daw0rvsveyl0eq,,,,,,,,,,,,,2026-09-18T17:46:09.456061+00:00
scope1qrcc29la4hmy0vvcrvjwhagvvdxq956n06,D87D33397BCEE95E935959996916DBBCA97FDBF6B04EC230C91B8AFD85E2B224,2026-09-17T15:31:16.618846824Z,pb1kx5k0nr068xhxgcmnzzef9523cxdcexlm3r29w,pb1rrwuxd65chqed6t0c5z8z505daw0rvsveyl0eq,,,,,,,,,,,,,2026-09-18T17:46:09.995601+00:00
scope1qrhcucjr5lf5tldfwm7mc8et2lsqfemhph,07B65E6355E547CAB94EA7CE877E2F194F85A2913977A5353013353FFDEA4DFF,2026-09-17T15:30:33.430903106Z,pb1awn7unm6pv3rd9s0wzg4vje357dn3pn8ua530c,pb1rrwuxd65chqed6t0c5z8z505daw0rvsveyl0eq,,,,,,,,,,,,,2026-09-18T17:46:10.580566+00:00
scope1qreqy9zjc885v0amz34d7dnxfwxqns5c34,B040CCD03F448D68F1D20E48F43245357023C626E52D180B8B68074D9C4D5D3B,2026-09-17T15:30:29.163433198Z,pb16j3hxhr0m56h9u9ptdtz2qpmtd7333f77h64m6,pb1rrwuxd65chqed6t0c5z8z505daw0rvsveyl0eq,,,,,,,,,,,,,2026-09-18T17:46:11.121521+00:00
scope1qqqm8r44dmu55calt6ejhlevqdzq3lf3sq,0D4657F5F10A441458D2CA999AFAA755A985CCEFE690ABA7FAD0436BEC7C46C4,2026-09-17T15:30:20.608383212Z,pb13knswfs6ack05wveq5nua7jgc5jnld3zg8xl52,pb1rrwuxd65chqed6t0c5z8z505daw0rvsveyl0eq,,,,,,,,,,,,,2026-09-18T17:46:11.665131+00:00
scope1qqp3rjrkznzyfw5kccuxdm7m45uqt2s5p4,1C89275BEB98B4ACD3D6263C10EDE889D2260B4B65C2D8F07D9582E4299B3B9E,2026-09-17T15:29:41.800361817Z,pb1xvd4k9jg5h0d4dhzr4z0txtwe9p5zxf58xcmxd,pb1rrwuxd65chqed6t0c5z8z505daw0rvsveyl0eq,,,,,,,,,,,,,2026-09-18T17:46:12.223452+00:00
scope1qpdh8cv5jjgynkuqjk696mjs28es9gv5nr,7E0990118B996EE90D2A15EF32109E05DF8CE7C15344AD13A944124F1C927F2B,2026-09-17T15:28:35.984698285Z,pb18ahv649kg2lfxs786zmpzepn0mhdrafk4fn7df,pb1rrwuxd65chqed6t0c5z8z505daw0rvsveyl0eq,,,,,,,,,,,,,2026-09-18T17:46:12.783334+00:00
scope1qp4paxu8863ycg5vuuz3sg5syumqk4t4vj,0B5C2AF58A8B794364137E40375EECFCF25141E42A6101C026140B3032BBBEFC,2026-09-17T15:25:34.213053882Z,pb13knswfs6ack05wveq5nua7jgc5jnld3zg8xl52,pb1rrwuxd65chqed6t0c5z8z505daw0rvsveyl0eq,,,,,,,,,,,,,2026-09-18T17:46:13.326554+00:00
scope1qr96wc4txgx5v8vwlxmz9the7pqstrz88t,BFEDC1784FEF03ECDF9DF77615AC9A28582C6F2360D2CDF5A4CE96C82492ECDE,2026-09-17T15:25:29.885508963Z,pb18ahv649kg2lfxs786zmpzepn0mhdrafk4fn7df,pb1rrwuxd65chqed6t0c5z8z505daw0rvsveyl0eq,,,,,,,,,,,,,2026-09-18T17:46:13.871452+00:00
scope1qznrnqr22yeyec4nhv7lfz0nwzmqh84trt,C2C332F4F7551984229D7370A923715B38D50055DB6FB869872994F099E538DA,2026-09-17T15:25:25.622829809Z,pb1xzl9wgh0ry2dma43f58vmuteqd3996j6mhqhgz,pb1rrwuxd65chqed6t0c5z8z505daw0rvsveyl0eq,,,,,,,,,,,,,2026-09-18T17:46:14.959520+00:00
scope1qru6dzeeenx5dv4u6hd3w0elmtcsd2vq90,F3270895F052DD6320B22C411AAC7E3706174D55990A6CE5AA3F10906229FD72,2026-09-17T15:25:25.622829809Z,pb1xvd4k9jg5h0d4dhzr4z0txtwe9p5zxf58xcmxd,pb1rrwuxd65chqed6t0c5z8z505daw0rvsveyl0eq,,,,,,,,,,,,,2026-09-18T17:46:14.424262+00:00
scope1qq7fp7372fj5d85h8svld72mrxtswpuh4k,85405B9DA799539CA085DCFEF7F2144E09B7446F07F9A03B2B2A73A64F8DA088,2026-09-17T15:25:21.143856242Z,pb1k38pa6rgnepcs592n4mvr3hxucw8tslprcmlvk,pb1rrwuxd65chqed6t0c5z8z505daw0rvsveyl0eq,,,,,,,,,,,,,2026-09-18T17:46:15.518850+00:00
scope1qqqsxerxx4s5q355kdec0vm8sw6qq9y33v,E82159FC95B6653427CA776F364211BF77C380E6C357693DD11B1389E07539C0,2026-09-17T15:25:08.079562838Z,pb1kx5k0nr068xhxgcmnzzef9523cxdcexlm3r29w,pb1rrwuxd65chqed6t0c5z8z505daw0rvsveyl0eq,,,,,,,,,,,,,2026-09-18T17:46:16.078867+00:00
scope1qzrzslc7kwz5ej9nzrw3y8s9lj5sfw9agy,605D87B374CBA225A8B077B41EC2B8C7B75977BB77D930BD5AF1E8DD56FFAB39,2026-09-17T15:23:19.757236910Z,pb13knswfs6ack05wveq5nua7jgc5jnld3zg8xl52,pb1rrwuxd65chqed6t0c5z8z505daw0rvsveyl0eq,,,,,,,,,,,,,2026-09-18T17:46:16.631644+00:00
scope1qzny2u9z7s0ya8yv2xajfdv8gmqsgn6s9y,78E10F3291B428ADCD5D92BBB516C032189CA9C10C1A077A7201D500D6F928D3,2026-09-17T15:22:36.473942541Z,pb1xvd4k9jg5h0d4dhzr4z0txtwe9p5zxf58xcmxd,pb1rrwuxd65chqed6t0c5z8z505daw0rvsveyl0eq,,,,,,,,,,,,,2026-09-18T17:46:17.180733+00:00
scope1qqtyhwlyr6g59a5sv20ptaa2w9mqcawvzp,62A752A0D1F6AEF72BDB2F7DE4AE550A14DE32DEA09C41EE9264733270B3C51D,2026-09-17T15:21:31.655234093Z,pb1xvd4k9jg5h0d4dhzr4z0txtwe9p5zxf58xcmxd,pb1rrwuxd65chqed6t0c5z8z505daw0rvsveyl0eq,,,,,,,,,,,,,2026-09-18T17:46:17.738073+00:00
scope1qztmhk8lk27y8hu3rr36m2kw7fvqj8dnpj,9282625251CFDFA8690E9495C3B3D3438CAECFAB975D1AFEC88B118C05D19623,2026-09-17T15:21:27.203665293Z,pb13knswfs6ack05wveq5nua7jgc5jnld3zg8xl52,pb1rrwuxd65chqed6t0c5z8z505daw0rvsveyl0eq,,,,,,,,,,,,,2026-09-18T17:46:18.285977+00:00
scope1qrvslpa4jly5yrap7upv9tzetkps85q6kt,C2DBFD0E41E235EE51E5EB68B7B8B2738B384306257AC7D15805673004E5BD8C,2026-09-17T15:20:57.093335241Z,pb13knswfs6ack05wveq5nua7jgc5jnld3zg8xl52,pb1rrwuxd65chqed6t0c5z8z505daw0rvsveyl0eq,,,,,,,,,,,,,2026-09-18T17:46:32.751748+00:00
scope1qrn455huc6d5kkvrxyvxsmc5jues5fu96c,3BB513D502FF136CCEFD19D7C5B3C9DAF3D0D920B125FF527C91F8534BAA9593,2026-09-17T15:19:17.952590959Z,pb13knswfs6ack05wveq5nua7jgc5jnld3zg8xl52,pb1rrwuxd65chqed6t0c5z8z505daw0rvsveyl0eq,,,,,,,,,,,,,2026-09-18T17:46:33.304178+00:00
scope1qr4kn483e8eynwyk5e8plp4kxvnqhkrpjv,E5C81D159210FCC7E8B1564F2B7E38C7C358636B30C3AD8A6E4CD73F65F935B9,2026-09-17T15:17:33.852488651Z,pb13knswfs6ack05wveq5nua7jgc5jnld3zg8xl52,pb1rrwuxd65chqed6t0c5z8z505daw0rvsveyl0eq,,,,,,,,,,,,,2026-09-18T17:46:33.853786+00:00
scope1qqrzf5qqk445a5arxsq350xvs7vsk5crmx,50408D865057B5B639FCB191933AABFB084A42DF0A0DE3015349FD5BE516E493,2026-09-17T15:17:07.638899059Z,pb1xzl9wgh0ry2dma43f58vmuteqd3996j6mhqhgz,pb1rrwuxd65chqed6t0c5z8z505daw0rvsveyl0eq,,,,,,,,,,,,,2026-09-18T17:46:34.438919+00:00
scope1qqhh3jpkwa6590veths7fss0ltnqyrfp89,2A3C77446C6E751ED7B50F724EC25D8A6B6A4DDF373276B54B0EE366E08E3F56,2026-09-17T15:16:19.867075016Z,pb1ekud7fc3gl6c34c3xqyupqxt20r678rh3e9hxh,pb1rrwuxd65chqed6t0c5z8z505daw0rvsveyl0eq,,,,,,,,,,,,,2026-09-18T17:46:34.992884+00:00
scope1qz7q436c6dm5p6ajygxxr75cv2yspnhfaw,E26D2AA4AC7E8C33DF00A5975D403F57DA210B4D746FA350DF133B25FFFD596F,2026-09-17T15:16:01.003415173Z,pb1kx5k0nr068xhxgcmnzzef9523cxdcexlm3r29w,pb1rrwuxd65chqed6t0c5z8z505daw0rvsveyl0eq,,,,,,,,,,,,,2026-09-18T17:46:35.544235+00:00
scope1qqdh3cqgmpjyzs4x4njy48w7cgdqg8rgp6,249181B2EDBF0C5A4A16D1303E0F0719846147AF25179A3EF4DB790E2A11F0A9,2026-09-17T15:15:39.472302064Z,pb17e03lfm0sxjkf860l4n2j2h5yh4s9etq5l9laq,pb1rrwuxd65chqed6t0c5z8z505daw0rvsveyl0eq,,,,,,,,,,,,,2026-09-18T17:46:36.100547+00:00
scope1qrrlvz3uuaz5fd4837xuju6xf2zsgnarh4,2FE08E671CDF50F4B205363A1A07F4E65E17A009FC39A39EE8CCE119509B7C24,2026-09-17T15:15:30.933450625Z,pb1kx5k0nr068xhxgcmnzzef9523cxdcexlm3r29w,pb1rrwuxd65chqed6t0c5z8z505daw0rvsveyl0eq,,,,,,,,,,,,,2026-09-18T17:46:37.186282+00:00
scope1qqx4fwxzym3yhn4pl50spqglrltql9k833,C3BB6485C51FAD415ACAEA94A2F1A4FB6A244F1C0999C2173B1A06E45F40303A,2026-09-17T15:15:30.933450625Z,pb17e03lfm0sxjkf860l4n2j2h5yh4s9etq5l9laq,pb1rrwuxd65chqed6t0c5z8z505daw0rvsveyl0eq,,,,,,,,,,,,,2026-09-18T17:46:36.642599+00:00
scope1qqanhhmh90nyjydesm8hd0hs9dpsjn78yd,0E8EA6F8C79D25004859ADE0521331913F50EC0744AEE78A39B5537E52E4807C,2026-09-17T15:13:29.800738401Z,pb18ahv649kg2lfxs786zmpzepn0mhdrafk4fn7df,pb1rrwuxd65chqed6t0c5z8z505daw0rvsveyl0eq,,,,,,,,,,,,,2026-09-18T17:46:37.734830+00:00
scope1qrj5lhxt6tuysjdwgj9uzdfy0e3sctekvr,C1E091CE17C4F4AADDF44F9C994EF1ED00360D7F2CDF618566FA60BFC9B66470,2026-09-17T15:11:37.006220915Z,pb1kx5k0nr068xhxgcmnzzef9523cxdcexlm3r29w,pb1rrwuxd65chqed6t0c5z8z505daw0rvsveyl0eq,,,,,,,,,,,,,2026-09-18T17:46:38.289556+00:00
scope1qqllqftwt3f5t84eh3g43uf0rxzskrlez0,7B61F2FBDE0C2ED7214DCD994431A38F69A0161E7CC6089F58B5305DB2877DC7,2026-09-17T15:11:15.087703336Z,pb1k38pa6rgnepcs592n4mvr3hxucw8tslprcmlvk,pb1rrwuxd65chqed6t0c5z8z505daw0rvsveyl0eq,,,,,,,,,,,,,2026-09-18T17:46:38.835568+00:00
scope1qrs4nlh2ra4yn6570g65ys98e28q4v3dkd,020CFB6FC21420E10EAF09BA6528D0F558D117C9624BE3826119955A368C6DE6,2026-09-17T15:10:36.093131996Z,pb1awn7unm6pv3rd9s0wzg4vje357dn3pn8ua530c,pb1rrwuxd65chqed6t0c5z8z505daw0rvsveyl0eq,,,,,,,,,,,,,2026-09-18T17:46:39.927026+00:00
scope1qrfg7ztuxnt5llywk04g5c39ze8qyvlwdg,821E6DE475455856840F0F3A95D031BD58D8509B9959BBA2375D08E05FB02F5B,2026-09-17T15:10:36.093131996Z,pb1xvd4k9jg5h0d4dhzr4z0txtwe9p5zxf58xcmxd,pb1rrwuxd65chqed6t0c5z8z505daw0rvsveyl0eq,,,,,,,,,,,,,2026-09-18T17:46:39.382954+00:00
scope1qz88uj02gy75qvacpxyamw0dydksj2zfzy,A3EB42C1E13D31DA00C7A2A3F929215B7D25A2CA4CBE739199BA5B7450692F7C,2026-09-17T15:10:27.209419751Z,pb1xvd4k9jg5h0d4dhzr4z0txtwe9p5zxf58xcmxd,pb1rrwuxd65chqed6t0c5z8z505daw0rvsveyl0eq,,,,,,,,,,,,,2026-09-18T17:46:40.480265+00:00
scope1qr95qex6r6t5hfd2ph0qgpxtgtjsfpkjzl,3ECC09479408D00653A864F25E014D5FDBE9510F9A1C03BA0E48A147090308DD,2026-09-17T15:10:18.621621028Z,pb16j3hxhr0m56h9u9ptdtz2qpmtd7333f77h64m6,pb1rrwuxd65chqed6t0c5z8z505daw0rvsveyl0eq,,,,,,,,,,,,,2026-09-18T17:46:41.040677+00:00
scope1qrjg6dzhv7h50959vvhjkjw29ptsmqzhn3,91B1B14E5EF3378B75AC710FCA8CFF0C1671C6A5A3BF4F19E8F22C57261CA3B8,2026-09-17T15:09:29.879646774Z,pb13knswfs6ack05wveq5nua7jgc5jnld3zg8xl52,pb1rrwuxd65chqed6t0c5z8z505daw0rvsveyl0eq,,,,,,,,,,,,,2026-09-18T17:46:41.599217+00:00
scope1qp50uvzxd7s5jfyape7sgs23hz4qu24ts6,6AFCF05535304F84F1B57F30E927D10F369ED4D7C295B4F7FDC280B1924CA9A5,2026-09-17T15:06:53.458497554Z,pb1ucm247a2w2wwkfkck2j83mgle05959r3a39s96,pb1rrwuxd65chqed6t0c5z8z505daw0rvsveyl0eq,,,,,,,,,,,,,2026-09-18T17:46:42.152466+00:00
scope1qrf0fqyushc5vl43k3h0temn33gs5f5haj,8E582489A4DAFABF370FB001680212375017217763B7BBC52A48EAE7A23D8E1F,2026-09-17T15:03:34.107666330Z,pb13knswfs6ack05wveq5nua7jgc5jnld3zg8xl52,pb1rrwuxd65chqed6t0c5z8z505daw0rvsveyl0eq,,,,,,,,,,,,,2026-09-18T17:46:42.725298+00:00
scope1qqzhle5u25rymrdtshdddyzlknmqhu5c49,B1585D52A63FB340040E1AC0921A6D51136C6E7BC3367922B43DD373DAF2AF3C,2026-09-17T15:00:40.625461682Z,pb1xvd4k9jg5h0d4dhzr4z0txtwe9p5zxf58xcmxd,pb1rrwuxd65chqed6t0c5z8z505daw0rvsveyl0eq,,,,,,,,,,,,,2026-09-18T17:46:43.808774+00:00
scope1qpmdpcrk8ap5vrywcz8vdsrm39mqltcyfs,80A38BC60968FABA04308274303B8958CA634918D30D52C63C5666122DBC6962,2026-09-17T15:00:40.625461682Z,pb13knswfs6ack05wveq5nua7jgc5jnld3zg8xl52,pb1rrwuxd65chqed6t0c5z8z505daw0rvsveyl0eq,,,,,,,,,,,,,2026-09-18T17:46:43.265844+00:00
scope1qzxurzg74vr5m3ak3mgm0ghdr7estfeqwf,2D422A41711782494EF42E7D1B0ACE739099AE17CA33F51269D06DD5C0106724,2026-09-17T15:00:27.586864510Z,pb1xzvkzyt5q3940rp2e299hx0e5udrhgne2a8ylk,pb1rrwuxd65chqed6t0c5z8z505daw0rvsveyl0eq,,,,,,,,,,,,,2026-09-18T17:46:44.354151+00:00
scope1qzh7lg8w5ueyds98nsl6myunme0qehy3qn,D80C9E70799D6D876BD8EFB87411D2F8B9FA3EAC512BC8F84AD086B3FBC3FB28,2026-09-17T15:00:19.035295529Z,pb1xzvkzyt5q3940rp2e299hx0e5udrhgne2a8ylk,pb1rrwuxd65chqed6t0c5z8z505daw0rvsveyl0eq,,,,,,,,,,,,,2026-09-18T17:46:44.911520+00:00
scope1qqlqq8sgvta5m75m9zjqxs220t7q0q9qc9,929D21C4A0927F3B38B2160235F28DF4D1FC5E481D38ABD0F6D56D3422A2B5E7,2026-09-17T14:58:52.173985849Z,pb1xzl9wgh0ry2dma43f58vmuteqd3996j6mhqhgz,pb1rrwuxd65chqed6t0c5z8z505daw0rvsveyl0eq,,,,,,,,,,,,,2026-09-18T17:46:45.466155+00:00
scope1qp73227su8yynzdrlgq7278jl8aqaczsrk,620E1753FEBAAB5A53F405E10D2D9A3B9C1174314989CD9DD42BEEC692C59509,2026-09-17T14:57:02.454011163Z,pb1awn7unm6pv3rd9s0wzg4vje357dn3pn8ua530c,pb1rrwuxd65chqed6t0c5z8z505daw0rvsveyl0eq,,,,,,,,,,,,,2026-09-18T17:46:46.020362+00:00
scope1qql2y0x4td6yrtykqxytw2qkeawqr62ca5,D8916F75C56915F7AFE18F6E844EB2C02152777EF171C76AD04A271681D9A082,2026-09-17T14:56:19.114402846Z,pb1xvd4k9jg5h0d4dhzr4z0txtwe9p5zxf58xcmxd,pb1rrwuxd65chqed6t0c5z8z505daw0rvsveyl0eq,,,,,,,,,,,,,2026-09-18T17:46:46.573249+00:00
scope1qqf4zrl3fm95755x0zw7xvwctnmqqyjqvy,DDF0BBE62191AE4A1A483A2EB27E0CEF027C321E3C8597E1F13FDDA9029940C1,2026-09-17T14:56:14.803293562Z,pb16j3hxhr0m56h9u9ptdtz2qpmtd7333f77h64m6,pb1rrwuxd65chqed6t0c5z8z505daw0rvsveyl0eq,,,,,,,,,,,,,2026-09-18T17:46:47.117992+00:00
scope1qrnxyn6jzwe5jgyjjg6c0tenf53semj6xs,A49087A729DDD15F31F1A1DAE434C6B4A7A32CE036EB2E291FB552C696282AE0,2026-09-17T14:55:18.560036831Z,pb1xvd4k9jg5h0d4dhzr4z0txtwe9p5zxf58xcmxd,pb1rrwuxd65chqed6t0c5z8z505daw0rvsveyl0eq,,,,,,,,,,,,,2026-09-18T17:46:48.238456+00:00
scope1qz63gzz8m495cq9avgvwxcy2du2sfhcekw,DBC17C3878D7748F41E4D47375FB5CE856683E3A7662AD3BFC37C9FBA8BD8E94,2026-09-17T14:55:18.560036831Z,pb1qqzphpm5wlnere7ctv65zef82vgfjq2vppvefg,pb1rrwuxd65chqed6t0c5z8z505daw0rvsveyl0eq,,,,,,,,,,,,,2026-09-18T17:46:47.680575+00:00
scope1qrumgzw73dlyf39mezm344qd4h4qwtuyuh,5BDFA0BBECD83705201353327078F5D42DB1677417FE8951339C126E7D6D5E62,2026-09-17T14:52:55.147772109Z,pb1kx5k0nr068xhxgcmnzzef9523cxdcexlm3r29w,pb1rrwuxd65chqed6t0c5z8z505daw0rvsveyl0eq,,,,,,,,,,,,,2026-09-18T17:46:48.788694+00:00
scope1qpav35m8zym573yqcuemz8yk9z0qdz7nhv,B44C87BCD756D3B606179320AAD92DBCF3D6B7498EB817962BB1489B1224FAA1,2026-09-17T14:52:16.379448881Z,pb1kx5k0nr068xhxgcmnzzef9523cxdcexlm3r29w,pb1rrwuxd65chqed6t0c5z8z505daw0rvsveyl0eq,,,,,,,,,,,,,2026-09-18T17:46:49.332805+00:00
scope1qzvwfz80vdy5yk9mdn8q37y8z45qatzuyj,BCFC9952B3036D35CB4C322C7D59079FA67BD479F4587694E55CFB549A3712B4,2026-09-17T14:50:36.639917273Z,pb1kx5k0nr068xhxgcmnzzef9523cxdcexlm3r29w,pb1rrwuxd65chqed6t0c5z8z505daw0rvsveyl0eq,,,,,,,,,,,,,2026-09-18T17:46:49.876091+00:00
scope1qradc6c9hqj5ghyy8ypxlxjjxnnquz43f6,B819A9485E7AD8C538ABF1C25746EA5008DA2DD8F60DF707927A78B723C588FB,2026-09-17T14:50:32.317779907Z,pb1kx5k0nr068xhxgcmnzzef9523cxdcexlm3r29w,pb1rrwuxd65chqed6t0c5z8z505daw0rvsveyl0eq,,,,,,,,,,,,,2026-09-18T17:46:50.428557+00:00
scope1qpatp6sx66e5m9ywhz8t2nvvk5ysrdgeaw,E2AB512D73E85D9F62D1A454C137D8BFDEFE31FFE7FF9C17998B629B4F29AF09,2026-09-17T14:50:23.565299543Z,pb1g7n9qcd7zzpafv0zx8u6gdqvj34aalqapygrks,pb1rrwuxd65chqed6t0c5z8z505daw0rvsveyl0eq,,,,,,,,,,,,,2026-09-18T17:46:50.968398+00:00
scope1qql67k676wuyravfry07scn72utqrque0g,4FE635C6E91E6DC37FE3BBC190B0005B19B4C2182FBD3B882CF06CB3C1AC4198,2026-09-17T14:49:53.454387653Z,pb1xvd4k9jg5h0d4dhzr4z0txtwe9p5zxf58xcmxd,pb1rrwuxd65chqed6t0c5z8z505daw0rvsveyl0eq,,,,,,,,,,,,,2026-09-18T17:46:51.511982+00:00
scope1qqdnv7ze7geyfyddu3xty6e7v8js9aug5h,071137E0C811C7AAA41124F528C751D0EA30CCB79A5526B243F4E7E408CA3F0F,2026-09-17T14:48:56.948764672Z,pb1awn7unm6pv3rd9s0wzg4vje357dn3pn8ua530c,pb1rrwuxd65chqed6t0c5z8z505daw0rvsveyl0eq,,,,,,,,,,,,,2026-09-18T17:46:52.058585+00:00
scope1qpxyynyc9etyx79undr73k7uxxzqq34zp9,A3B6F6836163177CD7FB776B2E3A8B3B8766C207997117622BB75B6FCD8D15FB,2026-09-17T14:48:30.789361430Z,pb1sdentsz7ymu9qv3rvyscnseqyj02z2dvrakywv,pb1rrwuxd65chqed6t0c5z8z505daw0rvsveyl0eq,,,,,,,,,,,,,2026-09-18T17:46:52.604134+00:00
scope1qpftst85gjdylv97xq6hlmttuulsy05u42,005AB443FC74E971C3006023A648B395A776C051026902031AB10BB12EF268CC,2026-09-17T14:46:08.329734449Z,pb1awn7unm6pv3rd9s0wzg4vje357dn3pn8ua530c,pb1rrwuxd65chqed6t0c5z8z505daw0rvsveyl0eq,,,,,,,,,,,,,2026-09-18T17:46:53.153240+00:00
scope1qqet0qkkav45r7y5nzuvqlamx05sn3x50t,5CB0A26AD3FF6E19D6C74489B2CE309205D27A7B0783C5216405C0C070A3F496,2026-09-17T14:45:25.680374447Z,pb1xvd4k9jg5h0d4dhzr4z0txtwe9p5zxf58xcmxd,pb1rrwuxd65chqed6t0c5z8z505daw0rvsveyl0eq,,,,,,,,,,,,,2026-09-18T17:46:53.704810+00:00
scope1qrs48600tfpyt25q4f48jre8s9dsu7dnrw,085AC13A27100FA495B9DDC071480F49E9FBCEF7150D768D582EBC96F6F1D6E6,2026-09-17T14:45:21.377702453Z,pb1kx5k0nr068xhxgcmnzzef9523cxdcexlm3r29w,pb1rrwuxd65chqed6t0c5z8z505daw0rvsveyl0eq,,,,,,,,,,,,,2026-09-18T17:46:54.811889+00:00
scope1qr0sx5rq5v85h4dzxqky8v0wu2vqx8hkdm,DFB63687811977D0EF9FF8342E1EAB75E647A622E01110A277263B02A801EB9D,2026-09-17T14:45:21.377702453Z,pb13knswfs6ack05wveq5nua7jgc5jnld3zg8xl52,pb1rrwuxd65chqed6t0c5z8z505daw0rvsveyl0eq,,,,,,,,,,,,,2026-09-18T17:46:54.262419+00:00
scope1qruq92lkv74yqp4qh78w6vxthx5q7qr4sm,937BA60490810A00C20ED993ED845236C101ABEF122CC17F15117FA6CC261B95,2026-09-17T14:43:44.729809157Z,pb1xvd4k9jg5h0d4dhzr4z0txtwe9p5zxf58xcmxd,pb1rrwuxd65chqed6t0c5z8z505daw0rvsveyl0eq,,,,,,,,,,,,,2026-09-18T17:46:55.358273+00:00
scope1qzvxerf32af56sap0fga5n22axdsqqlnym,2CEF79265A15ADB02258EE6474C386875FBB5C3FD10CEC0921654D35C5165201,2026-09-17T14:41:17.305180761Z,pb1kx5k0nr068xhxgcmnzzef9523cxdcexlm3r29w,pb1rrwuxd65chqed6t0c5z8z505daw0rvsveyl0eq,,,,,,,,,,,,,2026-09-18T17:46:55.902732+00:00
scope1qzn8nht7fva57t4pltputp9p9cdqpmqyrr,175ECAEA66062FB25A32E7FF52321D7E8C281B50E5D89F7F7CA5FC2EF601761B,2026-09-17T14:40:29.554316386Z,pb13knswfs6ack05wveq5nua7jgc5jnld3zg8xl52,pb1rrwuxd65chqed6t0c5z8z505daw0rvsveyl0eq,,,,,,,,,,,,,2026-09-18T17:46:56.441425+00:00
scope1qppulq4ngth5cpymgsfqq4yz3upq3hqd28,4820617C4E72FA1821C74B34BB0CACCB4BE1BC29DB3BD35595002EAAD59DA70C,2026-09-17T14:40:25.167878391Z,pb13knswfs6ack05wveq5nua7jgc5jnld3zg8xl52,pb1rrwuxd65chqed6t0c5z8z505daw0rvsveyl0eq,,,,,,,,,,,,,2026-09-18T17:46:56.994561+00:00
scope1qrvq7muz3a25gqdqz72wwyj9am4qd7xgxp,8BAAE4DCD72DC63E4E1411F567A933B19DC24BCD4A6279CA0006A796EC083271,2026-09-17T14:40:16.558752318Z,pb1xvd4k9jg5h0d4dhzr4z0txtwe9p5zxf58xcmxd,pb1rrwuxd65chqed6t0c5z8z505daw0rvsveyl0eq,,,,,,,,,,,,,2026-09-18T17:46:57.545594+00:00
scope1qpytyjtd09py3zy4ndfvzddfddfqppyxcz,6D69D077EC0AE6BFC1364C3137E36DFAC5679E03B042892248ADB86F36D187B1,2026-09-17T14:39:10.956322772Z,pb1awn7unm6pv3rd9s0wzg4vje357dn3pn8ua530c,pb1rrwuxd65chqed6t0c5z8z505daw0rvsveyl0eq,,,,,,,,,,,,,2026-09-18T17:46:58.090476+00:00
scope1qp3wky0hyff5t0yvv7mxwthlvursdamgny,D60935031542B6103802F1E7D09DB76D3A9DA74339A80C98EA5F317611E6316D,2026-09-17T14:37:35.946268352Z,pb1xvd4k9jg5h0d4dhzr4z0txtwe9p5zxf58xcmxd,pb1rrwuxd65chqed6t0c5z8z505daw0rvsveyl0eq,,,,,,,,,,,,,2026-09-18T17:46:58.632872+00:00
scope1qzjcmxczd98yf79ejts47uz74adqzxsmk7,CB83DACE48FA5E85334114BA0DF4099B51685EBDF4096019CD8B4C1D77266D56,2026-09-17T14:35:37.395808Z,pb16j3hxhr0m56h9u9ptdtz2qpmtd7333f77h64m6,pb1rrwuxd65chqed6t0c5z8z505daw0rvsveyl0eq,,,,,,,,,,,,,2026-09-18T17:46:59.174120+00:00
scope1qpyx0esxhdsyefytadmlgr9sda6s48m25y,7F61FD5EADF9CA6E62393A14D889288C2B4D257D5D9A581E2920170C795C514F,2026-09-17T14:35:28.793093410Z,pb1k38pa6rgnepcs592n4mvr3hxucw8tslprcmlvk,pb1rrwuxd65chqed6t0c5z8z505daw0rvsveyl0eq,,,,,,,,,,,,,2026-09-18T17:46:59.728365+00:00
scope1qr7hp79c0475xk4mj89ds5wwdv8s7ga9h6,A9E0BC86F79B172B1C900BA1C11E879F1D6332B92040A2E71546209132295B7C,2026-09-17T14:35:24.321564511Z,pb1awn7unm6pv3rd9s0wzg4vje357dn3pn8ua530c,pb1rrwuxd65chqed6t0c5z8z505daw0rvsveyl0eq,,,,,,,,,,,,,2026-09-18T17:47:00.278384+00:00
scope1qrnf698lm065pz94686flehkpx9q99u37m,A9E0BC86F79B172B1C900BA1C11E879F1D6332B92040A2E71546209132295B7C,2026-09-17T14:35:24.321564511Z,pb1awn7unm6pv3rd9s0wzg4vje357dn3pn8ua530c,pb1rrwuxd65chqed6t0c5z8z505daw0rvsveyl0eq,,,,,,,,,,,,,2026-09-18T17:47:00.278298+00:00
scope1qr33cxmcag3y68u4se4f5afz4k8s00azm2,B1E03AEB32A7BED4E4C12067C2C5CD4CC5B6E21598557B524EFCDDED06E34667,2026-09-17T14:35:15.665586275Z,pb1xvd4k9jg5h0d4dhzr4z0txtwe9p5zxf58xcmxd,pb1rrwuxd65chqed6t0c5z8z505daw0rvsveyl0eq,,,,,,,,,,,,,2026-09-18T17:47:00.830228+00:00
scope1qru4h4wp4n65a7d0dhetcr2zhppswut64d,494F949C1D1ADAAF12805D66B4DDC890DAD0D295D1438107A25749171758D346,2026-09-17T14:34:06.453022979Z,pb13knswfs6ack05wveq5nua7jgc5jnld3zg8xl52,pb1rrwuxd65chqed6t0c5z8z505daw0rvsveyl0eq,,,,,,,,,,,,,2026-09-18T17:47:01.407489+00:00
scope1qrwl2nqftkwyruyg6yldw386f58qcd6u06,3136B65A056BB68A5AF0AA5ED0B64E3CF31D5A50ABCADBF344E4797A82C63094,2026-09-17T14:31:13.251360149Z,pb1xvd4k9jg5h0d4dhzr4z0txtwe9p5zxf58xcmxd,pb1rrwuxd65chqed6t0c5z8z505daw0rvsveyl0eq,,,,,,,,,,,,,2026-09-18T17:47:01.959392+00:00
scope1qz5la2sjgz65w54srhlhavv7xx7qxdc6lx,F1EEB2D2A58EC2585B6EB1E07A2D4852668F237EB5B96AFA841A79E7F29C6AFD,2026-09-17T14:30:25.854657368Z,pb13knswfs6ack05wveq5nua7jgc5jnld3zg8xl52,pb1rrwuxd65chqed6t0c5z8z505daw0rvsveyl0eq,,,,,,,,,,,,,2026-09-18T17:47:03.062922+00:00
scope1qql9amlr9qgyc09jf7jatapnuahq4wph3y,4A00C01C7E5787700341DC5B07B87C3D4394EF398EEA7C2ED5150631235DB9C3,2026-09-17T14:30:25.854657368Z,pb17e03lfm0sxjkf860l4n2j2h5yh4s9etq5l9laq,pb1rrwuxd65chqed6t0c5z8z505daw0rvsveyl0eq,,,,,,,,,,,,,2026-09-18T17:47:02.515692+00:00
scope1qpzj08cl5sv5apu62ghfsns8xg3szs5mmv,6430B84A17D023CBD30C4FED7B1FE5F1D227B9FB522B67E3EA78797B0D923C80,2026-09-17T14:30:17.198400345Z,pb1awn7unm6pv3rd9s0wzg4vje357dn3pn8ua530c,pb1rrwuxd65chqed6t0c5z8z505daw0rvsveyl0eq,,,,,,,,,,,,,2026-09-18T17:47:03.622184+00:00
scope1qzt0hq6tvsu59w5kxr4gdjpjd88qfncc0t,D1D7067AED50959A64B179A7C0698978BBE368B395D1CB72E43AFEF6AFCAFD32,2026-09-17T14:30:12.764766198Z,pb13knswfs6ack05wveq5nua7jgc5jnld3zg8xl52,pb1rrwuxd65chqed6t0c5z8z505daw0rvsveyl0eq,,,,,,,,,,,,,2026-09-18T17:47:04.185651+00:00
scope1qrey6nueeu95ex9ygn4n30cp2mjqjef5lz,95047FFE5E56BA10F9BD98434BD7C3F1E7FA631CD372D55D7E2A6D08D46816E6,2026-09-17T14:29:49.787144095Z,pb1qqzphpm5wlnere7ctv65zef82vgfjq2vppvefg,pb1rrwuxd65chqed6t0c5z8z505daw0rvsveyl0eq,,,,,,,,,,,,,2026-09-18T17:47:04.768081+00:00
scope1qr2p0mcv40x54n5kdlpkhu9kjfkq80rjta,FDD3AB21D6D4E67E941672443A9746227AEAE41461EA9C43A31197E7705B2850,2026-09-17T14:28:57.850088353Z,pb1xvd4k9jg5h0d4dhzr4z0txtwe9p5zxf58xcmxd,pb1rrwuxd65chqed6t0c5z8z505daw0rvsveyl0eq,,,,,,,,,,,,,2026-09-18T17:47:05.321977+00:00
scope1qqvdfkjh3xzyw9vvq56ysdmgyyqs2g36qc,4E5CFD063AD52E92C622DF9755241538BB2C77EEE4DD16FD3A99D33EE6EFE933,2026-09-17T14:28:31.640681320Z,pb1xvd4k9jg5h0d4dhzr4z0txtwe9p5zxf58xcmxd,pb1rrwuxd65chqed6t0c5z8z505daw0rvsveyl0eq,,,,,,,,,,,,,2026-09-18T17:47:05.859577+00:00
scope1qqraqcfrndx5hfd2snp2wzugrwlqgf8z2x,069D0793E50B547EA20F98228240BB88EB19F91C66311EA216EFF1C1DC615AE1,2026-09-17T14:28:27.234037830Z,pb13knswfs6ack05wveq5nua7jgc5jnld3zg8xl52,pb1rrwuxd65chqed6t0c5z8z505daw0rvsveyl0eq,,,,,,,,,,,,,2026-09-18T17:47:06.407884+00:00
scope1qrjy40dmpasysadc3gvrxvruzv6s9l839s,C488705FF68AD30BA03506AAB99CD34317D091E5E75E1233515F48DA7FAC544B,2026-09-17T14:25:33.257638458Z,pb1q4ffj426hu5fj0h7muy2h7hj6sqmqe7vz67245,pb1rrwuxd65chqed6t0c5z8z505daw0rvsveyl0eq,,,,,,,,,,,,,2026-09-18T17:47:06.957335+00:00
scope1qpq2ky5vgm7ygn4sd0a79zmy8r4szpmmhn,11EB5AE12BA41143DC1E5EA92DC7C8C7B11FD7C9FE9677EC966E7AB8116F05BB,2026-09-17T14:25:28.950471430Z,pb13knswfs6ack05wveq5nua7jgc5jnld3zg8xl52,pb1rrwuxd65chqed6t0c5z8z505daw0rvsveyl0eq,,,,,,,,,,,,,2026-09-18T17:47:07.513484+00:00
scope1qzyu7y4plhq5z8yhdr6pnffqy5vsmsc5eq,82D57674BC027CCE94C0B47EECC79C19C94984D5A0EF74B8AD2FC5B35C6FA777,2026-09-17T14:25:20.280535860Z,pb1k38pa6rgnepcs592n4mvr3hxucw8tslprcmlvk,pb1rrwuxd65chqed6t0c5z8z505daw0rvsveyl0eq,,,,,,,,,,,,,2026-09-18T17:47:08.065021+00:00
scope1qpfc6gjd0pd5rxv6h9mdayydwstsfmrrrs,6B7DDD6DB454E1A7E4EE1B7DBD258665B1908EF1D26485A12A460A24DA7C243A,2026-09-17T14:23:49.366321330Z,pb1xvd4k9jg5h0d4dhzr4z0txtwe9p5zxf58xcmxd,pb1rrwuxd65chqed6t0c5z8z505daw0rvsveyl0eq,,,,,,,,,,,,,2026-09-18T17:47:08.608441+00:00
scope1qrkacthyz8f5rlyvuxpnm36pywwqq6v3ss,8E14CA33B9CE378FAD61731591DF5B519634829DAB11946E4815E6EF3A665405,2026-09-17T14:23:44.987494485Z,pb1xn26pu6csqg4vj2apq4x4muvc8g2vgazea9ack,pb1rrwuxd65chqed6t0c5z8z505daw0rvsveyl0eq,,,,,,,,,,,,,2026-09-18T17:47:09.157108+00:00
scope1qz2hud053sn5kr52aen8s9y4h9js5zf2zs,21F303DCC0B6C53A75EC53D9D7D2C816E479A3A16BEEDEB65D50713A32B139E3,2026-09-17T14:23:40.589681814Z,pb14ep8k6jtc338c00t9khyrydpw7vywagdzqntwz,pb1rrwuxd65chqed6t0c5z8z505daw0rvsveyl0eq,,,,,,,,,,,,,2026-09-18T17:47:09.695425+00:00
scope1qr3smw0fzzr55sd3cznmdv8azsnqhvmshm,68BB2307F8C3C28311F0EA0B0038B307E5F0082E6D5D3AC10CBBBEFB7C0BCF2D,2026-09-17T14:23:36.264523993Z,pb1xn26pu6csqg4vj2apq4x4muvc8g2vgazea9ack,pb1rrwuxd65chqed6t0c5z8z505daw0rvsveyl0eq,,,,,,,,,,,,,2026-09-18T17:47:10.253755+00:00
scope1qr62368mvq5yua4q9xu029c4nlwsawtnv6,68BB2307F8C3C28311F0EA0B0038B307E5F0082E6D5D3AC10CBBBEFB7C0BCF2D,2026-09-17T14:23:36.264523993Z,pb1xn26pu6csqg4vj2apq4x4muvc8g2vgazea9ack,pb1rrwuxd65chqed6t0c5z8z505daw0rvsveyl0eq,,,,,,,,,,,,,2026-09-18T17:47:10.253742+00:00
scope1qrkymdl5q9wyll4366kjx57dmkvsmyyrj7,68BB2307F8C3C28311F0EA0B0038B307E5F0082E6D5D3AC10CBBBEFB7C0BCF2D,2026-09-17T14:23:36.264523993Z,pb1xn26pu6csqg4vj2apq4x4muvc8g2vgazea9ack,pb1rrwuxd65chqed6t0c5z8z505daw0rvsveyl0eq,,,,,,,,,,,,,2026-09-18T17:47:10.253679+00:00
scope1qr5eau4ye4z5scytrpwaz9qr30ms2wp9pd,9854AFE0CA142AC3093011BCD05096C01BF10E5198C84B7252AE29ECC7DC88A8,2026-09-17T14:23:27.391578431Z,pb1xn26pu6csqg4vj2apq4x4muvc8g2vgazea9ack,pb1rrwuxd65chqed6t0c5z8z505daw0rvsveyl0eq,,,,,,,,,,,,,2026-09-18T17:47:10.813030+00:00
scope1qre02rz99y45av56cay7xllrr0mq6hyz68,9854AFE0CA142AC3093011BCD05096C01BF10E5198C84B7252AE29ECC7DC88A8,2026-09-17T14:23:27.391578431Z,pb1xn26pu6csqg4vj2apq4x4muvc8g2vgazea9ack,pb1rrwuxd65chqed6t0c5z8z505daw0rvsveyl0eq,,,,,,,,,,,,,2026-09-18T17:47:10.813010+00:00
scope1qrnpjhtpp59yyuv4hnkkmcv9jens70w5mk,9854AFE0CA142AC3093011BCD05096C01BF10E5198C84B7252AE29ECC7DC88A8,2026-09-17T14:23:27.391578431Z,pb1xn26pu6csqg4vj2apq4x4muvc8g2vgazea9ack,pb1rrwuxd65chqed6t0c5z8z505daw0rvsveyl0eq,,,,,,,,,,,,,2026-09-18T17:47:10.812942+00:00
scope1qrns2nm29e5yxtdafah6wrv0wp5qhu50hs,4464B4C1E4645DF1DC348C7815A245620B46A258534011A02DAD3BE678EF7739,2026-09-17T14:23:22.966916954Z,pb1xn26pu6csqg4vj2apq4x4muvc8g2vgazea9ack,pb1rrwuxd65chqed6t0c5z8z505daw0rvsveyl0eq,,,,,,,,,,,,,2026-09-18T17:47:11.373840+00:00
scope1qrfju0ngatay3d5w26x73l2sdueq3qdf26,4464B4C1E4645DF1DC348C7815A245620B46A258534011A02DAD3BE678EF7739,2026-09-17T14:23:22.966916954Z,pb1xn26pu6csqg4vj2apq4x4muvc8g2vgazea9ack,pb1rrwuxd65chqed6t0c5z8z505daw0rvsveyl0eq,,,,,,,,,,,,,2026-09-18T17:47:11.373776+00:00
scope1qrypqacphtu5m69x38dd8a8mjc6qmlvc89,652D3D14AC80F279042365C31AD6AE7446180BF0E684D5BDBF9C525AD7DD5B9E,2026-09-17T14:23:18.519045899Z,pb1xn26pu6csqg4vj2apq4x4muvc8g2vgazea9ack,pb1rrwuxd65chqed6t0c5z8z505daw0rvsveyl0eq,,,,,,,,,,,,,2026-09-18T17:47:11.927851+00:00
scope1qrg6zc4pgsp55eahg9vphaem4tjq7vmp97,652D3D14AC80F279042365C31AD6AE7446180BF0E684D5BDBF9C525AD7DD5B9E,2026-09-17T14:23:18.519045899Z,pb1xn26pu6csqg4vj2apq4x4muvc8g2vgazea9ack,pb1rrwuxd65chqed6t0c5z8z505daw0rvsveyl0eq,,,,,,,,,,,,,2026-09-18T17:47:11.927778+00:00
scope1qrs8afp0f4t5fm4ugl7hk9wjm04qw7emxk,BA08C626F5B60A053B1F29EB7F764EAB78390076066AF521D4BA743E438FBC23,2026-09-17T14:23:09.726886784Z,pb1xn26pu6csqg4vj2apq4x4muvc8g2vgazea9ack,pb1rrwuxd65chqed6t0c5z8z505daw0rvsveyl0eq,,,,,,,,,,,,,2026-09-18T17:47:12.477957+00:00
scope1qry0qjrkdwcy24vsqh9ra6htfjxsnn8t8g,BA08C626F5B60A053B1F29EB7F764EAB78390076066AF521D4BA743E438FBC23,2026-09-17T14:23:09.726886784Z,pb1xn26pu6csqg4vj2apq4x4muvc8g2vgazea9ack,pb1rrwuxd65chqed6t0c5z8z505daw0rvsveyl0eq,,,,,,,,,,,,,2026-09-18T17:47:12.477936+00:00
scope1qrwrntwz8yf5vd44n7h7a4h4735qspmtkm,BA08C626F5B60A053B1F29EB7F764EAB78390076066AF521D4BA743E438FBC23,2026-09-17T14:23:09.726886784Z,pb1xn26pu6csqg4vj2apq4x4muvc8g2vgazea9ack,pb1rrwuxd65chqed6t0c5z8z505daw0rvsveyl0eq,,,,,,,,,,,,,2026-09-18T17:47:12.477877+00:00
scope1qr04gmqfu0qymqv4cgmtf3zp0fns5l3xg4,EFA3AC9F00CC3CC238546841E4E3BF9ABCDB482683193A4D44A1D2557F98C89C,2026-09-17T14:23:05.326923291Z,pb1xn26pu6csqg4vj2apq4x4muvc8g2vgazea9ack,pb1rrwuxd65chqed6t0c5z8z505daw0rvsveyl0eq,,,,,,,,,,,,,2026-09-18T17:47:13.028897+00:00
scope1qzug27j6wswy2adpkyrmwzqtuvasgdwpaz,EFA3AC9F00CC3CC238546841E4E3BF9ABCDB482683193A4D44A1D2557F98C89C,2026-09-17T14:23:05.326923291Z,pb1xn26pu6csqg4vj2apq4x4muvc8g2vgazea9ack,pb1rrwuxd65chqed6t0c5z8z505daw0rvsveyl0eq,,,,,,,,,,,,,2026-09-18T17:47:13.028882+00:00
scope1qr2w4vt77ncy9xywdtsgnm8hhhtqpde0va,EFA3AC9F00CC3CC238546841E4E3BF9ABCDB482683193A4D44A1D2557F98C89C,2026-09-17T14:23:05.326923291Z,pb1xn26pu6csqg4vj2apq4x4muvc8g2vgazea9ack,pb1rrwuxd65chqed6t0c5z8z505daw0rvsveyl0eq,,,,,,,,,,,,,2026-09-18T17:47:13.028812+00:00
scope1qzug7uv0ktu55lu4kaej52plvl2stpusxg,445A0E7F281BEE02CE1BF7FB6AF221673233778002C2345DDFAF55C24C39D524,2026-09-17T14:23:00.967772552Z,pb1xn26pu6csqg4vj2apq4x4muvc8g2vgazea9ack,pb1rrwuxd65chqed6t0c5z8z505daw0rvsveyl0eq,,,,,,,,,,,,,2026-09-18T17:47:14.143875+00:00
scope1qrnsdervw4u55257m47gz5z9h2kqege3fw,445A0E7F281BEE02CE1BF7FB6AF221673233778002C2345DDFAF55C24C39D524,2026-09-17T14:23:00.967772552Z,pb1xn26pu6csqg4vj2apq4x4muvc8g2vgazea9ack,pb1rrwuxd65chqed6t0c5z8z505daw0rvsveyl0eq,,,,,,,,,,,,,2026-09-18T17:47:14.143848+00:00
scope1qrd6r8rx2m9yndaxczl9strpvqmsxcj9j5,445A0E7F281BEE02CE1BF7FB6AF221673233778002C2345DDFAF55C24C39D524,2026-09-17T14:23:00.967772552Z,pb1xn26pu6csqg4vj2apq4x4muvc8g2vgazea9ack,pb1rrwuxd65chqed6t0c5z8z505daw0rvsveyl0eq,,,,,,,,,,,,,2026-09-18T17:47:14.143771+00:00
scope1qrsdy8jx6435qwyheav9vtues5as24z2ch,BC03E67D2A2F9701ECBBE54CB83B51770A23FA3029EE12BECC814469D65F97C9,2026-09-17T14:23:00.967772552Z,pb1xn26pu6csqg4vj2apq4x4muvc8g2vgazea9ack,pb1rrwuxd65chqed6t0c5z8z505daw0rvsveyl0eq,,,,,,,,,,,,,2026-09-18T17:47:13.580213+00:00
scope1qztj2s9s2fn5t6y79gkg5gc009pqlkd8pu,B2ABF4DB0D02A09473511A0C52D3AC8CE5DE967FA7ADA50A810E55EEC0EE0073,2026-09-17T14:22:52.394783174Z,pb1xn26pu6csqg4vj2apq4x4muvc8g2vgazea9ack,pb1rrwuxd65chqed6t0c5z8z505daw0rvsveyl0eq,,,,,,,,,,,,,2026-09-18T17:47:14.699028+00:00
scope1qz2uhzxvun8yh650khxdtg9cm0vsuvmxar,B2ABF4DB0D02A09473511A0C52D3AC8CE5DE967FA7ADA50A810E55EEC0EE0073,2026-09-17T14:22:52.394783174Z,pb1xn26pu6csqg4vj2apq4x4muvc8g2vgazea9ack,pb1rrwuxd65chqed6t0c5z8z505daw0rvsveyl0eq,,,,,,,,,,,,,2026-09-18T17:47:14.699014+00:00
scope1qrvkckgt8dj5np48eypqsg0v4r7q30wc26,B2ABF4DB0D02A09473511A0C52D3AC8CE5DE967FA7ADA50A810E55EEC0EE0073,2026-09-17T14:22:52.394783174Z,pb1xn26pu6csqg4vj2apq4x4muvc8g2vgazea9ack,pb1rrwuxd65chqed6t0c5z8z505daw0rvsveyl0eq,,,,,,,,,,,,,2026-09-18T17:47:14.698942+00:00
scope1qzguw4whx8k5tr4cdgfgdzst9jjsqeva20,F953EB626F1DE8FD75B3374CE6AD1923C60D97833FD77F368F3B41533243AAEA,2026-09-17T14:22:47.980862037Z,pb1xn26pu6csqg4vj2apq4x4muvc8g2vgazea9ack,pb1rrwuxd65chqed6t0c5z8z505daw0rvsveyl0eq,,,,,,,,,,,,,2026-09-18T17:47:15.256089+00:00
scope1qzghnuvz5ekyapvusjs27d92engqg3xask,F953EB626F1DE8FD75B3374CE6AD1923C60D97833FD77F368F3B41533243AAEA,2026-09-17T14:22:47.980862037Z,pb1xn26pu6csqg4vj2apq4x4muvc8g2vgazea9ack,pb1rrwuxd65chqed6t0c5z8z505daw0rvsveyl0eq,,,,,,,,,,,,,2026-09-18T17:47:15.256071+00:00
scope1qzag46jl9whyfgyktt263pjjcp7s2j8n5g,F953EB626F1DE8FD75B3374CE6AD1923C60D97833FD77F368F3B41533243AAEA,2026-09-17T14:22:47.980862037Z,pb1xn26pu6csqg4vj2apq4x4muvc8g2vgazea9ack,pb1rrwuxd65chqed6t0c5z8z505daw0rvsveyl0eq,,,,,,,,,,,,,2026-09-18T17:47:15.256000+00:00
scope1qrm7633g04vy8zyesnqm07tvezjshr2czw,4CDF0410D0D8D333986B2967B8FB9E2DD0FEDF652A37EDDFA84D6B4A0694B6AF,2026-09-17T14:22:39.303860329Z,pb1xvd4k9jg5h0d4dhzr4z0txtwe9p5zxf58xcmxd,pb1rrwuxd65chqed6t0c5z8z505daw0rvsveyl0eq,,,,,,,,,,,,,2026-09-18T17:47:16.924639+00:00
scope1qz63zqlmx0e55fata40zhupr46ksrq0qlk,56AF088E03259F764A0A18BAE3BDC7E5C5508E800ED775F92F173B5BBE7B2810,2026-09-17T14:22:39.303860329Z,pb1xn26pu6csqg4vj2apq4x4muvc8g2vgazea9ack,pb1rrwuxd65chqed6t0c5z8z505daw0rvsveyl0eq,,,,,,,,,,,,,2026-09-18T17:47:16.362068+00:00
scope1qr0hlakzj33y5pvzhq54rtuxfuxqk6e7az,F43AA65F4D4515446F8F0F6BFC728F153B0FF11211BEAF4D901A03CBAD8E310C,2026-09-17T14:22:39.303860329Z,pb1xn26pu6csqg4vj2apq4x4muvc8g2vgazea9ack,pb1rrwuxd65chqed6t0c5z8z505daw0rvsveyl0eq,,,,,,,,,,,,,2026-09-18T17:47:15.814121+00:00
scope1qzyzwd4rhfayakuflxvryt4hg56qn9h5fd,F43AA65F4D4515446F8F0F6BFC728F153B0FF11211BEAF4D901A03CBAD8E310C,2026-09-17T14:22:39.303860329Z,pb1xn26pu6csqg4vj2apq4x4muvc8g2vgazea9ack,pb1rrwuxd65chqed6t0c5z8z505daw0rvsveyl0eq,,,,,,,,,,,,,2026-09-18T17:47:15.814107+00:00
scope1qzf456p4kc5ykj493z76ghfzd8sqd36zqt,F43AA65F4D4515446F8F0F6BFC728F153B0FF11211BEAF4D901A03CBAD8E310C,2026-09-17T14:22:39.303860329Z,pb1xn26pu6csqg4vj2apq4x4muvc8g2vgazea9ack,pb1rrwuxd65chqed6t0c5z8z505daw0rvsveyl0eq,,,,,,,,,,,,,2026-09-18T17:47:15.814031+00:00
scope1qzam2caarw85flaxk0eq7zxdunaqraazas,330FF6BBBCBA9A5B412306FA45368BC715A16457C63D3726422294D07FE5F40A,2026-09-17T14:22:34.780808700Z,pb1xn26pu6csqg4vj2apq4x4muvc8g2vgazea9ack,pb1rrwuxd65chqed6t0c5z8z505daw0rvsveyl0eq,,,,,,,,,,,,,2026-09-18T17:47:17.478108+00:00
scope1qpuyp23e9ht5v9ycuvmrhx07hkjscyvs6y,330FF6BBBCBA9A5B412306FA45368BC715A16457C63D3726422294D07FE5F40A,2026-09-17T14:22:34.780808700Z,pb1xn26pu6csqg4vj2apq4x4muvc8g2vgazea9ack,pb1rrwuxd65chqed6t0c5z8z505daw0rvsveyl0eq,,,,,,,,,,,,,2026-09-18T17:47:17.478053+00:00
scope1qzt82udgrr35xj58slyj97l3axnqakk39g,330FF6BBBCBA9A5B412306FA45368BC715A16457C63D3726422294D07FE5F40A,2026-09-17T14:22:34.780808700Z,pb1xn26pu6csqg4vj2apq4x4muvc8g2vgazea9ack,pb1rrwuxd65chqed6t0c5z8z505daw0rvsveyl0eq,,,,,,,,,,,,,2026-09-18T17:47:17.477966+00:00
scope1qr4n7x2p8l8yy3attefgvp4zp9psafygg9,3B9211CC3E6958ECB07A97E691D2D61A000F7E839109BC4F0D32EDC2914EE5D6,2026-09-17T14:22:30.368202488Z,pb1xn26pu6csqg4vj2apq4x4muvc8g2vgazea9ack,pb1rrwuxd65chqed6t0c5z8z505daw0rvsveyl0eq,,,,,,,,,,,,,2026-09-18T17:47:18.017100+00:00
scope1qpk7hntudfzygt997jjaww2chf8qzca0vg,3B9211CC3E6958ECB07A97E691D2D61A000F7E839109BC4F0D32EDC2914EE5D6,2026-09-17T14:22:30.368202488Z,pb1xn26pu6csqg4vj2apq4x4muvc8g2vgazea9ack,pb1rrwuxd65chqed6t0c5z8z505daw0rvsveyl0eq,,,,,,,,,,,,,2026-09-18T17:47:18.017087+00:00
scope1qzjaa7xmurx5vn5e3pzcaw44svaq3h7jal,3B9211CC3E6958ECB07A97E691D2D61A000F7E839109BC4F0D32EDC2914EE5D6,2026-09-17T14:22:30.368202488Z,pb1xn26pu6csqg4vj2apq4x4muvc8g2vgazea9ack,pb1rrwuxd65chqed6t0c5z8z505daw0rvsveyl0eq,,,,,,,,,,,,,2026-09-18T17:47:18.017024+00:00
scope1qr0fusee099ydy54svx0e26zzwsscu9kn3,AD53220CD58CBD96C2533A3CFE11879A87EDE74A0E18324CDC25150B17683689,2026-09-17T14:22:21.668361115Z,pb1xn26pu6csqg4vj2apq4x4muvc8g2vgazea9ack,pb1rrwuxd65chqed6t0c5z8z505daw0rvsveyl0eq,,,,,,,,,,,,,2026-09-18T17:47:19.129270+00:00
scope1qzyw23lcuw5yfc539a56j7wdk8dstnv2we,7152A69A3753373E7045651EEB437DD5789CBF9C1A3BDBA1B19443E3BFA78923,2026-09-17T14:22:21.668361115Z,pb1xn26pu6csqg4vj2apq4x4muvc8g2vgazea9ack,pb1rrwuxd65chqed6t0c5z8z505daw0rvsveyl0eq,,,,,,,,,,,,,2026-09-18T17:47:18.582715+00:00
scope1qzs092j85gk5ctyuahy9g076uy4qt6vr6z,7152A69A3753373E7045651EEB437DD5789CBF9C1A3BDBA1B19443E3BFA78923,2026-09-17T14:22:21.668361115Z,pb1xn26pu6csqg4vj2apq4x4muvc8g2vgazea9ack,pb1rrwuxd65chqed6t0c5z8z505daw0rvsveyl0eq,,,,,,,,,,,,,2026-09-18T17:47:18.582702+00:00
scope1qr4n8ec2jmsyp290q6q69a84jmxsd3l4e6,7152A69A3753373E7045651EEB437DD5789CBF9C1A3BDBA1B19443E3BFA78923,2026-09-17T14:22:21.668361115Z,pb1xn26pu6csqg4vj2apq4x4muvc8g2vgazea9ack,pb1rrwuxd65chqed6t0c5z8z505daw0rvsveyl0eq,,,,,,,,,,,,,2026-09-18T17:47:18.582644+00:00
scope1qzxuj7mmc4w5s45cjxqa7w2z6r8qlulg0t,708A4E130F39AFD290CE664DE44C9CC3BF47087F6C9FA6D5BB674FACF47D29AF,2026-09-17T14:22:17.312083317Z,pb1xn26pu6csqg4vj2apq4x4muvc8g2vgazea9ack,pb1rrwuxd65chqed6t0c5z8z505daw0rvsveyl0eq,,,,,,,,,,,,,2026-09-18T17:47:19.678149+00:00
scope1qz59csgfkw4y0uuurgcmn9u6fkdsry8gf3,708A4E130F39AFD290CE664DE44C9CC3BF47087F6C9FA6D5BB674FACF47D29AF,2026-09-17T14:22:17.312083317Z,pb1xn26pu6csqg4vj2apq4x4muvc8g2vgazea9ack,pb1rrwuxd65chqed6t0c5z8z505daw0rvsveyl0eq,,,,,,,,,,,,,2026-09-18T17:47:19.678086+00:00
scope1qpd495q8y285m8ded8fcth0j84cqhje3eu,ABBB5C8AF9EFA8BF7DF2A438CC81895B1C4AA5E3FC1427E232AAB4A7AEF5137C,2026-09-17T14:22:12.799061268Z,pb1xvd4k9jg5h0d4dhzr4z0txtwe9p5zxf58xcmxd,pb1rrwuxd65chqed6t0c5z8z505daw0rvsveyl0eq,,,,,,,,,,,,,2026-09-18T17:47:20.771511+00:00
scope1qzzxr9ew4ug5zh9hexyf3yxxsm3sj45d34,ABBB5C8AF9EFA8BF7DF2A438CC81895B1C4AA5E3FC1427E232AAB4A7AEF5137C,2026-09-17T14:22:12.799061268Z,pb1xvd4k9jg5h0d4dhzr4z0txtwe9p5zxf58xcmxd,pb1rrwuxd65chqed6t0c5z8z505daw0rvsveyl0eq,,,,,,,,,,,,,2026-09-18T17:47:20.771439+00:00
scope1qz0gw9dz43r53zygu5cfn4grfwzqx757jc,5675A1BC1FED30921430F5D2AD63AF0D53C8C92FE4AFB1D2F7C9F248F826FFC5,2026-09-17T14:22:12.799061268Z,pb1xn26pu6csqg4vj2apq4x4muvc8g2vgazea9ack,pb1rrwuxd65chqed6t0c5z8z505daw0rvsveyl0eq,,,,,,,,,,,,,2026-09-18T17:47:20.220440+00:00
scope1qp0xza3ffjr57kyt7m8gy5wgelzs7wzs4r,5675A1BC1FED30921430F5D2AD63AF0D53C8C92FE4AFB1D2F7C9F248F826FFC5,2026-09-17T14:22:12.799061268Z,pb1xn26pu6csqg4vj2apq4x4muvc8g2vgazea9ack,pb1rrwuxd65chqed6t0c5z8z505daw0rvsveyl0eq,,,,,,,,,,,,,2026-09-18T17:47:20.220367+00:00
scope1qrz6aufvv4w52nu62kynva6hp0hqn6258w,84342BBFCB90020EC2705E392DE5EEDABF6A216F313BB67AB393463393E9B53F,2026-09-17T14:22:04.121884012Z,pb1xvd4k9jg5h0d4dhzr4z0txtwe9p5zxf58xcmxd,pb1rrwuxd65chqed6t0c5z8z505daw0rvsveyl0eq,,,,,,,,,,,,,2026-09-18T17:47:22.423486+00:00
scope1qzpd3ascrx859l59c7l6m6dzdd7s6h2grl,3A7EE7365865036A49200804FDA54261DDB4861E3D6E918B5EF606E49393E8D7,2026-09-17T14:22:04.121884012Z,pb1xn26pu6csqg4vj2apq4x4muvc8g2vgazea9ack,pb1rrwuxd65chqed6t0c5z8z505daw0rvsveyl0eq,,,,,,,,,,,,,2026-09-18T17:47:21.862458+00:00
scope1qpgpczv8mmty7mautz8a944auxrsfjmth8,FA3B6389E640ABC9616486F7BF02555B1FA0BA8C4A91EA45A808AC1787B6692A,2026-09-17T14:22:04.121884012Z,pb1xn26pu6csqg4vj2apq4x4muvc8g2vgazea9ack,pb1rrwuxd65chqed6t0c5z8z505daw0rvsveyl0eq,,,,,,,,,,,,,2026-09-18T17:47:21.321112+00:00
scope1qp67tap6ew65lsan7275ygp9rk0qgwga33,FA3B6389E640ABC9616486F7BF02555B1FA0BA8C4A91EA45A808AC1787B6692A,2026-09-17T14:22:04.121884012Z,pb1xn26pu6csqg4vj2apq4x4muvc8g2vgazea9ack,pb1rrwuxd65chqed6t0c5z8z505daw0rvsveyl0eq,,,,,,,,,,,,,2026-09-18T17:47:21.321099+00:00
scope1qzurmzz6jpzy7lun6y2y3g3382lsudpn8u,FA3B6389E640ABC9616486F7BF02555B1FA0BA8C4A91EA45A808AC1787B6692A,2026-09-17T14:22:04.121884012Z,pb1xn26pu6csqg4vj2apq4x4muvc8g2vgazea9ack,pb1rrwuxd65chqed6t0c5z8z505daw0rvsveyl0eq,,,,,,,,,,,,,2026-09-18T17:47:21.321039+00:00
scope1qpeal98v45hyyaaf7g0yzewpe8ns9ez780,B9EC6241F75D1DB256DA9CD11C75B05DB6D8597644BDFA84CBF69AEE179D6C21,2026-09-17T14:21:59.678486636Z,pb1xn26pu6csqg4vj2apq4x4muvc8g2vgazea9ack,pb1rrwuxd65chqed6t0c5z8z505daw0rvsveyl0eq,,,,,,,,,,,,,2026-09-18T17:47:23.564272+00:00
scope1qpyh4hnhc0zy36u6fyu5cm5tedas3ktplr,B9EC6241F75D1DB256DA9CD11C75B05DB6D8597644BDFA84CBF69AEE179D6C21,2026-09-17T14:21:59.678486636Z,pb1xn26pu6csqg4vj2apq4x4muvc8g2vgazea9ack,pb1rrwuxd65chqed6t0c5z8z505daw0rvsveyl0eq,,,,,,,,,,,,,2026-09-18T17:47:23.564260+00:00
scope1qpzy932fcm9y9jafanvxuszz9caqssg29w,B9EC6241F75D1DB256DA9CD11C75B05DB6D8597644BDFA84CBF69AEE179D6C21,2026-09-17T14:21:59.678486636Z,pb1xn26pu6csqg4vj2apq4x4muvc8g2vgazea9ack,pb1rrwuxd65chqed6t0c5z8z505daw0rvsveyl0eq,,,,,,,,,,,,,2026-09-18T17:47:23.564189+00:00
scope1qp8mtft4sug5r0464u6fdnm5dumq9rkhfl,C2D05DDCB1FB3E80C223BC579AEC62A097E686B0F2E14636A9BAD98487DA1973,2026-09-17T14:21:59.678486636Z,pb1xn26pu6csqg4vj2apq4x4muvc8g2vgazea9ack,pb1rrwuxd65chqed6t0c5z8z505daw0rvsveyl0eq,,,,,,,,,,,,,2026-09-18T17:47:22.992625+00:00
scope1qzkvtccpa5uylcymcrupvyt5c4aqyrwpgu,837356F263EAF94539673DF8188FC77071B1D27A237105AD412A74FFA51261EA,2026-09-17T14:21:50.609200353Z,pb1xn26pu6csqg4vj2apq4x4muvc8g2vgazea9ack,pb1rrwuxd65chqed6t0c5z8z505daw0rvsveyl0eq,,,,,,,,,,,,,2026-09-18T17:47:24.134413+00:00
scope1qq4h3xamayuytaa0jrwmja8585aqznunvu,837356F263EAF94539673DF8188FC77071B1D27A237105AD412A74FFA51261EA,2026-09-17T14:21:50.609200353Z,pb1xn26pu6csqg4vj2apq4x4muvc8g2vgazea9ack,pb1rrwuxd65chqed6t0c5z8z505daw0rvsveyl0eq,,,,,,,,,,,,,2026-09-18T17:47:24.134391+00:00
scope1qpc5zk025rxydu4znagj42fmq05sqdu7df,837356F263EAF94539673DF8188FC77071B1D27A237105AD412A74FFA51261EA,2026-09-17T14:21:50.609200353Z,pb1xn26pu6csqg4vj2apq4x4muvc8g2vgazea9ack,pb1rrwuxd65chqed6t0c5z8z505daw0rvsveyl0eq,,,,,,,,,,,,,2026-09-18T17:47:24.134329+00:00
scope1qp2me2f9wtq5gc4zn73cwwxl9jgsmgsagq,B1E74AD618885E437BF57558F121052F04F051E8492747EFBEE2118A91057DEC,2026-09-17T14:21:46.363938547Z,pb1xn26pu6csqg4vj2apq4x4muvc8g2vgazea9ack,pb1rrwuxd65chqed6t0c5z8z505daw0rvsveyl0eq,,,,,,,,,,,,,2026-09-18T17:47:24.680221+00:00
scope1qpkj4hxmmvr5u85vp38w4p63wnaqya6t5r,6B53ECA3E59666DA1F071CFFDDAF389F5093672871FACA8F4A85DD848F7251F6,2026-09-17T14:21:41.906787680Z,pb1xn26pu6csqg4vj2apq4x4muvc8g2vgazea9ack,pb1rrwuxd65chqed6t0c5z8z505daw0rvsveyl0eq,,,,,,,,,,,,,2026-09-18T17:47:25.236867+00:00
scope1qqa8gff6tkqyhx93ln6k7z8eagfsprfxc2,6B53ECA3E59666DA1F071CFFDDAF389F5093672871FACA8F4A85DD848F7251F6,2026-09-17T14:21:41.906787680Z,pb1xn26pu6csqg4vj2apq4x4muvc8g2vgazea9ack,pb1rrwuxd65chqed6t0c5z8z505daw0rvsveyl0eq,,,,,,,,,,,,,2026-09-18T17:47:25.236853+00:00
scope1qqnl5kuqtdsy4v5rk7rvaw56x2zsxw4u63,6B53ECA3E59666DA1F071CFFDDAF389F5093672871FACA8F4A85DD848F7251F6,2026-09-17T14:21:41.906787680Z,pb1xn26pu6csqg4vj2apq4x4muvc8g2vgazea9ack,pb1rrwuxd65chqed6t0c5z8z505daw0rvsveyl0eq,,,,,,,,,,,,,2026-09-18T17:47:25.236781+00:00
scope1qzp4wgwr8azy6fvnk4k68jnk6jxq4gkphq,9586BDF1B20AA52A75FABBBE941F3C8D864D0D30A65D5F015D005C1017C054ED,2026-09-17T14:21:37.470719891Z,pb1xn26pu6csqg4vj2apq4x4muvc8g2vgazea9ack,pb1rrwuxd65chqed6t0c5z8z505daw0rvsveyl0eq,,,,,,,,,,,,,2026-09-18T17:47:26.352436+00:00
scope1qpne74y5y0g5uzyvlg8pjkr7squqtr8cr8,9586BDF1B20AA52A75FABBBE941F3C8D864D0D30A65D5F015D005C1017C054ED,2026-09-17T14:21:37.470719891Z,pb1xn26pu6csqg4vj2apq4x4muvc8g2vgazea9ack,pb1rrwuxd65chqed6t0c5z8z505daw0rvsveyl0eq,,,,,,,,,,,,,2026-09-18T17:47:26.352376+00:00
scope1qq6ytmw9hhf5e9av0hh8v25vs34ssu7z4h,5DACFCD47F91680CF880FC21B4709D5A658D66BFEAE815FAD707D31D3A06D3DB,2026-09-17T14:21:37.470719891Z,pb1xn26pu6csqg4vj2apq4x4muvc8g2vgazea9ack,pb1rrwuxd65chqed6t0c5z8z505daw0rvsveyl0eq,,,,,,,,,,,,,2026-09-18T17:47:25.800747+00:00
scope1qpkzgk5vnlnyfauw9m763dwv7jasmv0ujj,5DACFCD47F91680CF880FC21B4709D5A658D66BFEAE815FAD707D31D3A06D3DB,2026-09-17T14:21:37.470719891Z,pb1xn26pu6csqg4vj2apq4x4muvc8g2vgazea9ack,pb1rrwuxd65chqed6t0c5z8z505daw0rvsveyl0eq,,,,,,,,,,,,,2026-09-18T17:47:25.800733+00:00
scope1qpstxmp8hgw5rrydedumv7sfanas7pr9ad,5DACFCD47F91680CF880FC21B4709D5A658D66BFEAE815FAD707D31D3A06D3DB,2026-09-17T14:21:37.470719891Z,pb1xn26pu6csqg4vj2apq4x4muvc8g2vgazea9ack,pb1rrwuxd65chqed6t0c5z8z505daw0rvsveyl0eq,,,,,,,,,,,,,2026-09-18T17:47:25.800666+00:00
scope1qqlkfklza79yp25rm3n3x3jm9vmq2l32jz,CE64CE73A23AEC35E88680B06C58E9D7A6E6B3526D4AE8D3481C84D3ADF29C87,2026-09-17T14:21:33.081137220Z,pb1xn26pu6csqg4vj2apq4x4muvc8g2vgazea9ack,pb1rrwuxd65chqed6t0c5z8z505daw0rvsveyl0eq,,,,,,,,,,,,,2026-09-18T17:47:26.917420+00:00
scope1qpsd2w4h2t45x3yrwzc4yjes4fxqlnd7fj,CE64CE73A23AEC35E88680B06C58E9D7A6E6B3526D4AE8D3481C84D3ADF29C87,2026-09-17T14:21:33.081137220Z,pb1xn26pu6csqg4vj2apq4x4muvc8g2vgazea9ack,pb1rrwuxd65chqed6t0c5z8z505daw0rvsveyl0eq,,,,,,,,,,,,,2026-09-18T17:47:26.917349+00:00
scope1qqhdc7uc7dwyg5uql0gjw5h463zs4zmj0j,23956E0B0DBD1157F7D788B0099EF696DB2EFC8C5915971354DDCC0891523458,2026-09-17T14:21:28.858853462Z,pb1xvd4k9jg5h0d4dhzr4z0txtwe9p5zxf58xcmxd,pb1rrwuxd65chqed6t0c5z8z505daw0rvsveyl0eq,,,,,,,,,,,,,2026-09-18T17:47:27.476972+00:00
scope1qq0vxueepzqy2cufehqeq46vnhqsqm5dhw,47ACCF7AD28A48E9B720BE0FAFBCC4EB15F9D53BA91CE3E9BD05A4B6B67433C2,2026-09-17T14:21:24.478154389Z,pb1xn26pu6csqg4vj2apq4x4muvc8g2vgazea9ack,pb1rrwuxd65chqed6t0c5z8z505daw0rvsveyl0eq,,,,,,,,,,,,,2026-09-18T17:47:42.505789+00:00
scope1qqlwlw287fg5vfuaws70pxg3lmrqn2gcxe,47ACCF7AD28A48E9B720BE0FAFBCC4EB15F9D53BA91CE3E9BD05A4B6B67433C2,2026-09-17T14:21:24.478154389Z,pb1xn26pu6csqg4vj2apq4x4muvc8g2vgazea9ack,pb1rrwuxd65chqed6t0c5z8z505daw0rvsveyl0eq,,,,,,,,,,,,,2026-09-18T17:47:42.505745+00:00
scope1qpfysap6a7yyykuffak3xd28pm9sztmtfm,47ACCF7AD28A48E9B720BE0FAFBCC4EB15F9D53BA91CE3E9BD05A4B6B67433C2,2026-09-17T14:21:24.478154389Z,pb1xn26pu6csqg4vj2apq4x4muvc8g2vgazea9ack,pb1rrwuxd65chqed6t0c5z8z505daw0rvsveyl0eq,,,,,,,,,,,,,2026-09-18T17:47:42.505494+00:00
scope1qqtt80ns4045h793hefftzy0qkvqpw6lmq,7D303E3BBDA6AEAAE5B40AEBA2335EFDAF05BB6438B0018FEC91F5D5107D6000,2026-09-17T14:21:20.103961373Z,pb1xn26pu6csqg4vj2apq4x4muvc8g2vgazea9ack,pb1rrwuxd65chqed6t0c5z8z505daw0rvsveyl0eq,,,,,,,,,,,,,2026-09-18T17:47:43.046050+00:00
scope1qqeqxgnxeqf50d5gwkv0lyakt0eqj6vclk,7D303E3BBDA6AEAAE5B40AEBA2335EFDAF05BB6438B0018FEC91F5D5107D6000,2026-09-17T14:21:20.103961373Z,pb1xn26pu6csqg4vj2apq4x4muvc8g2vgazea9ack,pb1rrwuxd65chqed6t0c5z8z505daw0rvsveyl0eq,,,,,,,,,,,,,2026-09-18T17:47:43.045961+00:00
scope1qqjsd452cvzyz24m40t88s2v76mqpkyzlk,098318E3E5D307AA957964F0AB576A5728647A08ABEB8E40068897311B58E1C2,2026-09-17T14:21:11.437878235Z,pb1xn26pu6csqg4vj2apq4x4muvc8g2vgazea9ack,pb1rrwuxd65chqed6t0c5z8z505daw0rvsveyl0eq,,,,,,,,,,,,,2026-09-18T17:47:43.610923+00:00
scope1qqkaxlsx04d5cg4zmqzpwdd73f2qrg6zgn,098318E3E5D307AA957964F0AB576A5728647A08ABEB8E40068897311B58E1C2,2026-09-17T14:21:11.437878235Z,pb1xn26pu6csqg4vj2apq4x4muvc8g2vgazea9ack,pb1rrwuxd65chqed6t0c5z8z505daw0rvsveyl0eq,,,,,,,,,,,,,2026-09-18T17:47:43.610812+00:00
scope1qq9akxr2yjv5x2vpz2ylzqt6xf4quhwqfc,1590B8CC2AFB6CDBD290590E39E06A1348C1406E6D2BA2C59F4D9A69AD29A8E8,2026-09-17T14:21:07.170504536Z,pb1xvd4k9jg5h0d4dhzr4z0txtwe9p5zxf58xcmxd,pb1rrwuxd65chqed6t0c5z8z505daw0rvsveyl0eq,,,,,,,,,,,,,2026-09-18T17:47:44.709703+00:00
scope1qqdk9e4wh0m5kn979n6t257rmkmsmv3akp,55776C858213CF09443A1528360A6A5E80F59495CC13F5AF306C611972192723,2026-09-17T14:21:07.170504536Z,pb1xn26pu6csqg4vj2apq4x4muvc8g2vgazea9ack,pb1rrwuxd65chqed6t0c5z8z505daw0rvsveyl0eq,,,,,,,,,,,,,2026-09-18T17:47:44.155628+00:00
scope1qqcqhj86td2yc2d77pu392gvg0zs7l5nlt,9AB215EC8025F495574CE59458CD3D9DA9AACFB1AD359B4C4209035380F3C2A1,2026-09-17T14:21:02.839051Z,pb1xn26pu6csqg4vj2apq4x4muvc8g2vgazea9ack,pb1rrwuxd65chqed6t0c5z8z505daw0rvsveyl0eq,,,,,,,,,,,,,2026-09-18T17:47:45.261822+00:00
scope1qqfzj53w4xe5jyv8t0dferu8wcvslh5vn4,9AB215EC8025F495574CE59458CD3D9DA9AACFB1AD359B4C4209035380F3C2A1,2026-09-17T14:21:02.839051Z,pb1xn26pu6csqg4vj2apq4x4muvc8g2vgazea9ack,pb1rrwuxd65chqed6t0c5z8z505daw0rvsveyl0eq,,,,,,,,,,,,,2026-09-18T17:47:45.261766+00:00
scope1qqj3zf8mfj0ywh4rmxy3hftd3kkq3p26m2,94EEC3E195664B770385B97963746CA76FE7534BF6812445F3C95A91BA402FED,2026-09-17T14:20:54.028605932Z,pb1xn26pu6csqg4vj2apq4x4muvc8g2vgazea9ack,pb1rrwuxd65chqed6t0c5z8z505daw0rvsveyl0eq,,,,,,,,,,,,,2026-09-18T17:47:45.811777+00:00
scope1qqfrpsyctk05n5df82rp2fcz7l6qcan92l,94EEC3E195664B770385B97963746CA76FE7534BF6812445F3C95A91BA402FED,2026-09-17T14:20:54.028605932Z,pb1xn26pu6csqg4vj2apq4x4muvc8g2vgazea9ack,pb1rrwuxd65chqed6t0c5z8z505daw0rvsveyl0eq,,,,,,,,,,,,,2026-09-18T17:47:45.811715+00:00
scope1qq9hcrv0qsl5ry4ssl3xz46jp6dqwntvrn,554708798F7A689825D0492EDF2BFA63F188B1D5C820158757FA351A18EA358D,2026-09-17T14:20:49.627321914Z,pb1xn26pu6csqg4vj2apq4x4muvc8g2vgazea9ack,pb1rrwuxd65chqed6t0c5z8z505daw0rvsveyl0eq,,,,,,,,,,,,,2026-09-18T17:47:46.351223+00:00
scope1qqzpddu35cyypydpl6vxalz86dfsuf0n2y,52E56C32EDB85E9CCCBF6A6C608A676FF91C2A7A26BB57E72A1123A7525506B1,2026-09-17T14:20:45.169709319Z,pb1xn26pu6csqg4vj2apq4x4muvc8g2vgazea9ack,pb1rrwuxd65chqed6t0c5z8z505daw0rvsveyl0eq,,,,,,,,,,,,,2026-09-18T17:47:46.899159+00:00
scope1qq9ut87s6g25gkvlv7zj8ahm2wnqf306ch,52E56C32EDB85E9CCCBF6A6C608A676FF91C2A7A26BB57E72A1123A7525506B1,2026-09-17T14:20:45.169709319Z,pb1xn26pu6csqg4vj2apq4x4muvc8g2vgazea9ack,pb1rrwuxd65chqed6t0c5z8z505daw0rvsveyl0eq,,,,,,,,,,,,,2026-09-18T17:47:46.899096+00:00
scope1qq9ggpupdz6ytx4gqawd3d3l9mas0fngnu,270DF09959BFE48F713FE8A795973F19B96415882B1014CBA5F667BD0CE6A163,2026-09-17T14:20:40.775983550Z,pb1xn26pu6csqg4vj2apq4x4muvc8g2vgazea9ack,pb1rrwuxd65chqed6t0c5z8z505daw0rvsveyl0eq,,,,,,,,,,,,,2026-09-18T17:47:47.438421+00:00
scope1qqz70hll6u0yw4d9azals6d9vl9qxgks6h,270DF09959BFE48F713FE8A795973F19B96415882B1014CBA5F667BD0CE6A163,2026-09-17T14:20:40.775983550Z,pb1xn26pu6csqg4vj2apq4x4muvc8g2vgazea9ack,pb1rrwuxd65chqed6t0c5z8z505daw0rvsveyl0eq,,,,,,,,,,,,,2026-09-18T17:47:47.438358+00:00
scope1qqcgqy3tzyz5e3dkgn02pryarnrslnf03d,C1C362DC855DD3E77A9426F8EAE3E3536E19E08669A05BD4DA424CE64347780F,2026-09-17T14:20:36.340783226Z,pb1xvd4k9jg5h0d4dhzr4z0txtwe9p5zxf58xcmxd,pb1rrwuxd65chqed6t0c5z8z505daw0rvsveyl0eq,,,,,,,,,,,,,2026-09-18T17:47:47.997515+00:00
scope1qqpkp5vttwsye3a8vk2qhj9hs6ksmu904s,CD32C359C37A34B4C07701308B5B19742C0F99241267300A0D2EBBEE23D0BB8C,2026-09-17T14:20:31.951378968Z,pb1xn26pu6csqg4vj2apq4x4muvc8g2vgazea9ack,pb1rrwuxd65chqed6t0c5z8z505daw0rvsveyl0eq,,,,,,,,,,,,,2026-09-18T17:47:48.547805+00:00
scope1qzz8zs93gcly3ja20hhgd3l0y60s8hcv6g,4D983B9861073B20B08118DF780A68EE4958F5995E6B214739CF4378F3711095,2026-09-17T14:20:27.577984135Z,pb1kx5k0nr068xhxgcmnzzef9523cxdcexlm3r29w,pb1rrwuxd65chqed6t0c5z8z505daw0rvsveyl0eq,,,,,,,,,,,,,2026-09-18T17:47:49.644949+00:00
scope1qrsgca788a3525ud54w0m0my9c2qty5te6,B30FB1E3CFDE6777FF3ACC1758FA1F7D31A0A5B6A011DB10F3438714240B8231,2026-09-17T14:20:27.577984135Z,pb1k38pa6rgnepcs592n4mvr3hxucw8tslprcmlvk,pb1rrwuxd65chqed6t0c5z8z505daw0rvsveyl0eq,,,,,,,,,,,,,2026-09-18T17:47:49.100968+00:00
scope1qptruevfhkvyuv48g0f39kcwtejsw2ak77,BEEB610B51BBD4C2E2B3899474790A7C84D141AC861D8A96637115E1F27161E5,2026-09-17T14:18:52.269775985Z,pb1xvd4k9jg5h0d4dhzr4z0txtwe9p5zxf58xcmxd,pb1rrwuxd65chqed6t0c5z8z505daw0rvsveyl0eq,,,,,,,,,,,,,2026-09-18T17:47:50.182074+00:00
scope1qpa9sew2kp2y5nuyqmns3w3vd5vsc3rjg9,80997CCDA2D0A4F6DA48BEFDFCD96C7F93DA7C8DCE61EB0DC05F8F60619906DE,2026-09-17T14:18:13.351825476Z,pb1xvd4k9jg5h0d4dhzr4z0txtwe9p5zxf58xcmxd,pb1rrwuxd65chqed6t0c5z8z505daw0rvsveyl0eq,,,,,,,,,,,,,2026-09-18T17:47:50.734885+00:00
scope1qzfy2xdec4hycjv0y9talkvggjsq0hvufa,364E7A64F2BDFD123E7A19543DA766ACB45F0A7F582CACBF28C60506638FB0B0,2026-09-17T14:16:21.275570653Z,pb1xvd4k9jg5h0d4dhzr4z0txtwe9p5zxf58xcmxd,pb1rrwuxd65chqed6t0c5z8z505daw0rvsveyl0eq,,,,,,,,,,,,,2026-09-18T17:47:51.277514+00:00
scope1qq970p6f20lyug90acv8299pj4ss0jlt85,7BD997CB8DED550AE8DC1356DA332022411ECD7A48BB465F1B916BF68AB30D38,2026-09-17T14:15:37.992091932Z,pb1awn7unm6pv3rd9s0wzg4vje357dn3pn8ua530c,pb1rrwuxd65chqed6t0c5z8z505daw0rvsveyl0eq,,,,,,,,,,,,,2026-09-18T17:47:51.832495+00:00
scope1qzm2kpemgca5a2yw5zux3mryjfwsklp6kt,7F25C72FFC1C80C592315B24C418A6560E6CCC339CF07E90278C1FD72D9F3198,2026-09-17T14:15:33.660522884Z,pb1xvd4k9jg5h0d4dhzr4z0txtwe9p5zxf58xcmxd,pb1rrwuxd65chqed6t0c5z8z505daw0rvsveyl0eq,,,,,,,,,,,,,2026-09-18T17:47:52.393283+00:00
scope1qrqgyekyezr5u7vf2eer8txtvx7s8j80x5,C2F72D794250CE51858AF332D2B773202621AF86281C0034A6E169A64B2CEF4F,2026-09-17T14:15:29.204794349Z,pb1xvd4k9jg5h0d4dhzr4z0txtwe9p5zxf58xcmxd,pb1rrwuxd65chqed6t0c5z8z505daw0rvsveyl0eq,,,,,,,,,,,,,2026-09-18T17:47:52.948447+00:00
scope1qred6arrspa5l2vz6f2278n20n2qjkq6xf,599DF466F876CAE9EF3EEAD765162DC5341273633EC9A0D1944FF6D7A0DAC08F,2026-09-17T14:15:24.919411254Z,pb13knswfs6ack05wveq5nua7jgc5jnld3zg8xl52,pb1rrwuxd65chqed6t0c5z8z505daw0rvsveyl0eq,,,,,,,,,,,,,2026-09-18T17:47:53.506089+00:00
scope1qq9npxp5wlgyp496nrvrs3ggrjfsmfh7a0,D21ED8E6E880108298981963446F3427AEA1E8E21FEAA606D18FC9FE3C82B0FC,2026-09-17T14:15:20.557097862Z,pb1xvd4k9jg5h0d4dhzr4z0txtwe9p5zxf58xcmxd,pb1rrwuxd65chqed6t0c5z8z505daw0rvsveyl0eq,,,,,,,,,,,,,2026-09-18T17:47:54.056086+00:00
scope1qqd6dfxz6ngyqx9k0shjw0hj76aqypl6kq,275436CA914AD37314603A1C38FB62392A8F3FC2D8F7EA8EB81CB0C34DD2155F,2026-09-17T14:14:56.680175131Z,pb1xvd4k9jg5h0d4dhzr4z0txtwe9p5zxf58xcmxd,pb1rrwuxd65chqed6t0c5z8z505daw0rvsveyl0eq,,,,,,,,,,,,,2026-09-18T17:47:54.596496+00:00
scope1qqszn53322ayrhazawg9ucgk0k0qryef5y,2CA7C44783F6AD5F01B1921F81D539A0785717C6BDB00E79448AF94EFDD11E06,2026-09-17T14:12:42.367285321Z,pb1xvd4k9jg5h0d4dhzr4z0txtwe9p5zxf58xcmxd,pb1rrwuxd65chqed6t0c5z8z505daw0rvsveyl0eq,,,,,,,,,,,,,2026-09-18T17:47:55.148930+00:00
scope1qzk2kdmz9lw5pr94e64u8f3qhyzqkkwc2v,6C20A2CD2A3E5DAEA7F76499EE9D26AAB5F3D125D73B4F5057A554A0B5B8AA12,2026-09-17T14:10:36.586743404Z,pb1xvd4k9jg5h0d4dhzr4z0txtwe9p5zxf58xcmxd,pb1rrwuxd65chqed6t0c5z8z505daw0rvsveyl0eq,,,,,,,,,,,,,2026-09-18T17:47:55.703632+00:00
scope1qpzuy23um6typzd0lr8uyt5hm34skrqhhg,06610F1D8A03952E4AB8FBC856E4DC168B4B2AF5D9161B657CDFFE794D5422AE,2026-09-17T14:10:32.284845823Z,pb1xvd4k9jg5h0d4dhzr4z0txtwe9p5zxf58xcmxd,pb1rrwuxd65chqed6t0c5z8z505daw0rvsveyl0eq,,,,,,,,,,,,,2026-09-18T17:47:56.241985+00:00
scope1qqutegdvr0dy6suj2djxsh8lwstqlfy0e2,BDAE9B452E3A1F9B640E08BF66B8C25F39964179CAAF02E7B59A19B627F15A3C,2026-09-17T14:10:27.884432489Z,pb1awn7unm6pv3rd9s0wzg4vje357dn3pn8ua530c,pb1rrwuxd65chqed6t0c5z8z505daw0rvsveyl0eq,,,,,,,,,,,,,2026-09-18T17:47:56.794800+00:00
scope1qpctcvm5l2p5pt5vyjnvsc44tzpsq9hcyh,7C1DA44814C4CF4980DEB170E59E25EF321559F3BBAC54689648B9E19374BE5A,2026-09-17T14:10:23.534505974Z,pb134yg6h3g0vjq9ct2lpmx6sdxv3yuz942wrpxuu,pb1rrwuxd65chqed6t0c5z8z505daw0rvsveyl0eq,,,,,,,,,,,,,2026-09-18T17:47:57.339733+00:00
scope1qqwcwd7nard5ndddyxd4vxva8casxgjy9d,B9C6E2D9B76C84DA985365CC8F37A99E71E43032FBA2A42BBB1259F7D0A7AF0B,2026-09-17T14:10:19.091205553Z,pb13knswfs6ack05wveq5nua7jgc5jnld3zg8xl52,pb1rrwuxd65chqed6t0c5z8z505daw0rvsveyl0eq,,,,,,,,,,,,,2026-09-18T17:47:57.885750+00:00
scope1qq9lkr03fw853zuyxvzv24760uas3d6flq,C20CBC1E186CB003CF0B2AF7E7FF4A50610AF5A89632A5A1D0A68F9DCE497A24,2026-09-17T14:05:33.527565859Z,pb1awn7unm6pv3rd9s0wzg4vje357dn3pn8ua530c,pb1rrwuxd65chqed6t0c5z8z505daw0rvsveyl0eq,,,,,,,,,,,,,2026-09-18T17:47:58.439271+00:00
scope1qr4vc3hheqy53su045s8epqlf37s76n5hn,36E93CF0451AA43C40B543E462B3A4349EFC14473045CE5ED535D0E487E88AC2,2026-09-17T14:05:28.917382609Z,pb1kx5k0nr068xhxgcmnzzef9523cxdcexlm3r29w,pb1rrwuxd65chqed6t0c5z8z505daw0rvsveyl0eq,,,,,,,,,,,,,2026-09-18T17:47:59.007379+00:00
scope1qqr7z7vgty253ydwc28kmrf2uuxq7lc3pr,50AC5934905BFDEC0ABCA2BF8019ABE50243EE7EB4B4B74598BD1997E3E15BCB,2026-09-17T14:05:24.596866603Z,pb1awn7unm6pv3rd9s0wzg4vje357dn3pn8ua530c,pb1rrwuxd65chqed6t0c5z8z505daw0rvsveyl0eq,,,,,,,,,,,,,2026-09-18T17:47:59.571750+00:00
scope1qrczezk6uug58uy7k6a0v9usr3dsuxlddp,41D590B39636DC9CA22539D92CBCFA532ED007AFF7DB4A8D8E0F336E3FE6439B,2026-09-17T13:58:54.479365146Z,pb1xvd4k9jg5h0d4dhzr4z0txtwe9p5zxf58xcmxd,pb1rrwuxd65chqed6t0c5z8z505daw0rvsveyl0eq,,,,,,,,,,,,,2026-09-18T17:48:00.115821+00:00
scope1qqlya5j75qdy0t4mymxcpd3fzeash67xys,5940B558D34EF8467C405AE7AFC06BEC6DC142479E821E84CC7099CC97464344,2026-09-17T13:57:18.502486147Z,pb1xvd4k9jg5h0d4dhzr4z0txtwe9p5zxf58xcmxd,pb1rrwuxd65chqed6t0c5z8z505daw0rvsveyl0eq,,,,,,,,,,,,,2026-09-18T17:48:00.663044+00:00
scope1qqlwhf4hr5fy3c46gn63g2relhcsal784f,01EFAF6008BD7BDE9EC314FEF795F76ACECA239C5108307CE06CAC1393CA4F66,2026-09-17T13:55:21.019730832Z,pb1k38pa6rgnepcs592n4mvr3hxucw8tslprcmlvk,pb1rrwuxd65chqed6t0c5z8z505daw0rvsveyl0eq,,,,,,,,,,,,,2026-09-18T17:48:01.232832+00:00
scope1qzfmx3fpg77yrky3p2x8u0z070gsmeq3fw,4CD4AA5FDED0BBFDD586C658C68AD9DEFC59FBFBEA40D48AAC5CE31CB045D6E3,2026-09-17T13:54:29.096570039Z,pb1xvd4k9jg5h0d4dhzr4z0txtwe9p5zxf58xcmxd,pb1rrwuxd65chqed6t0c5z8z505daw0rvsveyl0eq,,,,,,,,,,,,,2026-09-18T17:48:01.790119+00:00
scope1qz0pxap7uxp5qk5tx37ld7d2xw5qvd7wrd,2C288C80F6DBD744A7AAD3230BA168F8998B1FBBFAF47EE8932EA5AAB8C671DD,2026-09-17T13:53:41.130284917Z,pb1xvd4k9jg5h0d4dhzr4z0txtwe9p5zxf58xcmxd,pb1rrwuxd65chqed6t0c5z8z505daw0rvsveyl0eq,,,,,,,,,,,,,2026-09-18T17:48:02.357051+00:00
scope1qql9rteh35qy5edygh9alpja7w7qf7qt4c,104394BB77DAA5F3FC72B91AA707299104D156E7F9F352CA8DF16C36A90A2F88,2026-09-17T13:50:21.712820701Z,pb1awn7unm6pv3rd9s0wzg4vje357dn3pn8ua530c,pb1rrwuxd65chqed6t0c5z8z505daw0rvsveyl0eq,,,,,,,,,,,,,2026-09-18T17:48:03.476393+00:00
scope1qpafsyqmuwc5fxduzm8rzk85mu4qckm5x4,A633AA3B377AC4966D27996228B8EE1E293819BED770276235BE31FE1B9CF04E,2026-09-17T13:50:21.712820701Z,pb1xvd4k9jg5h0d4dhzr4z0txtwe9p5zxf58xcmxd,pb1rrwuxd65chqed6t0c5z8z505daw0rvsveyl0eq,,,,,,,,,,,,,2026-09-18T17:48:02.911384+00:00
scope1qzckm2y824s5wmdk8fjyyq6z5dfs2lyv3t,77F60A0AFC4A09519B6787FAEFA6F3266ECFAD1BF8D198C623004C120C00C90D,2026-09-17T13:46:18.684819211Z,pb1xvd4k9jg5h0d4dhzr4z0txtwe9p5zxf58xcmxd,pb1rrwuxd65chqed6t0c5z8z505daw0rvsveyl0eq,,,,,,,,,,,,,2026-09-18T17:48:04.032277+00:00
scope1qz4aznadjpf5lh9wgcf3wt6884sszly2hy,6BCD3230997742FA7FE7773C8F9258F0BA44676BC2E05463DF1FB5F852432DDC,2026-09-17T13:45:22.291234204Z,pb1awn7unm6pv3rd9s0wzg4vje357dn3pn8ua530c,pb1rrwuxd65chqed6t0c5z8z505daw0rvsveyl0eq,,,,,,,,,,,,,2026-09-18T17:48:04.616404+00:00
scope1qze6aalf7ql5rmydvu069xzu4z8s2nn2yc,6181A6014D58AA47084BC0CEF2DE1D1E859608E20A6AAC8CD4808F9AAB737121,2026-09-17T13:40:18.716653417Z,pb1h3cazsx4p6v3alf0ejuq68qge59k9r9pfrqzlr,pb1rrwuxd65chqed6t0c5z8z505daw0rvsveyl0eq,,,,,,,,,,,,,2026-09-18T17:48:05.173232+00:00
scope1qr5gxtsag5z5qmdg4emgvlxgxyzqqkse9e,E97EDEC39BE20D516F9C7B8878EB9CFE10066719153666E4DCF4B9C2E9746E7E,2026-09-17T13:35:27.676970987Z,pb1q4ffj426hu5fj0h7muy2h7hj6sqmqe7vz67245,pb1rrwuxd65chqed6t0c5z8z505daw0rvsveyl0eq,,,,,,,,,,,,,2026-09-18T17:48:05.740139+00:00
scope1qzhk5ul2dzj5mrajqyy76zhp02aqv3jxky,E0C0864F075DB770CD055725A65500B7034C084F05863243446F1339C6859179,2026-09-17T13:35:19.049519835Z,pb1kx5k0nr068xhxgcmnzzef9523cxdcexlm3r29w,pb1rrwuxd65chqed6t0c5z8z505daw0rvsveyl0eq,,,,,,,,,,,,,2026-09-18T17:48:06.300097+00:00
scope1qqpwa8h9k9vyhe57xhplkz5ve2ysur4gsh,E14075AB31FFAE6E56F097D9955B9D0FCBDE0ECBB822F2D3DB0D30D48DDAF8D2,2026-09-17T13:32:11.799587992Z,pb1xvd4k9jg5h0d4dhzr4z0txtwe9p5zxf58xcmxd,pb1rrwuxd65chqed6t0c5z8z505daw0rvsveyl0eq,,,,,,,,,,,,,2026-09-18T17:48:06.841850+00:00
scope1qqz6aufjj64y07v9q2hw960e4mwq8yzf9u,A20A3FF367055494A61E6A973869A3AC9B4D1CD5B8BD45E40FB5FC759A6B9CCB,2026-09-17T13:30:27.872480301Z,pb1awn7unm6pv3rd9s0wzg4vje357dn3pn8ua530c,pb1rrwuxd65chqed6t0c5z8z505daw0rvsveyl0eq,,,,,,,,,,,,,2026-09-18T17:48:07.396744+00:00
scope1qzn7mduu0kd5u9ul0hs04hzfu53sa2skzq,10AAA15009A3846B6D52179DB0BA49CAA3598A82E511D1002FB19A9720321EF3,2026-09-17T13:30:19.115721317Z,pb17rdyxrasvgjj3pzlaf42vyeqfp4mnhtkmj0wpc,pb1rrwuxd65chqed6t0c5z8z505daw0rvsveyl0eq,,,,,,,,,,,,,2026-09-18T17:48:07.963926+00:00
scope1qrwue0nhu375sp5wn3da7eqqc2rqmczspn,FD4C9D5662760817C2FE91AF0A95B7DF46FFACAB075B704F9CE11A5CD149846C,2026-09-17T13:25:37.520885889Z,pb1ezskr02qt7wyaaguq3wk0rgfjsvpwrrkufeh43,pb1rrwuxd65chqed6t0c5z8z505daw0rvsveyl0eq,,,,,,,,,,,,,2026-09-18T17:48:08.527788+00:00
scope1qqqeqqze7vay7v4d8w43sghy0desx0vrst,25B41AC0E81A643C3AD18631C6FACF146612FB4255D942CEDFB3ECC5DB31FF81,2026-09-17T13:25:24.509592782Z,pb1v3uda8qgxv69tx6wclsp0jn4n8xxa5h7gpt2jp,pb1rrwuxd65chqed6t0c5z8z505daw0rvsveyl0eq,,,,,,,,,,,,,2026-09-18T17:48:09.629468+00:00
scope1qq9sut5da6qyg9vtrsrqqehz4mwstg4tef,970BAFC052A7D11DB54B75954ACE735D237C4C1CD55521AAC21E44A0B4D4B040,2026-09-17T13:25:24.509592782Z,pb16j3hxhr0m56h9u9ptdtz2qpmtd7333f77h64m6,pb1rrwuxd65chqed6t0c5z8z505daw0rvsveyl0eq,,,,,,,,,,,,,2026-09-18T17:48:09.075701+00:00
scope1qp02l0njaemy645vfgzlzcwrhk6sw4j3kn,FA15631342F393385031106176CF3B60B462FA23BA3B3D8A61C07C8513738A7A,2026-09-17T13:21:04.419113917Z,pb1xvd4k9jg5h0d4dhzr4z0txtwe9p5zxf58xcmxd,pb1rrwuxd65chqed6t0c5z8z505daw0rvsveyl0eq,,,,,,,,,,,,,2026-09-18T17:48:10.184843+00:00
scope1qp49h9ypyv9ydgvkeujaehavx6jqqryy6w,26498E03E53F8C6FFE2689ECAF70DBCDFD6B65C4828BA6880C418863D8F28E61,2026-09-17T13:20:21.245006848Z,pb1kx5k0nr068xhxgcmnzzef9523cxdcexlm3r29w,pb1rrwuxd65chqed6t0c5z8z505daw0rvsveyl0eq,,,,,,,,,,,,,2026-09-18T17:48:10.750802+00:00
scope1qp9yanjztc5ys397jk5lp43zsqqqjjp74j,1CAA135B904C92CE12A0CB996C480532CE98A8F61AEC4604BE728FDB9DA4260D,2026-09-17T13:18:19.718327808Z,pb1xvd4k9jg5h0d4dhzr4z0txtwe9p5zxf58xcmxd,pb1rrwuxd65chqed6t0c5z8z505daw0rvsveyl0eq,,,,,,,,,,,,,2026-09-18T17:48:11.306974+00:00
scope1qqnryqk97wj5c656jwczstpa00tsaznv9z,A7F69682EB069FD608ECA9CB2E54AD4286AF266A3CACDC432099EB63D2F428C9,2026-09-17T13:15:28.740069590Z,pb134yg6h3g0vjq9ct2lpmx6sdxv3yuz942wrpxuu,pb1rrwuxd65chqed6t0c5z8z505daw0rvsveyl0eq,,,,,,,,,,,,,2026-09-18T17:48:11.862936+00:00
scope1qpmql8hkmrlywx4vutaxy3w9v2zsnthndu,4F2D35D821743E71B25336A7592974DA182884076E5953B604F0C0BFB32D826B,2026-09-17T13:15:24.420157279Z,pb1xvd4k9jg5h0d4dhzr4z0txtwe9p5zxf58xcmxd,pb1rrwuxd65chqed6t0c5z8z505daw0rvsveyl0eq,,,,,,,,,,,,,2026-09-18T17:48:12.414233+00:00
scope1qz98vvkara65e258kd5qc2jwhyrqqht43t,69553D2B6EA68B6266EFD11E411388B7CC48C1D70BE11C4E8CE48DD7DAB09E00,2026-09-17T13:10:29.780938781Z,pb1xvd4k9jg5h0d4dhzr4z0txtwe9p5zxf58xcmxd,pb1rrwuxd65chqed6t0c5z8z505daw0rvsveyl0eq,,,,,,,,,,,,,2026-09-18T17:48:12.968389+00:00
scope1qp6z9zmt5x95qs5dc2cuqazfjfdstf4rnx,2A5C2D873E3759D0C21666E663D9E009A9E5756DAEAEE79B7E93D81E59C8906A,2026-09-17T13:10:25.279960460Z,pb1k38pa6rgnepcs592n4mvr3hxucw8tslprcmlvk,pb1rrwuxd65chqed6t0c5z8z505daw0rvsveyl0eq,,,,,,,,,,,,,2026-09-18T17:48:14.082803+00:00
scope1qq3fxqgy3jfygu9l7eeemlzzwlzsk5gnrc,694B557BF16B72FB80DBF7DD3B0CA9042D1907D0E87BC4B3AC9411379964F7C7,2026-09-17T13:10:25.279960460Z,pb1xvd4k9jg5h0d4dhzr4z0txtwe9p5zxf58xcmxd,pb1rrwuxd65chqed6t0c5z8z505daw0rvsveyl0eq,,,,,,,,,,,,,2026-09-18T17:48:13.524734+00:00
scope1qz20x34lt2eynqd830nswuq53naqghseww,C42BA43052C22770E88ADE338402C7122B54320DE4EA388112AE439F0DEF628C,2026-09-17T13:05:38.948377965Z,pb13knswfs6ack05wveq5nua7jgc5jnld3zg8xl52,pb1rrwuxd65chqed6t0c5z8z505daw0rvsveyl0eq,,,,,,,,,,,,,2026-09-18T17:48:14.641829+00:00
scope1qz2fnaawtdk5dey7l5zjcas307pqrv6gy0,38D131FAE7B2968D76A47B756E4E93B5DF2F888C6423678FDBDA869A4FD7DEB7,2026-09-17T12:53:17.291423115Z,pb1xvd4k9jg5h0d4dhzr4z0txtwe9p5zxf58xcmxd,pb1rrwuxd65chqed6t0c5z8z505daw0rvsveyl0eq,,,,,,,,,,,,,2026-09-18T17:48:15.197247+00:00
scope1qzcnyesq5j95kh4kh0ccv6hcpyhqv2drv6,4FFCF9FD29D133A510E6D5BC94131418E895E366A6BED11321FA2BC532BAA09F,2026-09-17T12:50:02.202536769Z,pb1xvd4k9jg5h0d4dhzr4z0txtwe9p5zxf58xcmxd,pb1rrwuxd65chqed6t0c5z8z505daw0rvsveyl0eq,,,,,,,,,,,,,2026-09-18T17:48:15.741549+00:00
scope1qqqfy5s4hvuyf3uk95ac5mam7qds0asqlr,FC7A4ED1C7FD7D8008EF81F250B8A4C48B014ED2B2049D5FD8050510D1B0BD0F,2026-09-17T12:44:33.210655902Z,pb1xvd4k9jg5h0d4dhzr4z0txtwe9p5zxf58xcmxd,pb1rrwuxd65chqed6t0c5z8z505daw0rvsveyl0eq,,,,,,,,,,,,,2026-09-18T17:48:16.279918+00:00
scope1qry9kwken8z5key9ctnte4kfmytqa9ks77,AA0DCC5CEDB2C7B1733FF53132559B9936C6915D5B58FB883582234D03D0CB99,2026-09-17T12:37:36.917789121Z,pb1xvd4k9jg5h0d4dhzr4z0txtwe9p5zxf58xcmxd,pb1rrwuxd65chqed6t0c5z8z505daw0rvsveyl0eq,,,,,,,,,,,,,2026-09-18T17:48:16.829837+00:00
scope1qpwdwvdng8y5749930dyr6g6tc3qrafqgl,A949EF24763703718C6CC5EAE9230EDCA1647A6CF8668913112BFD8FB15DFF5C,2026-09-17T12:21:55.572122127Z,pb1xvd4k9jg5h0d4dhzr4z0txtwe9p5zxf58xcmxd,pb1rrwuxd65chqed6t0c5z8z505daw0rvsveyl0eq,,,,,,,,,,,,,2026-09-18T17:48:17.386462+00:00
scope1qqlzerxc9dc5yj5j67t23rm7kejqasguw8,0428747B3A4AB778D9927A164B0211B5B2CE74789A026B5990471095F5A9A0F6,2026-09-17T12:18:34.064168007Z,pb1xvd4k9jg5h0d4dhzr4z0txtwe9p5zxf58xcmxd,pb1rrwuxd65chqed6t0c5z8z505daw0rvsveyl0eq,,,,,,,,,,,,,2026-09-18T17:48:17.940950+00:00
scope1qz7rynu6g62yhpvnlc8axem72j2sttcnn5,7F122FC7D331731B6F07247B57B9C1F7BCB703C889C0F5F9A3FFA5D59871A7DA,2026-09-17T12:16:54.154666877Z,pb1xvd4k9jg5h0d4dhzr4z0txtwe9p5zxf58xcmxd,pb1rrwuxd65chqed6t0c5z8z505daw0rvsveyl0eq,,,,,,,,,,,,,2026-09-18T17:48:18.486575+00:00
scope1qrfgjf6lec75d9drlgyayr20fkrs9jc26m,C988DE6015DA054106DEB8D9C2085DF6D592F61DB20D50C94DAB9883F0335784,2026-09-17T11:55:18.102920567Z,pb1xvd4k9jg5h0d4dhzr4z0txtwe9p5zxf58xcmxd,pb1rrwuxd65chqed6t0c5z8z505daw0rvsveyl0eq,,,,,,,,,,,,,2026-09-18T17:48:19.029344+00:00
scope1qzdqt935wk8y4zyzv2mcjrzn2ewq9ugd0e,0D8BACACCA097C029300FEAC0726D9DA46292D5A1CE5FD57F4D8F679412848E9,2026-09-17T11:52:36.896301280Z,pb1xvd4k9jg5h0d4dhzr4z0txtwe9p5zxf58xcmxd,pb1rrwuxd65chqed6t0c5z8z505daw0rvsveyl0eq,,,,,,,,,,,,,2026-09-18T17:48:19.594732+00:00
scope1qr5k22nm0svywsdm3hnv5vwcw6zsm7dla0,A2D12A581A6A039B4253DC31410A5B16D4C2B6274F089049250B3DB5003E517F,2026-09-17T11:32:12.620360841Z,pb1xvd4k9jg5h0d4dhzr4z0txtwe9p5zxf58xcmxd,pb1rrwuxd65chqed6t0c5z8z505daw0rvsveyl0eq,,,,,,,,,,,,,2026-09-18T17:48:20.150563+00:00
scope1qzy6w5dakseyvmyskhy9et44rg7q45g4nw,6D7B91475BE876F350A0B9B4686006785359AA889745F900401326E26ECFD121,2026-09-17T11:27:37.933582032Z,pb1xvd4k9jg5h0d4dhzr4z0txtwe9p5zxf58xcmxd,pb1rrwuxd65chqed6t0c5z8z505daw0rvsveyl0eq,,,,,,,,,,,,,2026-09-18T17:48:20.695185+00:00
scope1qrt40p5afdg502a3d2rm0d7x2mmq4phtqr,AB3E876C5E5783F14AD258DFCBAF7AA6ADC0B4F2061538FD653FC20D91ACB26E,2026-09-17T11:26:49.891113618Z,pb1xvd4k9jg5h0d4dhzr4z0txtwe9p5zxf58xcmxd,pb1rrwuxd65chqed6t0c5z8z505daw0rvsveyl0eq,,,,,,,,,,,,,2026-09-18T17:48:21.276773+00:00
scope1qq9pyq8m4meymwaxqvlyzr5meuesss6nut,E2D16C26222A8B12828203AC3E0FCB8475920692582FB151F8A27006A01C728D,2026-09-17T11:25:23.267909700Z,pb1xvd4k9jg5h0d4dhzr4z0txtwe9p5zxf58xcmxd,pb1rrwuxd65chqed6t0c5z8z505daw0rvsveyl0eq,,,,,,,,,,,,,2026-09-18T17:48:21.834937+00:00
scope1qp7rydqcdtgy9kac09uv2r55afsqn5ce6j,D282F1ED0B9CC147287B6A8B26C46E367304336588AE82DA572657217E9252E2,2026-09-17T11:20:31.091228762Z,pb1xvd4k9jg5h0d4dhzr4z0txtwe9p5zxf58xcmxd,pb1rrwuxd65chqed6t0c5z8z505daw0rvsveyl0eq,,,,,,,,,,,,,2026-09-18T17:48:22.383164+00:00
scope1qp3vu4s23er5ghul692nqejw8m3spwqypm,7456FD9788C828B71A4C9E7A92D3F96C04401DA821DD2A7455403EC164FE6F82,2026-09-17T11:04:32.028427037Z,pb1xvd4k9jg5h0d4dhzr4z0txtwe9p5zxf58xcmxd,pb1rrwuxd65chqed6t0c5z8z505daw0rvsveyl0eq,,,,,,,,,,,,,2026-09-18T17:48:22.929766+00:00
scope1qq5q396str056mym95ajnlku24ashd862w,7A3A0E6F57AECFCADB95646F31A4FC824B5BEF59EAD5544B527A1BFE2A348CAB,2026-09-17T10:58:45.398269829Z,pb1xvd4k9jg5h0d4dhzr4z0txtwe9p5zxf58xcmxd,pb1rrwuxd65chqed6t0c5z8z505daw0rvsveyl0eq,,,,,,,,,,,,,2026-09-18T17:48:23.478385+00:00
scope1qzls0dc9h3ay984ryqlg927a28yqfxvaxu,AD582F55859FADD4C4EB52E1597FC11A6E45C824F56C574E75219CC24D18E251,2026-09-17T10:48:33.636302268Z,pb1xvd4k9jg5h0d4dhzr4z0txtwe9p5zxf58xcmxd,pb1rrwuxd65chqed6t0c5z8z505daw0rvsveyl0eq,,,,,,,,,,,,,2026-09-18T17:48:24.039781+00:00
scope1qrgx6lfflpzymmy586ksapplenvq74mx9l,3DDEECB06029C4174A39BFCDE49DB2026BCC964FD0858C9D3285D715AC6B811D,2026-09-17T10:34:32.271590970Z,pb1xvd4k9jg5h0d4dhzr4z0txtwe9p5zxf58xcmxd,pb1rrwuxd65chqed6t0c5z8z505daw0rvsveyl0eq,,,,,,,,,,,,,2026-09-18T17:48:24.606753+00:00
scope1qq2va6cas9s5sy9ylaafkfgv8n3sxjm8j9,10A4876968E8FAC066F0E03EF63941DD9A265515BF3B01A83B09F267D8255F6A,2026-09-17T07:40:42.713406680Z,pb1kx5k0nr068xhxgcmnzzef9523cxdcexlm3r29w,pb1rrwuxd65chqed6t0c5z8z505daw0rvsveyl0eq,,,,,,,,,,,,,2026-09-18T17:48:25.175051+00:00
scope1qp77lt6d89k5f84uj72n2mmngqws3c3cg6,696A9623FC15CF31DDB4537FFE62AC22F07F638BE0050B171ABC3FA58D73D5AA,2026-09-17T07:32:09.964269380Z,pb1xvd4k9jg5h0d4dhzr4z0txtwe9p5zxf58xcmxd,pb1rrwuxd65chqed6t0c5z8z505daw0rvsveyl0eq,,,,,,,,,,,,,2026-09-18T17:48:25.730684+00:00
scope1qptj2kqhg6pyk89un339xuwffvrs0g88qu,8F8C2315039EA8FBF1A9F676EC9FBD96C327155FC8A73EE624A028C63180753B,2026-09-17T07:30:07.344691410Z,pb1xvd4k9jg5h0d4dhzr4z0txtwe9p5zxf58xcmxd,pb1rrwuxd65chqed6t0c5z8z505daw0rvsveyl0eq,,,,,,,,,,,,,2026-09-18T17:48:26.274789+00:00
scope1qzwlfxduk3hyyz43s8kz7awkg0kq30frru,6317F7B003F0B24CEA26CF5596D47A0B65AE97CC1A3816E6DA7BB3F1C11EB3D1,2026-09-17T07:29:01.516882339Z,pb1kx5k0nr068xhxgcmnzzef9523cxdcexlm3r29w,pb1rrwuxd65chqed6t0c5z8z505daw0rvsveyl0eq,,,,,,,,,,,,,2026-09-18T17:48:26.826650+00:00
scope1qr2kd8cspcq5cgukm08tkqa7njqqg3wjfr,5E459345164333C84C6BC7FE6F1A26537856AFD3454D209D97D125303747F019,2026-09-17T07:23:26.777991952Z,pb12dyqf6zh3g8tqvk5hp8mqavj75700yy04xud59,pb1rrwuxd65chqed6t0c5z8z505daw0rvsveyl0eq,,,,,,,,,,,,,2026-09-18T17:48:27.389885+00:00
scope1qrf7cuez509yvny4ydfprta5ke0spjwqns,205E1B9ADD0CDC73B60E141FBE3AD4420878B0F6970880304C75882869F57085,2026-09-17T07:22:12.185845688Z,pb1kx5k0nr068xhxgcmnzzef9523cxdcexlm3r29w,pb1rrwuxd65chqed6t0c5z8z505daw0rvsveyl0eq,,,,,,,,,,,,,2026-09-18T17:48:27.949255+00:00
scope1qz0ftrqkd945ch58egr8d6lw7gsqv9uyvs,AB0728608766A84BC5F30C86EA9135596334D038101B7C68B6DC30ED583B5B05,2026-09-17T07:19:18.072524086Z,pb1xvd4k9jg5h0d4dhzr4z0txtwe9p5zxf58xcmxd,pb1rrwuxd65chqed6t0c5z8z505daw0rvsveyl0eq,,,,,,,,,,,,,2026-09-18T17:48:28.501395+00:00
scope1qphr0sz6jdzypu9dcsekveq9xzuq0j8c47,F7AFB3721E2D49BA3746ACB28F20070E15AA3BC47E9FB3A5DBA611EF10AD3785,2026-09-17T07:13:17.693587729Z,pb13knswfs6ack05wveq5nua7jgc5jnld3zg8xl52,pb1rrwuxd65chqed6t0c5z8z505daw0rvsveyl0eq,,,,,,,,,,,,,2026-09-18T17:48:29.044292+00:00
scope1qq76wkatc2t5f8ac6kcgygyr96ds2xnw2e,20335817128E7A3D108306986385CF0AD7D90EB017E74C2CDBB3200E9D0239D2,2026-09-17T07:12:38.702211383Z,pb1xvd4k9jg5h0d4dhzr4z0txtwe9p5zxf58xcmxd,pb1rrwuxd65chqed6t0c5z8z505daw0rvsveyl0eq,,,,,,,,,,,,,2026-09-18T17:48:29.591456+00:00
scope1qruwz4c9aclyrsud0nxtlnsvp6ps0vkc0s,CE733018A2E08AB582429F1242E1272FD325F396CEA4F49819104334C13F9088,2026-09-17T07:05:46.802025094Z,pb1kx5k0nr068xhxgcmnzzef9523cxdcexlm3r29w,pb1rrwuxd65chqed6t0c5z8z505daw0rvsveyl0eq,,,,,,,,,,,,,2026-09-18T17:48:30.129771+00:00
scope1qr9yq9wuna9ya7ydsv2drsqt3qtqx287h9,319EBDF4BCCAB01C98FA2330F3FC51FD13DCE01897D1EBBF2204BBA9E799AC60,2026-09-17T07:05:42.485854340Z,pb1fmxzuzx5c4ja50vu94nt0aessnuedzmppde8qr,pb1rrwuxd65chqed6t0c5z8z505daw0rvsveyl0eq,,,,,,,,,,,,,2026-09-18T17:48:30.682553+00:00
scope1qrkn580z2h0ys5y6ep7xwcdn8xyslalrwx,2996F18E586E517481655AE31CD877EFB8EC762E2086134A8E8E52F4100AC2DB,2026-09-17T07:05:33.835957297Z,pb1kx5k0nr068xhxgcmnzzef9523cxdcexlm3r29w,pb1rrwuxd65chqed6t0c5z8z505daw0rvsveyl0eq,,,,,,,,,,,,,2026-09-18T17:48:31.251412+00:00
scope1qpc8m3ap5y05wa96zt8yp27nn35qmsxrt9,F40DDC3B2D08A80BED53FE7F065D8B2C31120EE2FA03BDBB02CB7404DC515152,2026-09-17T07:01:43.870043239Z,pb1xvd4k9jg5h0d4dhzr4z0txtwe9p5zxf58xcmxd,pb1rrwuxd65chqed6t0c5z8z505daw0rvsveyl0eq,,,,,,,,,,,,,2026-09-18T17:48:31.795469+00:00
scope1qpz4v25cdtnym44pjz7u2dcsnqeq0d7hf3,A2410A176F7949313D0DD2E92E9E449587DAF61B3A46AD2061967E9739732769,2026-09-17T06:58:50.404851574Z,pb1xvd4k9jg5h0d4dhzr4z0txtwe9p5zxf58xcmxd,pb1rrwuxd65chqed6t0c5z8z505daw0rvsveyl0eq,,,,,,,,,,,,,2026-09-18T17:48:32.352018+00:00
scope1qpa79m7z2l55vc5c3wy3n7y8ndxqvpwuh7,61315EA3D6E267BF690EC16949A571E3E0D71D06F943A639045777B3CE29145F,2026-09-17T06:29:47.995120177Z,pb1xvd4k9jg5h0d4dhzr4z0txtwe9p5zxf58xcmxd,pb1rrwuxd65chqed6t0c5z8z505daw0rvsveyl0eq,,,,,,,,,,,,,2026-09-18T17:48:32.907069+00:00
scope1qpjpwn6gkhh5589nlc325mh83vksgz4x42,88D59A0B34C3125709675EE1BED3FD860B77297C0860C5609588057FCF00CE99,2026-09-17T06:29:30.785341475Z,pb1xvd4k9jg5h0d4dhzr4z0txtwe9p5zxf58xcmxd,pb1rrwuxd65chqed6t0c5z8z505daw0rvsveyl0eq,,,,,,,,,,,,,2026-09-18T17:48:33.467090+00:00
scope1qrwmn07znmxy24vha9edr23jz6aq8k5tnt,A44CB46EEF175EBD1104FCF882DD11C1277D98F05C2AC6D76E8585A49459FE9B,2026-09-17T05:36:19.835539159Z,pb1xvd4k9jg5h0d4dhzr4z0txtwe9p5zxf58xcmxd,pb1rrwuxd65chqed6t0c5z8z505daw0rvsveyl0eq,,,,,,,,,,,,,2026-09-18T17:48:34.022400+00:00
scope1qr2gat6c2965gxd5lxt4a2qmjkeqd2df22,F2E45290CF4A052796996ECD84566F798CDEE23BD7060FD82178BCBF440FB04A,2026-09-17T05:06:19.671810960Z,pb1xvd4k9jg5h0d4dhzr4z0txtwe9p5zxf58xcmxd,pb1rrwuxd65chqed6t0c5z8z505daw0rvsveyl0eq,,,,,,,,,,,,,2026-09-18T17:48:34.578605+00:00
scope1qrttdfx8qwg553vvcqr6hlhxyj8q25p3c3,C29D3E7FEA3E255CC491DACB4476C2B4FD6E269F0E1DBF0F74785C021EDD7057,2026-09-17T05:03:17.399308050Z,pb1awn7unm6pv3rd9s0wzg4vje357dn3pn8ua530c,pb1rrwuxd65chqed6t0c5z8z505daw0rvsveyl0eq,,,,,,,,,,,,,2026-09-18T17:48:35.127288+00:00
scope1qrp78srhxj65x5atqpr8n8fcnndq2pykye,17833F3A92886E4194278385D9F48610AAC9C4CF670DAEAC6D07F8668EE0732A,2026-09-17T04:40:28.908940110Z,pb1xvd4k9jg5h0d4dhzr4z0txtwe9p5zxf58xcmxd,pb1rrwuxd65chqed6t0c5z8z505daw0rvsveyl0eq,,,,,,,,,,,,,2026-09-18T17:48:35.665640+00:00
scope1qp4xewcjwrfym8y52cs0cpct528qad802k,31CA7899F13DA595A8D096EF2BDAFFC7B2F6FC519F41584BAB6739DCFDF68E4B,2026-09-17T04:18:56.118899966Z,pb1xvd4k9jg5h0d4dhzr4z0txtwe9p5zxf58xcmxd,pb1rrwuxd65chqed6t0c5z8z505daw0rvsveyl0eq,,,,,,,,,,,,,2026-09-18T17:48:36.202696+00:00
scope1qqkta8n56svydy4a09wa04yzazhqp7wyfr,8EB158812B9825544805E063B0B0AB4F83462897641338376F8EC35B776CAF6B,2026-09-17T04:16:59.124010527Z,pb1xvd4k9jg5h0d4dhzr4z0txtwe9p5zxf58xcmxd,pb1rrwuxd65chqed6t0c5z8z505daw0rvsveyl0eq,,,,,,,,,,,,,2026-09-18T17:48:36.773095+00:00
scope1qzk4m8n0g4p5r258w8x559z3j8gq3enmsk,670711696653D5D6240F91E341681E4B7DE7EAFCA8F35EE69E60681A22DFF266,2026-09-17T04:09:09.838764913Z,pb1xvd4k9jg5h0d4dhzr4z0txtwe9p5zxf58xcmxd,pb1rrwuxd65chqed6t0c5z8z505daw0rvsveyl0eq,,,,,,,,,,,,,2026-09-18T17:48:37.318371+00:00
scope1qpphm7sxc5cycca0nl9zeryn65asmd4305,22D4EE6298BD2A9BDBD3367807527BA306F0CBC78B9748E0E5E0EDD593F6B148,2026-09-17T04:00:28.477880564Z,pb1fmxzuzx5c4ja50vu94nt0aessnuedzmppde8qr,pb1rrwuxd65chqed6t0c5z8z505daw0rvsveyl0eq,,,,,,,,,,,,,2026-09-18T17:48:52.076228+00:00
scope1qrfju7qemuey6f9ygxa6zmd5jy4svw6gy3,B046776706BC9AC8C82E16620B510E8839B7C9DF89C0C2EB8D916728B1FF7E88,2026-09-17T04:00:24.069439307Z,pb13knswfs6ack05wveq5nua7jgc5jnld3zg8xl52,pb1rrwuxd65chqed6t0c5z8z505daw0rvsveyl0eq,,,,,,,,,,,,,2026-09-18T17:48:52.619795+00:00
scope1qzty8h5m5ep54cyy64vj080phu3qtxszup,E303CE01597D005E0F3C0D14A49B747C09EFF499BB1AF85B673C00F17286CB78,2026-09-17T04:00:19.592302154Z,pb1k38pa6rgnepcs592n4mvr3hxucw8tslprcmlvk,pb1rrwuxd65chqed6t0c5z8z505daw0rvsveyl0eq,,,,,,,,,,,,,2026-09-18T17:48:53.199295+00:00
scope1qz58ym2q03h5hwuqn5mfxkcvlfzsjscjnw,5520EEF8B537F3913F92643F36DAD94BB3A4F759DB3EB94D0814F0DC7248DBF7,2026-09-17T03:50:22.633368573Z,pb1qjxvmds5pwjt3zursu967phrlf29ndtqr82r4e,pb1rrwuxd65chqed6t0c5z8z505daw0rvsveyl0eq,,,,,,,,,,,,,2026-09-18T17:48:53.737405+00:00
scope1qz7a6fvf4jxyz8d5y2n5jsdc2t7qk3ygzh,2D951C721CAF1F1E2800056A4CEE590CAAB484F7C0F9A198DA49878D57E57580,2026-09-17T03:47:49.927023559Z,pb1xvd4k9jg5h0d4dhzr4z0txtwe9p5zxf58xcmxd,pb1rrwuxd65chqed6t0c5z8z505daw0rvsveyl0eq,,,,,,,,,,,,,2026-09-18T17:48:54.283906+00:00
scope1qzkfnsgfqyey4ydvadwatllpcu6svxql8j,36A5FC378FCC593A8E256F6C57725BA4FC62F64D2CE41B0B668C31D9C21DD1B6,2026-09-17T03:47:23.887527229Z,pb1xvd4k9jg5h0d4dhzr4z0txtwe9p5zxf58xcmxd,pb1rrwuxd65chqed6t0c5z8z505daw0rvsveyl0eq,,,,,,,,,,,,,2026-09-18T17:48:54.828517+00:00
scope1qpa4ksxtxdp557au2edl60z5rcfs7fcv88,1152C03DAF5055FEFE021D9F8850A64DA70AC4DEB0F24170E288F9DAD12C1167,2026-09-17T03:40:32.025019616Z,pb150y6qkszzccf4gapvywe6lvaaraant8acjk6t4,pb1rrwuxd65chqed6t0c5z8z505daw0rvsveyl0eq,,,,,,,,,,,,,2026-09-18T17:48:55.382828+00:00
scope1qp4etjvzhx55f0ymw8lvpus77f6skp7zp6,160BBB2BFC8B7A1F882882A59D7D21B00FD93DBF8397BB1DD658D24C8AA7E402,2026-09-17T03:40:18.924393507Z,pb1xvd4k9jg5h0d4dhzr4z0txtwe9p5zxf58xcmxd,pb1rrwuxd65chqed6t0c5z8z505daw0rvsveyl0eq,,,,,,,,,,,,,2026-09-18T17:48:55.933163+00:00
scope1qq2s9nw6yuw58f4usgzja7u29hps7pgnw2,4109444D97F3E82912A7DCB72E2975FF13AD4929E91E72C824E0A6E84CF45149,2026-09-17T03:31:26.185553509Z,pb13knswfs6ack05wveq5nua7jgc5jnld3zg8xl52,pb1rrwuxd65chqed6t0c5z8z505daw0rvsveyl0eq,,,,,,,,,,,,,2026-09-18T17:48:56.486402+00:00
scope1qp2k38h7ze6y2ua62gh5kkl650gs0gyqk8,8BB50B70062B87A9F6856228F15E4C8854C6C1A20A5F7466A76907F2F392B21B,2026-09-17T03:30:42.856663487Z,pb1xzl9wgh0ry2dma43f58vmuteqd3996j6mhqhgz,pb1rrwuxd65chqed6t0c5z8z505daw0rvsveyl0eq,,,,,,,,,,,,,2026-09-18T17:48:57.057797+00:00
scope1qqpp74h46zxyvmu32cnxzqt6hvtqjac0n4,5E79707D5E2A1CB5FE4661DBD390F8416C06AC6B322A67202968BA07FCC8DCBE,2026-09-17T03:30:03.305253661Z,pb1xvd4k9jg5h0d4dhzr4z0txtwe9p5zxf58xcmxd,pb1rrwuxd65chqed6t0c5z8z505daw0rvsveyl0eq,,,,,,,,,,,,,2026-09-18T17:48:57.618143+00:00
scope1qrnxpjlpr6uyet4sd09v70xvjausw9g89k,227B31848E723B7B04F74582D42BC0C872D3661DED616CF1DE5D3D8739A7C472,2026-09-17T03:25:36.809827342Z,pb1xvd4k9jg5h0d4dhzr4z0txtwe9p5zxf58xcmxd,pb1rrwuxd65chqed6t0c5z8z505daw0rvsveyl0eq,,,,,,,,,,,,,2026-09-18T17:48:58.717671+00:00
scope1qrl5ysxh06wyd6ve9sy7fmrtzjpq65r54p,34D0269F5A8D096FADF53BBAF67532EF416F84E2403757AAC17E34F9120471BE,2026-09-17T03:25:36.809827342Z,pb15dwvkq7kqcn2aq5j3hfq2hl6j7vf2jju95rr6l,pb1rrwuxd65chqed6t0c5z8z505daw0rvsveyl0eq,,,,,,,,,,,,,2026-09-18T17:48:58.167999+00:00
scope1qz6ah9pk7sj5hndttnhw37906lesdczs5k,4B765AA16A80839829FAEE553F2BC7A3820D7EF0CB4BE3586A604CBB58984412,2026-09-17T03:25:28.213156643Z,pb1kx5k0nr068xhxgcmnzzef9523cxdcexlm3r29w,pb1rrwuxd65chqed6t0c5z8z505daw0rvsveyl0eq,,,,,,,,,,,,,2026-09-18T17:48:59.265132+00:00
scope1qz6yx9g4jpmyrku4fdu59gtyep3slcdys6,EF9EF4C16F1A027DD4DA4865C6A1FDE295016A0E80091AC4A8F839DB87DE9C23,2026-09-17T03:18:24.797332477Z,pb1xvd4k9jg5h0d4dhzr4z0txtwe9p5zxf58xcmxd,pb1rrwuxd65chqed6t0c5z8z505daw0rvsveyl0eq,,,,,,,,,,,,,2026-09-18T17:48:59.815594+00:00
scope1qzxz2erydzuy75dlvc6yvwr3n9csx8t3a0,7274EF4655DBE792442978671C51CF268603CE29D316FE8CDF60DC0B14BA2B18,2026-09-17T03:13:06.740293397Z,pb1xvd4k9jg5h0d4dhzr4z0txtwe9p5zxf58xcmxd,pb1rrwuxd65chqed6t0c5z8z505daw0rvsveyl0eq,,,,,,,,,,,,,2026-09-18T17:49:00.367896+00:00
scope1qq5z0qwxdeqywju32tv75d8f2ecqhvjhhy,1E98ECDDBCE362E760BAE254A26866F4D6FE6A385564433F946DFD292FC20C8B,2026-09-17T03:10:33.635801365Z,pb1xvd4k9jg5h0d4dhzr4z0txtwe9p5zxf58xcmxd,pb1rrwuxd65chqed6t0c5z8z505daw0rvsveyl0eq,,,,,,,,,,,,,2026-09-18T17:49:00.920937+00:00
scope1qz2kqakqx3py76udvhqmsk0f8rhszq7tq5,989A0D4A0EC9BE305ACF37AF9E6BB2B4CDBD78CC807E5B29BCCA1C8B6311A021,2026-09-17T03:06:33.319025154Z,pb1kx5k0nr068xhxgcmnzzef9523cxdcexlm3r29w,pb1rrwuxd65chqed6t0c5z8z505daw0rvsveyl0eq,,,,,,,,,,,,,2026-09-18T17:49:01.472487+00:00
scope1qq8m5xvfkdgyg5upv5lg66y4xshskvl9xy,1422B4B20EC9EF93816EDC1A2E28E7A9F34A634BFFF26942638D5020AACE229E,2026-09-17T03:05:57.459004938Z,pb1xvd4k9jg5h0d4dhzr4z0txtwe9p5zxf58xcmxd,pb1rrwuxd65chqed6t0c5z8z505daw0rvsveyl0eq,,,,,,,,,,,,,2026-09-18T17:49:02.016101+00:00
scope1qpxf7tf5vy9yltv5tzu6s6exrk4qrk77wh,76EF79F5C61F9D4496124E08BC9A7A03E686D4F6D3645FF04C16BBB024942532,2026-09-17T03:05:52.918545398Z,pb1xvd4k9jg5h0d4dhzr4z0txtwe9p5zxf58xcmxd,pb1rrwuxd65chqed6t0c5z8z505daw0rvsveyl0eq,,,,,,,,,,,,,2026-09-18T17:49:02.568229+00:00
scope1qzzp95t0che5s25pg56hze95pvwshytglv,3AF37303996D6D4CA0D5FF129E07ACA050824C04A2A5A3478CF97A0836A609AF,2026-09-17T03:05:29.469279469Z,pb13knswfs6ack05wveq5nua7jgc5jnld3zg8xl52,pb1rrwuxd65chqed6t0c5z8z505daw0rvsveyl0eq,,,,,,,,,,,,,2026-09-18T17:49:03.127298+00:00
scope1qzzx0csjl5cy3eys0v55vj5l4gfspm3aav,9CE3BCAB9135665B2AE6A3B2F4B26BC8D05558B068FB166659CE86EAF0D10C87,2026-09-17T03:00:33.714641068Z,pb13knswfs6ack05wveq5nua7jgc5jnld3zg8xl52,pb1rrwuxd65chqed6t0c5z8z505daw0rvsveyl0eq,,,,,,,,,,,,,2026-09-18T17:49:03.683465+00:00
scope1qqd2z5l2l7ny9659q427v29jumcsednwqc,D46181B85D5777CB8214717C83D406A76C3D091A1F4C56FAD91EFEA304D96068,2026-09-17T02:56:44.081769640Z,pb1xvd4k9jg5h0d4dhzr4z0txtwe9p5zxf58xcmxd,pb1rrwuxd65chqed6t0c5z8z505daw0rvsveyl0eq,,,,,,,,,,,,,2026-09-18T17:49:04.225194+00:00
scope1qzphkz7a09aykmvn9ucypxhxu7vqrd6x3k,DDFB4341AF34BF7533D4A4E723E94CE6853A18CFC7CD5BAE330B0F11529E27B9,2026-09-17T02:53:50.388235842Z,pb1xvd4k9jg5h0d4dhzr4z0txtwe9p5zxf58xcmxd,pb1rrwuxd65chqed6t0c5z8z505daw0rvsveyl0eq,,,,,,,,,,,,,2026-09-18T17:49:04.808100+00:00
scope1qrftcpecag75pydr6ctjh4uhufqqr072l8,E0E608E7E19D7B25FE26D23C8A8A4DFA2CE40E48DDB88B7454B494ECD2484D17,2026-09-17T02:50:22.280303637Z,pb13knswfs6ack05wveq5nua7jgc5jnld3zg8xl52,pb1rrwuxd65chqed6t0c5z8z505daw0rvsveyl0eq,,,,,,,,,,,,,2026-09-18T17:49:05.372300+00:00
scope1qzf3w5mksr6yxevml2fulcz7tk3quk9asf,150CB47CE943ED31EAECEE4BBDF0994851A2816837825471DB034D8C4F3CB0E1,2026-09-17T02:45:27.059307575Z,pb109v8r0nk4du3k7vw3yf5dt8cjnhp9dtmaqahaa,pb1rrwuxd65chqed6t0c5z8z505daw0rvsveyl0eq,,,,,,,,,,,,,2026-09-18T17:49:05.929867+00:00
scope1qpgu9j39n4fyxcy7u363lsf4el3qm85x7u,BE401CC1753501E64B1658368EE37EE4DA3A41BB1D0CF75F0AF1569DF45EB40C,2026-09-17T02:45:22.735697702Z,pb1kx5k0nr068xhxgcmnzzef9523cxdcexlm3r29w,pb1rrwuxd65chqed6t0c5z8z505daw0rvsveyl0eq,,,,,,,,,,,,,2026-09-18T17:49:06.481471+00:00
scope1qpta3fw8mkjyldauyd0wh88gn6wsrz2y4a,94DC369E9D97FE367385FE8715520E6B605BA9D2A078E0A4CD468548A1D9424E,2026-09-17T02:41:42.001639837Z,pb1xvd4k9jg5h0d4dhzr4z0txtwe9p5zxf58xcmxd,pb1rrwuxd65chqed6t0c5z8z505daw0rvsveyl0eq,,,,,,,,,,,,,2026-09-18T17:49:07.034768+00:00
scope1qpq3qza3tcq5c0yul5ux8nt6cd2qghz4w9,488359CE06A3D88F9CC9A8DF1DDCE89D09D964CB1FCA2D6C692A370894033AAA,2026-09-17T02:40:19.406452070Z,pb1xvd4k9jg5h0d4dhzr4z0txtwe9p5zxf58xcmxd,pb1rrwuxd65chqed6t0c5z8z505daw0rvsveyl0eq,,,,,,,,,,,,,2026-09-18T17:49:08.147360+00:00
scope1qpc2h84gz6qyyuy00ntluydedfqswspkqd,5ADDEAFE95C8053593ED5F183071DDED0DE4704B90D202DD1AB3C34DC23BD29A,2026-09-17T02:40:19.406452070Z,pb16j3hxhr0m56h9u9ptdtz2qpmtd7333f77h64m6,pb1rrwuxd65chqed6t0c5z8z505daw0rvsveyl0eq,,,,,,,,,,,,,2026-09-18T17:49:07.592465+00:00
scope1qp647ezl6gq5uvu59t0jcrdnmvqs46hpuy,7ED1B875784572DBB766FD173AEBDD9B0E93D592095309DC4CDA572DC4246C52,2026-09-17T02:38:00.778307406Z,pb1xvd4k9jg5h0d4dhzr4z0txtwe9p5zxf58xcmxd,pb1rrwuxd65chqed6t0c5z8z505daw0rvsveyl0eq,,,,,,,,,,,,,2026-09-18T17:49:08.699770+00:00
scope1qzphjn8swlq5txy4p32zwys06reqlehmlf,B8718C2F486F01635193E232E5ECAD81FB82E2F72A8088F42DCE93D2246CCFC7,2026-09-17T02:35:51.041446154Z,pb13knswfs6ack05wveq5nua7jgc5jnld3zg8xl52,pb1rrwuxd65chqed6t0c5z8z505daw0rvsveyl0eq,,,,,,,,,,,,,2026-09-18T17:49:09.257412+00:00
scope1qqawhhcpdg255qagc8cysl7lre8qsl26rv,285D68A4F14F2DBF10A2AF6F0BBE60A4E1F9436EB71E19D88A9073CD05AC979A,2026-09-17T02:35:33.282487355Z,pb1efe0u0aegxyjqagwp3er9nf2l72r4ea7zrwtqs,pb1rrwuxd65chqed6t0c5z8z505daw0rvsveyl0eq,,,,,,,,,,,,,2026-09-18T17:49:09.833127+00:00
scope1qzgv4s7fvq35uga6suc9cg2sx3aqxvn843,447E71A65A847F3E476E310C3E52C68C947457A2DBF49406A03384124020F172,2026-09-17T02:35:28.814381428Z,pb13knswfs6ack05wveq5nua7jgc5jnld3zg8xl52,pb1rrwuxd65chqed6t0c5z8z505daw0rvsveyl0eq,,,,,,,,,,,,,2026-09-18T17:49:10.382723+00:00
scope1qp98cg5da5hy5842huls6xwtv6jqxhxdma,AC17D4E47DEFB418BD9A2EC949DA1F7684659F1E37898B18571250C55AAE87D0,2026-09-17T02:35:20.087018443Z,pb1xvd4k9jg5h0d4dhzr4z0txtwe9p5zxf58xcmxd,pb1rrwuxd65chqed6t0c5z8z505daw0rvsveyl0eq,,,,,,,,,,,,,2026-09-18T17:49:11.488197+00:00
scope1qrjzlucyete56xyvt2hfv396ja8q7ugt9v,26B3111466A986E912EFB47684D5B64001669458ACD06E0D5ECA41CB4B0838F6,2026-09-17T02:35:20.087018443Z,pb1k38pa6rgnepcs592n4mvr3hxucw8tslprcmlvk,pb1rrwuxd65chqed6t0c5z8z505daw0rvsveyl0eq,,,,,,,,,,,,,2026-09-18T17:49:10.940699+00:00
scope1qqsq2mzf8ta5d39c3l5y6e657e3qqcsq2w,2A356B53439C5505638B877A91D3B76045B940523F85F07FBD440DD2047617BD,2026-09-17T02:30:51.299154493Z,pb1xvd4k9jg5h0d4dhzr4z0txtwe9p5zxf58xcmxd,pb1rrwuxd65chqed6t0c5z8z505daw0rvsveyl0eq,,,,,,,,,,,,,2026-09-18T17:49:12.039833+00:00
scope1qzszyy4j3a35p05mgt8prxd9hr7s26s79f,150DA29E6DCAB57DD556AB791FB1269676F649715A01593709EB637343782F79,2026-09-17T02:30:29.263475509Z,pb13knswfs6ack05wveq5nua7jgc5jnld3zg8xl52,pb1rrwuxd65chqed6t0c5z8z505daw0rvsveyl0eq,,,,,,,,,,,,,2026-09-18T17:49:12.579345+00:00
scope1qpkfdguwd8d57mdt95wxcnyaqvvs5yvk03,A4F3EDC6D667812A78FCCE5D98DA1BBF8052EC92B8AC504D305B82C46E2E46ED,2026-09-17T02:30:24.771857176Z,pb1xvd4k9jg5h0d4dhzr4z0txtwe9p5zxf58xcmxd,pb1rrwuxd65chqed6t0c5z8z505daw0rvsveyl0eq,,,,,,,,,,,,,2026-09-18T17:49:13.130026+00:00
scope1qz9mha6y02r5h05a78yx9fx9p77qpw57qd,B51465048A55C393F4FC5FCE1444A87FA0FFB7A823E87CE18286A3D3E9B20517,2026-09-17T02:30:20.331918873Z,pb1xvd4k9jg5h0d4dhzr4z0txtwe9p5zxf58xcmxd,pb1rrwuxd65chqed6t0c5z8z505daw0rvsveyl0eq,,,,,,,,,,,,,2026-09-18T17:49:13.679393+00:00
scope1qrjmxa9js2k5s44d678zhal7d3nstq6l22,D630A40D91A68E76FC28CDCD154B2DA2F143EDFC41C790109C2747F74FCF72EF,2026-09-17T02:25:29.973807244Z,pb1k38pa6rgnepcs592n4mvr3hxucw8tslprcmlvk,pb1rrwuxd65chqed6t0c5z8z505daw0rvsveyl0eq,,,,,,,,,,,,,2026-09-18T17:49:14.235368+00:00
scope1qqc8eztzpa0y5t4ehqhlkrqfyakqwwfhp7,62839DD55A449DC7D8201F3408D41780F9A21AE12DC2B8406F81DF684D0544E1,2026-09-17T02:25:16.874739578Z,pb1k38pa6rgnepcs592n4mvr3hxucw8tslprcmlvk,pb1rrwuxd65chqed6t0c5z8z505daw0rvsveyl0eq,,,,,,,,,,,,,2026-09-18T17:49:14.777347+00:00
scope1qz0g6ydql80y0fdyte965h32vptsny7r8h,2DC153E8A9DDD116A85DAD7A118EDA7E6A23CEFD94A2BCC64A333D850BCCA518,2026-09-17T02:20:26.842164541Z,pb1xvd4k9jg5h0d4dhzr4z0txtwe9p5zxf58xcmxd,pb1rrwuxd65chqed6t0c5z8z505daw0rvsveyl0eq,,,,,,,,,,,,,2026-09-18T17:49:15.903070+00:00
scope1qpw5jssqq0uyg795y0y2azlzhr2qnnp3nh,E82C29789A424B5B90E1B529C22E651ECE670C548C06DDC13BBD05052D69E631,2026-09-17T02:20:26.842164541Z,pb1gpkulw7lfs850speyf4f4yxtcdxx2punyr8ld3,pb1rrwuxd65chqed6t0c5z8z505daw0rvsveyl0eq,,,,,,,,,,,,,2026-09-18T17:49:15.327924+00:00
scope1qzhtthjm0qdytjd5g588fh8ywzcskzg7wv,C4DCA94C1DB4B67E2799EFBEDBFFF8379A37F2C34C9F4995847C86F5A356FA29,2026-09-17T02:15:19.008452457Z,pb1v3uda8qgxv69tx6wclsp0jn4n8xxa5h7gpt2jp,pb1rrwuxd65chqed6t0c5z8z505daw0rvsveyl0eq,,,,,,,,,,,,,2026-09-18T17:49:16.451611+00:00
scope1qp9ysmjy2psyvruhgkdl00jrfkvs2pea88,795D24CEDCACB678C0FF721A2620BA3A24FE55E5745A691FE43B746E632BE0C6,2026-09-17T02:13:35.123186402Z,pb1xvd4k9jg5h0d4dhzr4z0txtwe9p5zxf58xcmxd,pb1rrwuxd65chqed6t0c5z8z505daw0rvsveyl0eq,,,,,,,,,,,,,2026-09-18T17:49:17.012920+00:00
scope1qzth4h6kkgkygwy5clu2ejak0wcstwrx6e,AD2DE888E709EDB0D3EB981E6A819C6D700927889175A2B26243D0FE5A0A3086,2026-09-17T02:05:29.595821212Z,pb1awn7unm6pv3rd9s0wzg4vje357dn3pn8ua530c,pb1rrwuxd65chqed6t0c5z8z505daw0rvsveyl0eq,,,,,,,,,,,,,2026-09-18T17:49:18.038617+00:00
scope1qr7a4lspfps52kv73l89jsmq5kvq2qwf2m,3DC84EFC16F49299B57010DFAC778CE5A962E714EBDC7B170E305C2D557B32BB,2026-09-17T02:05:25.204536226Z,pb14ep8k6jtc338c00t9khyrydpw7vywagdzqntwz,pb1rrwuxd65chqed6t0c5z8z505daw0rvsveyl0eq,,,,,,,,,,,,,2026-09-18T17:49:18.594127+00:00
scope1qqljwg6gap0ytgyy50fhxzehcevq2yu3mn,430BCC3AF288E68C27DAE652F3627B89A0D912EBB480DF8E83D02B7368888314,2026-09-17T01:50:29.896786180Z,pb1kx5k0nr068xhxgcmnzzef9523cxdcexlm3r29w,pb1rrwuxd65chqed6t0c5z8z505daw0rvsveyl0eq,,,,,,,,,,,,,2026-09-18T17:49:19.136977+00:00
scope1qp6rwyv3hxr5gnv2tkzfvd308mrsfrh6ft,CF84B42DFB593CF629A9E32FC501C1EA7F05484ACA818822E6EF10C1F07AB2B7,2026-09-17T01:50:25.410746109Z,pb13knswfs6ack05wveq5nua7jgc5jnld3zg8xl52,pb1rrwuxd65chqed6t0c5z8z505daw0rvsveyl0eq,,,,,,,,,,,,,2026-09-18T17:49:19.707249+00:00
scope1qqjdp7ep4t858xdh3e4mr42z7fvqem44nc,AEBD372F5BE1F75B07278D3254066E998162A648ED869EE4469CCF10163EA72E,2026-09-17T01:45:27.090702689Z,pb13knswfs6ack05wveq5nua7jgc5jnld3zg8xl52,pb1rrwuxd65chqed6t0c5z8z505daw0rvsveyl0eq,,,,,,,,,,,,,2026-09-18T17:49:20.833761+00:00
scope1qrdm3xd2wvey4ayqyu2xwku2hj2qfaecwt,65377EAB047F91FC0C61A593EBA346B2DE1C03A4C39C4E61EC3188B6EE9E57AD,2026-09-17T01:45:27.090702689Z,pb14ep8k6jtc338c00t9khyrydpw7vywagdzqntwz,pb1rrwuxd65chqed6t0c5z8z505daw0rvsveyl0eq,,,,,,,,,,,,,2026-09-18T17:49:20.279198+00:00
scope1qzx5473de3v5fqy7rmdrr8m3lyzsl7lay5,BB2F4DD05CD1F495D833EC234E5074603E08DEA5ED5F7A5BB875E819A250443D,2026-09-17T01:40:49.600230780Z,pb1xvd4k9jg5h0d4dhzr4z0txtwe9p5zxf58xcmxd,pb1rrwuxd65chqed6t0c5z8z505daw0rvsveyl0eq,,,,,,,,,,,,,2026-09-18T17:49:21.414365+00:00
scope1qzdy4wjne2g5rwawwyqzv3948ztsccuy38,074BDB251B6750A3A2918159D53709C7F2B53E492D41A927EA150FC04D19FD87,2026-09-17T01:40:32.285944745Z,pb1kx5k0nr068xhxgcmnzzef9523cxdcexlm3r29w,pb1rrwuxd65chqed6t0c5z8z505daw0rvsveyl0eq,,,,,,,,,,,,,2026-09-18T17:49:21.962573+00:00
scope1qqw2xk3mfguyqv5shsf62r8qd5cs5kej83,C558EC4F904F6C3F262CC9FB3C0A381800CDCB5AF4F53103B2E06444D2AAC04A,2026-09-17T01:40:28.005785090Z,pb1xvd4k9jg5h0d4dhzr4z0txtwe9p5zxf58xcmxd,pb1rrwuxd65chqed6t0c5z8z505daw0rvsveyl0eq,,,,,,,,,,,,,2026-09-18T17:49:22.527898+00:00
scope1qqzzp97u2zgy6cy0lyle47rkpksqdcz6k5,33928F10DD2568134E7816E31D39043BE05A43883CB1E76A6F84AC65633618BB,2026-09-17T01:40:23.651836826Z,pb1k38pa6rgnepcs592n4mvr3hxucw8tslprcmlvk,pb1rrwuxd65chqed6t0c5z8z505daw0rvsveyl0eq,,,,,,,,,,,,,2026-09-18T17:49:23.079189+00:00
scope1qptcrxgdtjaykm5s482054x5fdyq5lcfp5,6C250501DEED88904632AD807EA43E52ADADE6B42E263D14B24175D58F848B44,2026-09-17T01:38:55.384821347Z,pb1xvd4k9jg5h0d4dhzr4z0txtwe9p5zxf58xcmxd,pb1rrwuxd65chqed6t0c5z8z505daw0rvsveyl0eq,,,,,,,,,,,,,2026-09-18T17:49:23.641496+00:00
scope1qr2z2mce4g8yrn999e96d883v7zqlnfhyv,CC51FBCB10AF0DF78B6946D9371246606D8D6998F9F527F36B39ED00A7107EB5,2026-09-17T01:35:19.508108414Z,pb1kx5k0nr068xhxgcmnzzef9523cxdcexlm3r29w,pb1rrwuxd65chqed6t0c5z8z505daw0rvsveyl0eq,,,,,,,,,,,,,2026-09-18T17:49:24.192587+00:00
scope1qqv0tkcpked5kxa5krnjncv95qpq797c78,227726BCBB618E284B819031CF6D4BCE94CFFA85864AD5FFC3A8AF0B127B4BB7,2026-09-17T01:30:25.180453783Z,pb1qqzphpm5wlnere7ctv65zef82vgfjq2vppvefg,pb1rrwuxd65chqed6t0c5z8z505daw0rvsveyl0eq,,,,,,,,,,,,,2026-09-18T17:49:24.791076+00:00
scope1qzx6rm9l3s8yzvdnafus5x0rx3xq8c3ynx,C4A33AED284F5C428750E61BEA97228A2F8D2BA9198F91E65C6780C790E87C24,2026-09-17T01:30:16.512494050Z,pb1xvd4k9jg5h0d4dhzr4z0txtwe9p5zxf58xcmxd,pb1rrwuxd65chqed6t0c5z8z505daw0rvsveyl0eq,,,,,,,,,,,,,2026-09-18T17:49:25.351589+00:00
scope1qqhlcg8ddv75vvusaxz327hzzmksl7nras,79DC0A8240DED5221B6B3B25A6789D6301193C1A83D02B7E39F944C633FC556D,2026-09-17T01:26:00.729501372Z,pb1xvd4k9jg5h0d4dhzr4z0txtwe9p5zxf58xcmxd,pb1rrwuxd65chqed6t0c5z8z505daw0rvsveyl0eq,,,,,,,,,,,,,2026-09-18T17:49:25.907344+00:00
scope1qqxtde9vtlc5pmd8hr9u0p6uu2psa7wvdt,8787375EA95CF38F898C290B0A2113F22ED65D8769E00DFD688539E0E307602C,2026-09-17T01:25:21.304852801Z,pb1xvd4k9jg5h0d4dhzr4z0txtwe9p5zxf58xcmxd,pb1rrwuxd65chqed6t0c5z8z505daw0rvsveyl0eq,,,,,,,,,,,,,2026-09-18T17:49:26.451355+00:00
scope1qquwv5ttzlk5244wmg9sd7yuqnmqkenmwr,F4FD2665D6B854099E143245595DF5AD3B8220A21C44CD4CF254FAA3F8F5A741,2026-09-17T01:20:18.328757404Z,pb1awn7unm6pv3rd9s0wzg4vje357dn3pn8ua530c,pb1rrwuxd65chqed6t0c5z8z505daw0rvsveyl0eq,,,,,,,,,,,,,2026-09-18T17:49:26.987771+00:00
scope1qrlkly5trmu5pzvr5jn7yffhnxmqc8eat0,76A4A0084D483BFB993749F1187CAC2EFA2DFE7B92559871ADE9E828B83A27DA,2026-09-17T01:15:28.325640078Z,pb1xvd4k9jg5h0d4dhzr4z0txtwe9p5zxf58xcmxd,pb1rrwuxd65chqed6t0c5z8z505daw0rvsveyl0eq,,,,,,,,,,,,,2026-09-18T17:49:27.539862+00:00
scope1qzvwyhpcwpa5q0uark8c368m8ykq95rs2y,07B40A56CD719C876B2DCEDFD87D5B6AF8976B57BB0F0F4D96292B92316996BA,2026-09-17T01:15:19.689141552Z,pb1xvd4k9jg5h0d4dhzr4z0txtwe9p5zxf58xcmxd,pb1rrwuxd65chqed6t0c5z8z505daw0rvsveyl0eq,,,,,,,,,,,,,2026-09-18T17:49:28.077042+00:00
scope1qr86p5mc3keylcuwy6w2m82p8ans8umt3g,FAE27A182F8C737B710BF1B63D58B4FCBCF706EF6BEBF3373FEDF26E583F0F8F,2026-09-17T01:12:55.268279150Z,pb1xvd4k9jg5h0d4dhzr4z0txtwe9p5zxf58xcmxd,pb1rrwuxd65chqed6t0c5z8z505daw0rvsveyl0eq,,,,,,,,,,,,,2026-09-18T17:49:28.638903+00:00
scope1qrkfqcmyjhsyp9adfptrk9tf8jdsfnl7ts,30DFB33DF2B085D46766B003DCD6FE45A1FA273A69CAA28BF9E2037C9041D32C,2026-09-17T01:10:42.992202477Z,pb13knswfs6ack05wveq5nua7jgc5jnld3zg8xl52,pb1rrwuxd65chqed6t0c5z8z505daw0rvsveyl0eq,,,,,,,,,,,,,2026-09-18T17:49:29.192690+00:00
scope1qza9rcdpuuu5yh9svf3wqpm0muns3749rg,DB153569842F629EF1115A7A7480B0FEA52483E9DD5EA2443344417E1521D3FE,2026-09-17T01:10:34.377460252Z,pb1xvd4k9jg5h0d4dhzr4z0txtwe9p5zxf58xcmxd,pb1rrwuxd65chqed6t0c5z8z505daw0rvsveyl0eq,,,,,,,,,,,,,2026-09-18T17:49:29.745856+00:00
scope1qrmcp6p0ujd55sv6x5ewkxqt7jnqkh34x3,CB742939AFDB56285B92DA22072B73ABD986DE508BEDB546CD156E4A742EFD7E,2026-09-17T01:10:30.030565608Z,pb13knswfs6ack05wveq5nua7jgc5jnld3zg8xl52,pb1rrwuxd65chqed6t0c5z8z505daw0rvsveyl0eq,,,,,,,,,,,,,2026-09-18T17:49:30.294137+00:00
scope1qp3weup66p65ycv5tslhrgt4xwcsv6gzng,062047CDB92F16959CC0F60E102B4B995FEC46A246621A1EA9DF4DE281EDD3C2,2026-09-17T01:10:17.037447209Z,pb1kx5k0nr068xhxgcmnzzef9523cxdcexlm3r29w,pb1rrwuxd65chqed6t0c5z8z505daw0rvsveyl0eq,,,,,,,,,,,,,2026-09-18T17:49:30.846952+00:00
scope1qz7grr68fr4y5avefc80n26cm3sqsmjy8y,FA4EB301137BCE64932298E0DDCFF83143CEFEBFDCF76FACB88FAB4EA9A2E7AD,2026-09-17T01:09:55.347243520Z,pb1xvd4k9jg5h0d4dhzr4z0txtwe9p5zxf58xcmxd,pb1rrwuxd65chqed6t0c5z8z505daw0rvsveyl0eq,,,,,,,,,,,,,2026-09-18T17:49:31.415776+00:00
scope1qzq64vajefs5axd6kzmc27ygc32sw9ced0,8EA166CA6E641EF444797A0C5B3BBE519DA60A79A56EAF6D03AF6566BDD7E1F9,2026-09-17T01:08:06.254700988Z,pb1xvd4k9jg5h0d4dhzr4z0txtwe9p5zxf58xcmxd,pb1rrwuxd65chqed6t0c5z8z505daw0rvsveyl0eq,,,,,,,,,,,,,2026-09-18T17:49:31.979824+00:00
scope1qphgl5w9ygw50p9mrlxq48zgsknqmfvjat,9233B07EA40392E0C0B33803FD809BCCCF9A95073641437BAB64BDE3A41FAE64,2026-09-17T01:06:51.996301526Z,pb1xvd4k9jg5h0d4dhzr4z0txtwe9p5zxf58xcmxd,pb1rrwuxd65chqed6t0c5z8z505daw0rvsveyl0eq,,,,,,,,,,,,,2026-09-18T17:49:32.541913+00:00
scope1qpr3xpf54sm58ndg9ada5h524q8q6xuy3k,5443C43898CF0A6DE11B3291BBDAFE9157C6A5E83B4CF8F1233B01B8B83B1D37,2026-09-17T01:05:29.806914003Z,pb1awn7unm6pv3rd9s0wzg4vje357dn3pn8ua530c,pb1rrwuxd65chqed6t0c5z8z505daw0rvsveyl0eq,,,,,,,,,,,,,2026-09-18T17:49:33.654171+00:00
scope1qpqyvanck4syrnu3nq8fzl4m74jsy9qftc,2C68DF2ED9154119409BDA0C1026AB5EC6AD9316871B6858B8ED6174B936A706,2026-09-17T01:05:29.806914003Z,pb13knswfs6ack05wveq5nua7jgc5jnld3zg8xl52,pb1rrwuxd65chqed6t0c5z8z505daw0rvsveyl0eq,,,,,,,,,,,,,2026-09-18T17:49:33.102514+00:00
scope1qrch5rkuzmr58wupzvlertraj9nq9y5jcu,DABC4DE0470DE715DD113692345F47EA75E600B28EEC48F0D7667CFE6D812DDB,2026-09-17T01:05:25.021907227Z,pb1kx5k0nr068xhxgcmnzzef9523cxdcexlm3r29w,pb1rrwuxd65chqed6t0c5z8z505daw0rvsveyl0eq,,,,,,,,,,,,,2026-09-18T17:49:34.755543+00:00
scope1qrq2zapspzuytea3x3x50sct8x4swy0avw,6B6B55E4EBAA707AFB64246ADD5DF002FBE77D33EBA028F0AC4BF4E0F29A9852,2026-09-17T01:05:25.021907227Z,pb13knswfs6ack05wveq5nua7jgc5jnld3zg8xl52,pb1rrwuxd65chqed6t0c5z8z505daw0rvsveyl0eq,,,,,,,,,,,,,2026-09-18T17:49:34.190594+00:00
scope1qrc6wg0sh5wyztyvlk9r6763mhjsj29wla,F816CDC6B537985538215CEFC4457405964A5D47A544EFB3C1EB431E298E5470,2026-09-17T01:01:04.051952168Z,pb1kx5k0nr068xhxgcmnzzef9523cxdcexlm3r29w,pb1rrwuxd65chqed6t0c5z8z505daw0rvsveyl0eq,,,,,,,,,,,,,2026-09-18T17:49:35.322616+00:00
scope1qqp959u6008yja4d3z3uzspjzahsqxf52a,32B7C0CC4D436821C2BF9F1AC54D9BBA10CB2846BD143B592C0E5C24BAB5B075,2026-09-17T01:00:38.084315484Z,pb14ep8k6jtc338c00t9khyrydpw7vywagdzqntwz,pb1rrwuxd65chqed6t0c5z8z505daw0rvsveyl0eq,,,,,,,,,,,,,2026-09-18T17:49:35.866417+00:00
scope1qzgwrr4adzv5ueylpad0htelg6cqc2zp6y,8294005B07FE376C94F9DEFF10B9979739F9C5FD7CF2087C2DCBE548ADF699D2,2026-09-17T01:00:33.698302320Z,pb1k38pa6rgnepcs592n4mvr3hxucw8tslprcmlvk,pb1rrwuxd65chqed6t0c5z8z505daw0rvsveyl0eq,,,,,,,,,,,,,2026-09-18T17:49:36.417703+00:00
scope1qpgnckl8xg9yjc4xx0u3rhnp5ppq4cgg0v,D3E72B8A14E6370286961594EB00D8A4F85826C720312A88A2DD68217C704F0E,2026-09-17T01:00:29.202691502Z,pb1urn5mj5trz3m24qf8fj73udy55gla6eunt4ha4,pb1rrwuxd65chqed6t0c5z8z505daw0rvsveyl0eq,,,,,,,,,,,,,2026-09-18T17:49:36.964539+00:00
scope1qza38tn8msdyrz453ckhr23vj67szg4h3q,5D95EE0462D6978AE388DD5B4D3E93E918130D870D3924A86658F7D8842ACEA4,2026-09-17T01:00:24.865255764Z,pb1xvd4k9jg5h0d4dhzr4z0txtwe9p5zxf58xcmxd,pb1rrwuxd65chqed6t0c5z8z505daw0rvsveyl0eq,,,,,,,,,,,,,2026-09-18T17:49:37.513861+00:00
scope1qrwvdu6arpf5gca8yrqstyk28jks3w3nlt,DE634428FE805AF62D6AA08313995DC5FA0704EAAB20165D66D82DA5E2E0BDE8,2026-09-17T01:00:20.627613774Z,pb1xvd4k9jg5h0d4dhzr4z0txtwe9p5zxf58xcmxd,pb1rrwuxd65chqed6t0c5z8z505daw0rvsveyl0eq,,,,,,,,,,,,,2026-09-18T17:49:38.639022+00:00
scope1qzfsnm7t5nlyg3yf0xwekzddvx6q02dtmr,1BF9BE8BB660446F487E1E491BB9F86562F652FA8D35926673875C4896E311FD,2026-09-17T01:00:20.627613774Z,pb1kx5k0nr068xhxgcmnzzef9523cxdcexlm3r29w,pb1rrwuxd65chqed6t0c5z8z505daw0rvsveyl0eq,,,,,,,,,,,,,2026-09-18T17:49:38.091528+00:00
scope1qzy6tpc3ulcyg34zklpq8qrmyhyshmtx99,C3DCB8A1D99284872D79D9BDA0FA26A674E25EB29907B92827197CF680C762F3,2026-09-17T00:59:41.385549331Z,pb1xvd4k9jg5h0d4dhzr4z0txtwe9p5zxf58xcmxd,pb1rrwuxd65chqed6t0c5z8z505daw0rvsveyl0eq,,,,,,,,,,,,,2026-09-18T17:49:39.180414+00:00
scope1qrme7yevusfy035lltg8e99pmg3sx5yx8p,249683EEB3E147FB5B7C0797EB7AE80EB03D2EC28F9EE40000E50E7FA277383A,2026-09-17T00:56:09.796020090Z,pb1xvd4k9jg5h0d4dhzr4z0txtwe9p5zxf58xcmxd,pb1rrwuxd65chqed6t0c5z8z505daw0rvsveyl0eq,,,,,,,,,,,,,2026-09-18T17:49:39.739773+00:00
scope1qqukx8zwp66y4t9w4599jcaznqaqy5p5dn,298B8911ECAF0E0BC9B6F04CA36AE4A70B7AC83B3F16A699B6455717482831E3,2026-09-17T00:55:26.083104725Z,pb1kx5k0nr068xhxgcmnzzef9523cxdcexlm3r29w,pb1rrwuxd65chqed6t0c5z8z505daw0rvsveyl0eq,,,,,,,,,,,,,2026-09-18T17:49:40.294604+00:00
scope1qpal4r65rz05n79dfczmmwhurr2ss7njdv,B3D3DD2618691CD76D5BAC245429F712828FDA7A3555CDE0E467695AAB0E845A,2026-09-17T00:55:21.707057215Z,pb1kx5k0nr068xhxgcmnzzef9523cxdcexlm3r29w,pb1rrwuxd65chqed6t0c5z8z505daw0rvsveyl0eq,,,,,,,,,,,,,2026-09-18T17:49:40.851072+00:00
scope1qpp9tuw8dcf54aawn776ryq63adsr2kgec,77DDA21A089A2FD952909352E07E4F36430B752FA15CDFD4161277D0CEDF095C,2026-09-17T00:50:22.844891706Z,pb1xvd4k9jg5h0d4dhzr4z0txtwe9p5zxf58xcmxd,pb1rrwuxd65chqed6t0c5z8z505daw0rvsveyl0eq,,,,,,,,,,,,,2026-09-18T17:49:41.398066+00:00
scope1qqe3c8nqzacyl894glfu7pdfanvqkw0pu3,C8CB2E78D4BBB3E3A79B111F66FDC72A5754CB531D5F4931EFB32A05936E8178,2026-09-17T00:50:18.364343325Z,pb1xvd4k9jg5h0d4dhzr4z0txtwe9p5zxf58xcmxd,pb1rrwuxd65chqed6t0c5z8z505daw0rvsveyl0eq,,,,,,,,,,,,,2026-09-18T17:49:42.507511+00:00
scope1qztythkpmv9y5pydyzt02tnwww7qxlmt90,6E0E5C573898F0E201690DE9C5A4F55D0BAB18670BA3B43C142F198FDD13F13F,2026-09-17T00:50:18.364343325Z,pb1k38pa6rgnepcs592n4mvr3hxucw8tslprcmlvk,pb1rrwuxd65chqed6t0c5z8z505daw0rvsveyl0eq,,,,,,,,,,,,,2026-09-18T17:49:41.947991+00:00
scope1qrd3q07gfc85kd9aa3tzqexal8rq905yt5,21DFFDD536AA608190429370B8CC056117EFBD4F167A79F63DAB72737B449F3E,2026-09-17T00:45:25.108592501Z,pb1kx5k0nr068xhxgcmnzzef9523cxdcexlm3r29w,pb1rrwuxd65chqed6t0c5z8z505daw0rvsveyl0eq,,,,,,,,,,,,,2026-09-18T17:49:43.067193+00:00
scope1qq3a3qz7ywg54942uccwklx4wcus355m6v,33C7E60C556C7D517DDE5C55329E4A2F7E2B29A41C8DD803B8F79CD4EBD04D0E,2026-09-17T00:45:20.790501474Z,pb1kx5k0nr068xhxgcmnzzef9523cxdcexlm3r29w,pb1rrwuxd65chqed6t0c5z8z505daw0rvsveyl0eq,,,,,,,,,,,,,2026-09-18T17:49:44.196466+00:00
scope1qqfaf7qqlc854juv6duv2fufmgxsfj88w8,DB5B8CDD2E9C3FF87AE3107FEFFFEDFBDF847B8262B692348049B6E1BEE1F464,2026-09-17T00:45:20.790501474Z,pb1xvd4k9jg5h0d4dhzr4z0txtwe9p5zxf58xcmxd,pb1rrwuxd65chqed6t0c5z8z505daw0rvsveyl0eq,,,,,,,,,,,,,2026-09-18T17:49:43.640737+00:00
scope1qpfspefcgyv5s5uamzf6gru00dyqv0p4ea,9BDD5F6184ED0D51E434A76C4B171C0444C699295CE5F6A9BE109E154DE25B14,2026-09-17T00:40:46.563012585Z,pb1awn7unm6pv3rd9s0wzg4vje357dn3pn8ua530c,pb1rrwuxd65chqed6t0c5z8z505daw0rvsveyl0eq,,,,,,,,,,,,,2026-09-18T17:49:44.756924+00:00
scope1qrrvnxmscrj5ltvsyupnl7l2h87q0vn6sj,F827A2E9C8F16AC447EA6EFB75EE9E5AB4307B71524067800DA704967685DDCE,2026-09-17T00:40:37.802403379Z,pb1xvd4k9jg5h0d4dhzr4z0txtwe9p5zxf58xcmxd,pb1rrwuxd65chqed6t0c5z8z505daw0rvsveyl0eq,,,,,,,,,,,,,2026-09-18T17:49:45.312378+00:00
scope1qr9jq4p278p5mndy3wncnx74wf9qf9fcu7,672928D0DC126D2D72AC60A80EB1543C873ACE58E31EE5A836A7E4DECEEC32E7,2026-09-17T00:40:20.734390123Z,pb16j3hxhr0m56h9u9ptdtz2qpmtd7333f77h64m6,pb1rrwuxd65chqed6t0c5z8z505daw0rvsveyl0eq,,,,,,,,,,,,,2026-09-18T17:49:45.858896+00:00
scope1qzz56lvrxep5pw9ck8nmldu02vzqe2ltru,4B3A905FA8BD99A1AD84771C7D3C48CB032BF3CC3CBB81D1AC1816888BF3031E,2026-09-17T00:36:38.945717057Z,pb1kx5k0nr068xhxgcmnzzef9523cxdcexlm3r29w,pb1rrwuxd65chqed6t0c5z8z505daw0rvsveyl0eq,,,,,,,,,,,,,2026-09-18T17:49:46.424164+00:00
scope1qr6cf837zez5s55ka0f4sscqmlks3yec8u,4B893E537D43D709774428104539EDC5A06B8D58AE070EAA7328C068378B6C39,2026-09-17T00:35:37.913697521Z,pb16j3hxhr0m56h9u9ptdtz2qpmtd7333f77h64m6,pb1rrwuxd65chqed6t0c5z8z505daw0rvsveyl0eq,,,,,,,,,,,,,2026-09-18T17:49:47.513258+00:00
scope1qpdq7a3m3hlykm9um9vk2mr9nqgqm3xkkl,166E38F27CF2CB7F4B008A24D36C9BDD409AB45046E60CF53EAFB54BC2D156C9,2026-09-17T00:35:37.913697521Z,pb1kx5k0nr068xhxgcmnzzef9523cxdcexlm3r29w,pb1rrwuxd65chqed6t0c5z8z505daw0rvsveyl0eq,,,,,,,,,,,,,2026-09-18T17:49:46.966285+00:00
scope1qpefknr6l9jynm5f39a2eehz08ps7wsx6f,ECD722451FDE3D92E1F66789910D1FA072E3BC3086E3B0886A5F927D7B032022,2026-09-17T00:35:25.114957070Z,pb1xvd4k9jg5h0d4dhzr4z0txtwe9p5zxf58xcmxd,pb1rrwuxd65chqed6t0c5z8z505daw0rvsveyl0eq,,,,,,,,,,,,,2026-09-18T17:49:53.425615+00:00
scope1qq7a5p4w322ydcyjghgvvmfj9lks2krpqa,23FA7664DA217B7048A8D25F4CECB89DD90A587A418DEBE4BAF0D8A23BEFAA4C,2026-09-17T00:35:20.743920872Z,pb1k38pa6rgnepcs592n4mvr3hxucw8tslprcmlvk,pb1rrwuxd65chqed6t0c5z8z505daw0rvsveyl0eq,,,,,,,,,,,,,2026-09-18T17:49:54.530935+00:00
scope1qzw8khttwv85xzvf3gn82c3tj3ds3jjh55,E6FC51328BC3068EA04B6C8114370C30E53346A870ACB93C3B590E38A844C11E,2026-09-17T00:35:20.743920872Z,pb1kx5k0nr068xhxgcmnzzef9523cxdcexlm3r29w,pb1rrwuxd65chqed6t0c5z8z505daw0rvsveyl0eq,,,,,,,,,,,,,2026-09-18T17:49:53.989338+00:00
scope1qrgndvl2mp05w9a9hw7fsk2z3ffstv0ea4,A372BF1449D34324B83DA3DC6477BD1A057807A19AC5047C5285EC8BEBF458C9,2026-09-17T00:33:41.016650292Z,pb1xvd4k9jg5h0d4dhzr4z0txtwe9p5zxf58xcmxd,pb1rrwuxd65chqed6t0c5z8z505daw0rvsveyl0eq,,,,,,,,,,,,,2026-09-18T17:49:55.079641+00:00
scope1qz0c6gpxc20ypcdz5wmvyg4su2vqqtyd42,18537B0E697397F4CE4A563682FE756670098057ECAA5053F8015712FACB020F,2026-09-17T00:30:43.523339029Z,pb1qjxvmds5pwjt3zursu967phrlf29ndtqr82r4e,pb1rrwuxd65chqed6t0c5z8z505daw0rvsveyl0eq,,,,,,,,,,,,,2026-09-18T17:49:55.625649+00:00
scope1qzhngxph86tyegunjxmjdsmzje6q5dqutx,D1E5AEE8A0B984ABB43B81F62B073767724826A8A9DFFBDFA781830C5EB0CB30,2026-09-17T00:30:39.199092513Z,pb1xvd4k9jg5h0d4dhzr4z0txtwe9p5zxf58xcmxd,pb1rrwuxd65chqed6t0c5z8z505daw0rvsveyl0eq,,,,,,,,,,,,,2026-09-18T17:49:56.164098+00:00
scope1qz3cunza5vzyv9a6ywfvy94mrp3sd7v4s9,0BE74025E3480EDAD70851C4B89A66056A47E6F4E69AFAF631F34522C8592890,2026-09-17T00:30:30.442728781Z,pb13knswfs6ack05wveq5nua7jgc5jnld3zg8xl52,pb1rrwuxd65chqed6t0c5z8z505daw0rvsveyl0eq,,,,,,,,,,,,,2026-09-18T17:49:57.829641+00:00
scope1qzdrnsc6jkf5u8vy657eq06z72lseh0t0v,897E5403537984E69C2220FC4FDAC724F278D3F2A074B4473A8F27597A64DA04,2026-09-17T00:30:30.442728781Z,pb1kx5k0nr068xhxgcmnzzef9523cxdcexlm3r29w,pb1rrwuxd65chqed6t0c5z8z505daw0rvsveyl0eq,,,,,,,,,,,,,2026-09-18T17:49:57.270157+00:00
scope1qzwyjy4rl5z53wu23ga9vwxucj7qm0ww2c,F04C9DFDF2EAE5C79718167A5F0C776BB0C3165D6189D3977BC8749D5E2CFF9E,2026-09-17T00:30:30.442728781Z,pb14ep8k6jtc338c00t9khyrydpw7vywagdzqntwz,pb1rrwuxd65chqed6t0c5z8z505daw0rvsveyl0eq,,,,,,,,,,,,,2026-09-18T17:49:56.715588+00:00
scope1qzr9wcmfrnw5n29atjkaq7za8wass0tpvc,D5F486879715765019BA76B1E5E751445BFB37EF3310A476EEC58090BC3C8364,2026-09-17T00:30:26.054348755Z,pb1qqzphpm5wlnere7ctv65zef82vgfjq2vppvefg,pb1rrwuxd65chqed6t0c5z8z505daw0rvsveyl0eq,,,,,,,,,,,,,2026-09-18T17:49:58.378059+00:00
scope1qr7gddyl3mdy6fau5sl5levy7eksuq7gzj,DEC39A606DF544AD415BB2D530E82B8CF2F120D459B45FC7DE394DF9FD56E569,2026-09-17T00:25:22.392845494Z,pb1k38pa6rgnepcs592n4mvr3hxucw8tslprcmlvk,pb1rrwuxd65chqed6t0c5z8z505daw0rvsveyl0eq,,,,,,,,,,,,,2026-09-18T17:49:58.944540+00:00
scope1qp5vxuxe98cy3lu5zff6ygrwzyxq5956s5,A75386D082414ECC0B8355A0E6FDE3774CB9AF66DE73F9708FA2E7CD19BE61CF,2026-09-17T00:24:34.600900849Z,pb1xvd4k9jg5h0d4dhzr4z0txtwe9p5zxf58xcmxd,pb1rrwuxd65chqed6t0c5z8z505daw0rvsveyl0eq,,,,,,,,,,,,,2026-09-18T17:49:59.498107+00:00
scope1qq34ug73a205fxawf3a9ky6z78jslsth9m,B80DCA0802FB624BCC6036EA5A0BFAEDB668C2E2C1FB6EF6B025FA556C023238,2026-09-17T00:20:58.386704497Z,pb13knswfs6ack05wveq5nua7jgc5jnld3zg8xl52,pb1rrwuxd65chqed6t0c5z8z505daw0rvsveyl0eq,,,,,,,,,,,,,2026-09-18T17:50:00.050148+00:00
scope1qqvynn9cljr5mpup3hzlg89vnluqajypj3,9862E19A6AEDC583B1B8410C097B83E3E55AAD3924BAF1B3CBF96761F80AE3EF,2026-09-17T00:20:53.849271758Z,pb13knswfs6ack05wveq5nua7jgc5jnld3zg8xl52,pb1rrwuxd65chqed6t0c5z8z505daw0rvsveyl0eq,,,,,,,,,,,,,2026-09-18T17:50:00.606956+00:00
scope1qqhmnql7t985deddr9zm9suys26sxwter9,167E6E56B6D00FC8FED50FAB1D8BE7AEE26DAFD9A0F5CBFC93184A85E69F42B7,2026-09-17T00:20:49.510395449Z,pb1fmxzuzx5c4ja50vu94nt0aessnuedzmppde8qr,pb1rrwuxd65chqed6t0c5z8z505daw0rvsveyl0eq,,,,,,,,,,,,,2026-09-18T17:50:01.153970+00:00
scope1qr34w29h2qmygyy3w8cq88atewxqxy5q9k,E27A95DE565BCEF1EBE9B15E3892DB0F6C4694A4132023A7C9F4BD6E987E8AE3,2026-09-17T00:20:40.629773257Z,pb1xvd4k9jg5h0d4dhzr4z0txtwe9p5zxf58xcmxd,pb1rrwuxd65chqed6t0c5z8z505daw0rvsveyl0eq,,,,,,,,,,,,,2026-09-18T17:50:01.713683+00:00
scope1qqasl90grq058yayvs3yyzul0pdqmtlvtf,4E1C8A43F5EFE80409A14CE0B7EFE1B45909D868A73FACCE7A7FC84326967403,2026-09-17T00:20:31.774584443Z,pb1kx5k0nr068xhxgcmnzzef9523cxdcexlm3r29w,pb1rrwuxd65chqed6t0c5z8z505daw0rvsveyl0eq,,,,,,,,,,,,,2026-09-18T17:50:02.257888+00:00
scope1qpr8ea28xa8yj5uelqyzcfmtjg0qwnzayr,AFAA49754D6FA37D43C4762E38910484DA24313EE7AC14B3DBD71D64C1A71BA7,2026-09-17T00:20:27.362648903Z,pb13knswfs6ack05wveq5nua7jgc5jnld3zg8xl52,pb1rrwuxd65chqed6t0c5z8z505daw0rvsveyl0eq,,,,,,,,,,,,,2026-09-18T17:50:02.814411+00:00
scope1qz2d9lags59ykdaf0q2jwgz5xcqsz6xvv2,E21121E5469F21775DC8DF7FD36C5E55090FBBF708F2C2FFF735067B44328BF0,2026-09-17T00:20:18.761051166Z,pb1xvd4k9jg5h0d4dhzr4z0txtwe9p5zxf58xcmxd,pb1rrwuxd65chqed6t0c5z8z505daw0rvsveyl0eq,,,,,,,,,,,,,2026-09-18T17:50:03.370581+00:00
scope1qplq4tz8e8fyxvvr8kdaxnl0qvuq8wn65q,3BD92713B56E95B7B780FFA9B120A713584E3A34F6FD5D5933644E379B3E71AF,2026-09-17T00:19:48.535643383Z,pb1xvd4k9jg5h0d4dhzr4z0txtwe9p5zxf58xcmxd,pb1rrwuxd65chqed6t0c5z8z505daw0rvsveyl0eq,,,,,,,,,,,,,2026-09-18T17:50:03.907761+00:00
scope1qzfm0sp0uzty0tdkhl8lcc8dhnrssr2fxv,80402A800F98E2FF149A79C09E47FCA3D3BA05F190012063762CAB496DC962E0,2026-09-17T00:15:42.219365012Z,pb13knswfs6ack05wveq5nua7jgc5jnld3zg8xl52,pb1rrwuxd65chqed6t0c5z8z505daw0rvsveyl0eq,,,,,,,,,,,,,2026-09-18T17:50:04.458026+00:00
scope1qphunrraxvkyzv5aqv0u3wlmhdeq6z2f44,BAF350B6D68D5FCF02AAAB4225BEA77B8CF19D51048EAF4053461FF79E2CA0A5,2026-09-17T00:15:33.538428617Z,pb1mlw6hrg0fx79txuzq6frj2vms8gvxntep75f67,pb1rrwuxd65chqed6t0c5z8z505daw0rvsveyl0eq,,,,,,,,,,,,,2026-09-18T17:50:05.008074+00:00
scope1qp5pup06skd5jzy08nu5avdcej2qw8dkfr,E51C3D45C0B4D4F95FB193498044EBB6182F3807DCFE420CF90E02414BCA0360,2026-09-17T00:15:29.227448962Z,pb14ep8k6jtc338c00t9khyrydpw7vywagdzqntwz,pb1rrwuxd65chqed6t0c5z8z505daw0rvsveyl0eq,,,,,,,,,,,,,2026-09-18T17:50:05.559921+00:00
scope1qpzaqlrzmvj550yw4w4zz09rz5ys8qjyfx,7A75EA806E4BD8117C15E6BF5BED9D95BBA93A69B38645DD9B32BB8339DE05A9,2026-09-17T00:15:24.890602070Z,pb13knswfs6ack05wveq5nua7jgc5jnld3zg8xl52,pb1rrwuxd65chqed6t0c5z8z505daw0rvsveyl0eq,,,,,,,,,,,,,2026-09-18T17:50:06.117552+00:00
scope1qzgmv86urcqynsd03crpakt9zhrsdh9q9s,7781DA9CCE930EED8F5375FB9F4B983D06138CC1147FAAB19EDBD941C8A03667,2026-09-17T00:14:19.478706270Z,pb1xvd4k9jg5h0d4dhzr4z0txtwe9p5zxf58xcmxd,pb1rrwuxd65chqed6t0c5z8z505daw0rvsveyl0eq,,,,,,,,,,,,,2026-09-18T17:50:06.671358+00:00
scope1qp9up9mvexhymnygms8dxpa66lnqjsp389,EDCA0F318D385D5C3E9B6E80437980A20829FFBEF94FC87071AA0588A76E06B9,2026-09-17T00:10:47.485380717Z,pb1fmxzuzx5c4ja50vu94nt0aessnuedzmppde8qr,pb1rrwuxd65chqed6t0c5z8z505daw0rvsveyl0eq,,,,,,,,,,,,,2026-09-18T17:50:07.229117+00:00
scope1qrnm644e4z0ykzycup4004trc4aq8xsyav,DA964999F9466BC548B13A8E813B7DCF15A323EF93EAA342393841B049910F25,2026-09-17T00:10:34.216072204Z,pb13knswfs6ack05wveq5nua7jgc5jnld3zg8xl52,pb1rrwuxd65chqed6t0c5z8z505daw0rvsveyl0eq,,,,,,,,,,,,,2026-09-18T17:50:07.788465+00:00
scope1qz5myvk4yv95rp4pswauapkw0mhsfw0c2g,DA964999F9466BC548B13A8E813B7DCF15A323EF93EAA342393841B049910F25,2026-09-17T00:10:34.216072204Z,pb13knswfs6ack05wveq5nua7jgc5jnld3zg8xl52,pb1rrwuxd65chqed6t0c5z8z505daw0rvsveyl0eq,,,,,,,,,,,,,2026-09-18T17:50:07.788353+00:00
scope1qr2rdk9uq8ty7hu4hklj5l3505nswknwlp,513D6CF9495985EC62B07F52CCFE24DFE3377CD13EAE0C6CADF674A5858E88C3,2026-09-17T00:10:21.347691020Z,pb1xvd4k9jg5h0d4dhzr4z0txtwe9p5zxf58xcmxd,pb1rrwuxd65chqed6t0c5z8z505daw0rvsveyl0eq,,,,,,,,,,,,,2026-09-18T17:50:08.342552+00:00
scope1qruts092ts4542u8re8w8eha8ursv9r4ec,D2859804E72B25A644B1DD8A2FF74A6A7C0D7D1D30342B52C5A8F1324708ACB8,2026-09-17T00:10:17.056887114Z,pb13knswfs6ack05wveq5nua7jgc5jnld3zg8xl52,pb1rrwuxd65chqed6t0c5z8z505daw0rvsveyl0eq,,,,,,,,,,,,,2026-09-18T17:50:08.890045+00:00
scope1qp95nhe4033ysdy87yzky28p2y4qvg2chf,7BCE551070F289B37B2C2BA97349D72D1AC14D0151A78C5414973D5F2913310D,2026-09-17T00:08:15.419760733Z,pb1xvd4k9jg5h0d4dhzr4z0txtwe9p5zxf58xcmxd,pb1rrwuxd65chqed6t0c5z8z505daw0rvsveyl0eq,,,,,,,,,,,,,2026-09-18T17:50:09.444711+00:00
scope1qp9e6efccj7ys9yaqufym4u4srsqqufygn,922500B64744C7886409735603494E3A5F5454767A5A6FDA5A300C933A7A6198,2026-09-17T00:05:39.498110040Z,pb1xvd4k9jg5h0d4dhzr4z0txtwe9p5zxf58xcmxd,pb1rrwuxd65chqed6t0c5z8z505daw0rvsveyl0eq,,,,,,,,,,,,,2026-09-18T17:50:10.008200+00:00
scope1qz5ly7nesh35dya8g32x7prhepaquvex7w,974C22CB1F7AF325E3FF67BD348627D8FCA3032C098D6188CAE4BED9748D1295,2026-09-17T00:05:35.158013452Z,pb1xvd4k9jg5h0d4dhzr4z0txtwe9p5zxf58xcmxd,pb1rrwuxd65chqed6t0c5z8z505daw0rvsveyl0eq,,,,,,,,,,,,,2026-09-18T17:50:11.100174+00:00
scope1qrpgk980vvty6nawewe6jrw2g6tskyuw6u,BEB9A6D5CA857CB4F261D17EFC3A0FCE17FB0B7538B51625AD7AF5D55A8EC362,2026-09-17T00:05:35.158013452Z,pb13knswfs6ack05wveq5nua7jgc5jnld3zg8xl52,pb1rrwuxd65chqed6t0c5z8z505daw0rvsveyl0eq,,,,,,,,,,,,,2026-09-18T17:50:10.551035+00:00
scope1qp2q2tew7f0yccvnkj8yffzsd28qspa727,A8CA386DD6AD0B52E560AA553ACCE6E6B5395954FC0A8C119AFFAB714A829C9F,2026-09-17T00:05:26.415563314Z,pb13knswfs6ack05wveq5nua7jgc5jnld3zg8xl52,pb1rrwuxd65chqed6t0c5z8z505daw0rvsveyl0eq,,,,,,,,,,,,,2026-09-18T17:50:11.659147+00:00
scope1qzeetvhuc0q55794gspfhpf5yajq5r28qf,D4D79B9AEBF5B8B3BD618EB8B0EFEE74F23339F26CFFA8453454ABB2A101BD25,2026-09-17T00:05:22.105175769Z,pb1kx5k0nr068xhxgcmnzzef9523cxdcexlm3r29w,pb1rrwuxd65chqed6t0c5z8z505daw0rvsveyl0eq,,,,,,,,,,,,,2026-09-18T17:50:12.210299+00:00
scope1qzx7ldnlr5s5cxa35l97es5zggmsja5ad0,2F8CB7496DAC3F952055FBB12320E4C6F088048E3D8C4B33A9A820A3D0988400,2026-09-17T00:01:49.087064378Z,pb1xvd4k9jg5h0d4dhzr4z0txtwe9p5zxf58xcmxd,pb1rrwuxd65chqed6t0c5z8z505daw0rvsveyl0eq,,,,,,,,,,,,,2026-09-18T17:50:12.757037+00:00
scope1qp6y54xnyz7y75yvxd9wj4ukspsqhe8465,55DD227D91329BC5C43027BCB9AD0B7778B01F2B5318E252BA2A791AA446C1C7,2026-09-17T00:00:27.411064749Z,pb1kx5k0nr068xhxgcmnzzef9523cxdcexlm3r29w,pb1rrwuxd65chqed6t0c5z8z505daw0rvsveyl0eq,,,,,,,,,,,,,2026-09-18T17:50:13.326996+00:00
scope1qz3ed5fh0jmy2pdn7zcr0rhtypksg9ayht,A1335CB6EE8117C39F5EE8653C188DC039997C938DACE166FF4F85B8BBD63371,2026-09-17T00:00:18.753283764Z,pb1kx5k0nr068xhxgcmnzzef9523cxdcexlm3r29w,pb1rrwuxd65chqed6t0c5z8z505daw0rvsveyl0eq,,,,,,,,,,,,,2026-09-18T17:50:13.892101+00:00
scope1qz2unznzy68548vwgzjgecz4p85qwselka,F530DB8BFF33D583D1FF45593CB728451B0093129CB8FAC213D631C07AC6E4A3,2026-09-14T23:58:19.605717585Z,pb17e03lfm0sxjkf860l4n2j2h5yh4s9etq5l9laq,pb1rrwuxd65chqed6t0c5z8z505daw0rvsveyl0eq,com.figure.los.contract.origination.RecordPropertyLoanContract,HELOC/Property-Secured,125028000.0,7.6,figure-servicing-1-0,1,0,0,0.0,PAYMENT_FREQUENCY_MONTHLY,DAY_COUNT_CONVENTION_ACTUAL_ACTUAL,INTEREST_ACCRUAL_METHOD_SIMPLE_INTEREST,2026-09-15T02:47:00.492268+00:00
scope1qrc8hsqwshe52m5wzvd7jt33g6tqwmkkky,B17E9ECA8EB1607C61464B77B87452E0D86B9D4CAB3A6EB2CE68FF3C7DAD5F2F,2026-09-14T23:55:46.854484370Z,pb150y6qkszzccf4gapvywe6lvaaraant8acjk6t4,pb1rrwuxd65chqed6t0c5z8z505daw0rvsveyl0eq,com.figure.los.contract.origination.RecordPropertyLoanContract,HELOC/Property-Secured,,8.9,figure-servicing-1-0,1,0,0,0.0,PAYMENT_FREQUENCY_MONTHLY,DAY_COUNT_CONVENTION_ACTUAL_ACTUAL,INTEREST_ACCRUAL_METHOD_SIMPLE_INTEREST,2026-09-15T02:47:01.047936+00:00
scope1qrzessae8pyyfd4807ahcjy9nzhqnr8e0c,83370777A6D0A7743F838B4B94E5C39741AB2DB5E9F7919B0D03222460C5430C,2026-09-14T23:55:33.696838166Z,pb1xvd4k9jg5h0d4dhzr4z0txtwe9p5zxf58xcmxd,pb1rrwuxd65chqed6t0c5z8z505daw0rvsveyl0eq,com.figure.los.contract.origination.RecordPropertyLoanContract,HELOC/Property-Secured,,13.8,figure-servicing-1-0,1,0,0,0.0,PAYMENT_FREQUENCY_MONTHLY,DAY_COUNT_CONVENTION_ACTUAL_ACTUAL,INTEREST_ACCRUAL_METHOD_SIMPLE_INTEREST,2026-09-15T02:47:02.158851+00:00
scope1qr3eknthvsfylfa7m89jtjc6qq5quc3mcq,446A8CE5CF1442B90D5B7CF485701F0244F0C30C21B17AC975D7724F3540848B,2026-09-14T23:55:33.696838166Z,pb1mlw6hrg0fx79txuzq6frj2vms8gvxntep75f67,pb1rrwuxd65chqed6t0c5z8z505daw0rvsveyl0eq,com.figure.los.contract.origination.RecordPropertyLoanContract,HELOC/Property-Secured,,6.45,figure-servicing-1-0,1,0,0,0.0,PAYMENT_FREQUENCY_MONTHLY,DAY_COUNT_CONVENTION_ACTUAL_ACTUAL,INTEREST_ACCRUAL_METHOD_SIMPLE_INTEREST,2026-09-15T02:47:01.599727+00:00
scope1qp5g7v7mxjc5g844x56d244zpewqvhack5,EB0B4F4A7EFB9500987AAAD5779ED1E43949B38D359322138E74E5EC41AF470E,2026-09-14T23:55:29.173114254Z,pb13knswfs6ack05wveq5nua7jgc5jnld3zg8xl52,pb1rrwuxd65chqed6t0c5z8z505daw0rvsveyl0eq,com.figure.los.contract.origination.RecordPropertyLoanContract,HELOC/Property-Secured,,13.15,figure-servicing-1-0,1,0,0,0.0,PAYMENT_FREQUENCY_MONTHLY,DAY_COUNT_CONVENTION_ACTUAL_ACTUAL,INTEREST_ACCRUAL_METHOD_SIMPLE_INTEREST,2026-09-15T02:47:03.282759+00:00
scope1qr4zpal92qpyuq49hsa85q9ly54q3uqlzd,522A5C608D10A4DFF0CECFCB3A8433E523FE329ADE1D40596EACC11874A05C26,2026-09-14T23:55:29.173114254Z,pb1xvd4k9jg5h0d4dhzr4z0txtwe9p5zxf58xcmxd,pb1rrwuxd65chqed6t0c5z8z505daw0rvsveyl0eq,com.figure.los.contract.origination.RecordPropertyLoanContract,HELOC/Property-Secured,,8.95,figure-servicing-1-0,1,0,0,0.0,PAYMENT_FREQUENCY_MONTHLY,DAY_COUNT_CONVENTION_ACTUAL_ACTUAL,INTEREST_ACCRUAL_METHOD_SIMPLE_INTEREST,2026-09-15T02:47:02.726929+00:00
scope1qp87zw22tvn5vyutddgrrqxr83jqnsn9ul,87B11C42E387EC353D3748F7B515AD739617F9A1C46A2B79219485609581A059,2026-09-14T23:53:53.781356736Z,pb1kx5k0nr068xhxgcmnzzef9523cxdcexlm3r29w,pb1rrwuxd65chqed6t0c5z8z505daw0rvsveyl0eq,com.figure.los.contract.origination.RecordPropertyLoanContract,HELOC/Property-Secured,199999220.0,8.05,figure-servicing-1-0,1,0,0,0.0,PAYMENT_FREQUENCY_MONTHLY,DAY_COUNT_CONVENTION_ACTUAL_ACTUAL,INTEREST_ACCRUAL_METHOD_SIMPLE_INTEREST,2026-09-15T02:47:03.837575+00:00
scope1qph9n9uhyth5hd553xkfk72f2nxq6mw5dl,2442F62ADF5BB17FCA3F90E20DDD1BD24966846D98A868D8C9DFB6658EE0A0DB,2026-09-14T23:50:47.710079342Z,pb12dyqf6zh3g8tqvk5hp8mqavj75700yy04xud59,pb1rrwuxd65chqed6t0c5z8z505daw0rvsveyl0eq,com.figure.los.contract.origination.RecordPropertyLoanContract,HELOC/Property-Secured,84990060.0,7.6,figure-servicing-1-0,1,0,0,0.0,PAYMENT_FREQUENCY_MONTHLY,DAY_COUNT_CONVENTION_ACTUAL_ACTUAL,INTEREST_ACCRUAL_METHOD_SIMPLE_INTEREST,2026-09-15T02:47:04.948939+00:00
scope1qr6vr97cpgr5uy42qrt8t6vcyv2spl9h2w,5EAA14A7AB2161F5CB78C07538C9D6B311846418375A0687305A028BE0EAB754,2026-09-14T23:50:47.710079342Z,pb1xvd4k9jg5h0d4dhzr4z0txtwe9p5zxf58xcmxd,pb1rrwuxd65chqed6t0c5z8z505daw0rvsveyl0eq,com.figure.los.contract.origination.RecordLoanContract,Consumer/Unsecured,2000000.0,7.25,figure-servicing-1-0,1,0,0,0.0,PAYMENT_FREQUENCY_MONTHLY,DAY_COUNT_CONVENTION_ACTUAL_ACTUAL,INTEREST_ACCRUAL_METHOD_SIMPLE_INTEREST,2026-09-15T02:47:04.388172+00:00
scope1qzhhnuu3v3z59fam5k8z9upvfdgqv27sp2,5CC2D68673291D8FD49609F903BA8ADFD893FC42CB6C1047964CA2AA916F30D1,2026-09-14T23:50:30.280021522Z,pb1yanv2m82r4j90len04gf8hftqgelhtu885ekw8,pb1rrwuxd65chqed6t0c5z8z505daw0rvsveyl0eq,com.figure.los.contract.origination.RecordPropertyLoanContract,HELOC/Property-Secured,,8.6,figure-servicing-1-0,1,0,0,0.0,PAYMENT_FREQUENCY_MONTHLY,DAY_COUNT_CONVENTION_ACTUAL_ACTUAL,INTEREST_ACCRUAL_METHOD_SIMPLE_INTEREST,2026-09-15T02:47:05.503850+00:00
scope1qzfk2svhs6my9td2dcfe5lfz5a6qv3zpt8,AC859E0924702EDC989635993B8FE85C61F51545B60198F24CE73D576F2A52E4,2026-09-14T23:50:21.710040403Z,pb1kx5k0nr068xhxgcmnzzef9523cxdcexlm3r29w,pb1rrwuxd65chqed6t0c5z8z505daw0rvsveyl0eq,com.figure.los.contract.origination.RecordPropertyLoanContract,HELOC/Property-Secured,,8.05,figure-servicing-1-0,1,0,0,0.0,PAYMENT_FREQUENCY_MONTHLY,DAY_COUNT_CONVENTION_ACTUAL_ACTUAL,INTEREST_ACCRUAL_METHOD_SIMPLE_INTEREST,2026-09-15T02:47:06.053917+00:00
scope1qp9cxzddfhqyr79eaftw3hzxsupqpezzsz,9765E1E49A0C3800A8108DB3CBB9B8BA98FBF0B4653137DB1859E2F5EDB23952,2026-09-14T23:50:17.462488642Z,pb1xvd4k9jg5h0d4dhzr4z0txtwe9p5zxf58xcmxd,pb1rrwuxd65chqed6t0c5z8z505daw0rvsveyl0eq,com.figure.los.contract.origination.RecordPropertyLoanContract,HELOC/Property-Secured,,10.35,figure-servicing-1-0,1,0,0,0.0,PAYMENT_FREQUENCY_MONTHLY,DAY_COUNT_CONVENTION_ACTUAL_ACTUAL,INTEREST_ACCRUAL_METHOD_SIMPLE_INTEREST,2026-09-15T02:47:06.607428+00:00
scope1qrmywtkgds2ycd5hsj04907vjwrqxx7aem,62F45506125D2A6BBC886FC623435F5CE6250032D7BC845D4282C279A2888646,2026-09-14T23:47:35.876330865Z,pb109v8r0nk4du3k7vw3yf5dt8cjnhp9dtmaqahaa,pb1rrwuxd65chqed6t0c5z8z505daw0rvsveyl0eq,com.figure.los.contract.origination.RecordPropertyLoanContract,HELOC/Property-Secured,82137990.0,9.95,figure-servicing-1-0,1,0,0,0.0,PAYMENT_FREQUENCY_MONTHLY,DAY_COUNT_CONVENTION_ACTUAL_ACTUAL,INTEREST_ACCRUAL_METHOD_SIMPLE_INTEREST,2026-09-15T02:47:07.212567+00:00
scope1qpl0sm28tpqydndxpm43cmedt78qv25n4j,1FC354E8F100E320F024AEAA2BA37CFCD914248486D38895A680C75C0C0A9F35,2026-09-14T23:45:51.557275129Z,pb1xvd4k9jg5h0d4dhzr4z0txtwe9p5zxf58xcmxd,pb1rrwuxd65chqed6t0c5z8z505daw0rvsveyl0eq,com.figure.los.contract.origination.RecordPropertyLoanContract,HELOC/Property-Secured,,8.95,figure-servicing-1-0,1,0,0,0.0,PAYMENT_FREQUENCY_MONTHLY,DAY_COUNT_CONVENTION_ACTUAL_ACTUAL,INTEREST_ACCRUAL_METHOD_SIMPLE_INTEREST,2026-09-15T02:47:07.773538+00:00
scope1qqhndttthk65454mrujlzk83s0sqlwvxzp,9522DD329A60A37B7A834FD8E99FBFC0E860B46EFC9D0A9FB0739CAB176E1768,2026-09-14T23:45:47.297840660Z,pb1kx5k0nr068xhxgcmnzzef9523cxdcexlm3r29w,pb1rrwuxd65chqed6t0c5z8z505daw0rvsveyl0eq,com.figure.los.contract.origination.RecordPropertyLoanContract,HELOC/Property-Secured,,9.0,figure-servicing-1-0,1,0,0,0.0,PAYMENT_FREQUENCY_MONTHLY,DAY_COUNT_CONVENTION_ACTUAL_ACTUAL,INTEREST_ACCRUAL_METHOD_SIMPLE_INTEREST,2026-09-15T02:47:08.333340+00:00
scope1qrnsejtkhfe5mg5ca5ydsmg3utcql6ff2h,44E281F908580F85580B989FA6AF118CC8014E240BDDA9DB817EC64BBE458979,2026-09-14T23:45:38.389378936Z,pb1awn7unm6pv3rd9s0wzg4vje357dn3pn8ua530c,pb1rrwuxd65chqed6t0c5z8z505daw0rvsveyl0eq,com.figure.los.contract.origination.RecordPropertyLoanContract,HELOC/Property-Secured,,11.85,figure-servicing-1-0,1,0,0,0.0,PAYMENT_FREQUENCY_MONTHLY,DAY_COUNT_CONVENTION_ACTUAL_ACTUAL,INTEREST_ACCRUAL_METHOD_SIMPLE_INTEREST,2026-09-15T02:47:09.444575+00:00
scope1qzyqym3semlyz0vhxwnfnt700rzsr4urua,B5CBAF8ABF2503064DD768476BE71BA6B6A1107FE087513B4AA39CB34DF74B5B,2026-09-14T23:45:38.389378936Z,pb13knswfs6ack05wveq5nua7jgc5jnld3zg8xl52,pb1rrwuxd65chqed6t0c5z8z505daw0rvsveyl0eq,com.figure.los.contract.origination.RecordPropertyLoanContract,HELOC/Property-Secured,,10.35,figure-servicing-1-0,1,0,0,0.0,PAYMENT_FREQUENCY_MONTHLY,DAY_COUNT_CONVENTION_ACTUAL_ACTUAL,INTEREST_ACCRUAL_METHOD_SIMPLE_INTEREST,2026-09-15T02:47:08.893593+00:00
scope1qr29ma3ld2p56x9f5jjengd8kqjqz5kd8g,A557C97838D123A4555CC754A61FB7735E3B69E7918CEC62DDA54BA8C06C04A8,2026-09-14T23:45:34.106763202Z,pb1589kxggzm5sd82dzre47zpp9wjnr4fr229srtj,pb1rrwuxd65chqed6t0c5z8z505daw0rvsveyl0eq,com.figure.los.contract.origination.RecordPropertyLoanContract,HELOC/Property-Secured,,9.2,figure-servicing-1-0,1,0,0,0.0,PAYMENT_FREQUENCY_MONTHLY,DAY_COUNT_CONVENTION_ACTUAL_ACTUAL,INTEREST_ACCRUAL_METHOD_SIMPLE_INTEREST,2026-09-15T02:47:10.000360+00:00
scope1qzy6l0we8qg5tzd87h93tx3gafls2556xp,430DC716EEC1A68A6BE5CD9118DDE393D6BE3BB5DF49E233874597E20EE6F0B3,2026-09-14T23:45:29.503281220Z,pb13knswfs6ack05wveq5nua7jgc5jnld3zg8xl52,pb1rrwuxd65chqed6t0c5z8z505daw0rvsveyl0eq,com.figure.los.contract.origination.RecordPropertyLoanContract,HELOC/Property-Secured,,11.5,figure-servicing-1-0,1,0,0,0.0,PAYMENT_FREQUENCY_MONTHLY,DAY_COUNT_CONVENTION_ACTUAL_ACTUAL,INTEREST_ACCRUAL_METHOD_SIMPLE_INTEREST,2026-09-15T02:47:10.555720+00:00
scope1qr4zsajykxuyct9qu0yj8gqf3tcs9pftdz,379F33D3D9E30004EE083D2B4CF67CB180B9CD4DAA8421AF599B9BF97EAB64E2,2026-09-14T23:44:54.483655222Z,pb1xvd4k9jg5h0d4dhzr4z0txtwe9p5zxf58xcmxd,pb1rrwuxd65chqed6t0c5z8z505daw0rvsveyl0eq,com.figure.los.contract.origination.RecordLoanContract,Consumer/Unsecured,2300000.0,8.95,figure-servicing-1-0,1,0,0,0.0,PAYMENT_FREQUENCY_MONTHLY,DAY_COUNT_CONVENTION_ACTUAL_ACTUAL,INTEREST_ACCRUAL_METHOD_SIMPLE_INTEREST,2026-09-15T02:47:11.109954+00:00
scope1qp4yz5e3t9xyrjvf4q5x0tcwktgs69yl0k,8FAC28D80BD2AD2BC0C670A6036FCCB985224AAF2D8A3328CE47E089CAB0E231,2026-09-14T23:43:06.007157183Z,pb1kx5k0nr068xhxgcmnzzef9523cxdcexlm3r29w,pb1rrwuxd65chqed6t0c5z8z505daw0rvsveyl0eq,com.figure.los.contract.origination.RecordPropertyLoanContract,HELOC/Property-Secured,320491910.0,10.09,figure-servicing-1-0,1,0,0,0.0,PAYMENT_FREQUENCY_MONTHLY,DAY_COUNT_CONVENTION_ACTUAL_ACTUAL,INTEREST_ACCRUAL_METHOD_SIMPLE_INTEREST,2026-09-15T02:47:11.669863+00:00
scope1qrrwqdc63vdyxqd9r2rluqahsqkqgwkh0u,201DD5C093AAA8C3472AF65D0AC1EB6EDDD6403D0C7EACEEBF1EDBB77FFF1725,2026-09-14T23:42:35.304720680Z,pb1xvd4k9jg5h0d4dhzr4z0txtwe9p5zxf58xcmxd,pb1rrwuxd65chqed6t0c5z8z505daw0rvsveyl0eq,com.figure.los.contract.origination.RecordLoanContract,Consumer/Unsecured,2800000.0,7.15,figure-servicing-1-0,1,0,0,0.0,PAYMENT_FREQUENCY_MONTHLY,DAY_COUNT_CONVENTION_ACTUAL_ACTUAL,INTEREST_ACCRUAL_METHOD_SIMPLE_INTEREST,2026-09-15T02:47:12.230786+00:00
scope1qp03mxlgyay5j5arefu3rvljxmts996y58,AF6284ECFE38044DF6F08ECB67F75A9916457ABC02623F875B359A7B18686C16,2026-09-14T23:41:22.139354711Z,pb13knswfs6ack05wveq5nua7jgc5jnld3zg8xl52,pb1rrwuxd65chqed6t0c5z8z505daw0rvsveyl0eq,com.figure.los.contract.origination.RecordPropertyLoanContract,HELOC/Property-Secured,78909500.0,7.35,figure-servicing-1-0,1,0,0,0.0,PAYMENT_FREQUENCY_MONTHLY,DAY_COUNT_CONVENTION_ACTUAL_ACTUAL,INTEREST_ACCRUAL_METHOD_SIMPLE_INTEREST,2026-09-15T02:47:12.789715+00:00
scope1qq0vdudzusuy9aagzz40w5288lkqv0mnty,00238E0C689F7A1753F7BEFFB9C4FE357B896218EC3696FF0C546EF3C3961CC0,2026-09-14T23:40:43.082524878Z,pb1xvd4k9jg5h0d4dhzr4z0txtwe9p5zxf58xcmxd,pb1rrwuxd65chqed6t0c5z8z505daw0rvsveyl0eq,com.figure.los.contract.origination.RecordPropertyLoanContract,HELOC/Property-Secured,,12.15,figure-servicing-1-0,1,0,0,0.0,PAYMENT_FREQUENCY_MONTHLY,DAY_COUNT_CONVENTION_ACTUAL_ACTUAL,INTEREST_ACCRUAL_METHOD_SIMPLE_INTEREST,2026-09-15T02:47:13.348460+00:00
scope1qptc7rklcry5y9a0pfj7f3sp8mtszu7wcq,4AC0EB2A3983EA6D38CE87C55D1C085F6BE22F17C7454C605E9E1B1DC6FD7662,2026-09-14T23:40:38.698509735Z,pb1awn7unm6pv3rd9s0wzg4vje357dn3pn8ua530c,pb1rrwuxd65chqed6t0c5z8z505daw0rvsveyl0eq,com.figure.los.contract.origination.RecordPropertyLoanContract,HELOC/Property-Secured,,8.1,figure-servicing-1-0,1,0,0,0.0,PAYMENT_FREQUENCY_MONTHLY,DAY_COUNT_CONVENTION_ACTUAL_ACTUAL,INTEREST_ACCRUAL_METHOD_SIMPLE_INTEREST,2026-09-15T02:47:14.464657+00:00
scope1qraadwtgwf756m4020fstr2vnz5sm5wx8a,E41571B2A8F6E9EAB739163FBECC6A8498331A724B9A16FECCC55C1C3E3811B0,2026-09-14T23:40:38.698509735Z,pb1xvd4k9jg5h0d4dhzr4z0txtwe9p5zxf58xcmxd,pb1rrwuxd65chqed6t0c5z8z505daw0rvsveyl0eq,com.figure.los.contract.origination.RecordLoanContract,Consumer/Unsecured,11000000.0,10.65,figure-servicing-1-0,1,0,0,0.0,PAYMENT_FREQUENCY_MONTHLY,DAY_COUNT_CONVENTION_ACTUAL_ACTUAL,INTEREST_ACCRUAL_METHOD_SIMPLE_INTEREST,2026-09-15T02:47:13.912725+00:00
scope1qql93wls9a5yhky2eh8uqs4r84msxmxcrs,E41571B2A8F6E9EAB739163FBECC6A8498331A724B9A16FECCC55C1C3E3811B0,2026-09-14T23:40:38.698509735Z,pb1xvd4k9jg5h0d4dhzr4z0txtwe9p5zxf58xcmxd,pb1rrwuxd65chqed6t0c5z8z505daw0rvsveyl0eq,com.figure.los.contract.origination.RecordPropertyLoanContract,HELOC/Property-Secured,29422870.0,12.0,figure-servicing-1-0,1,0,0,0.0,PAYMENT_FREQUENCY_MONTHLY,DAY_COUNT_CONVENTION_ACTUAL_ACTUAL,INTEREST_ACCRUAL_METHOD_SIMPLE_INTEREST,2026-09-15T02:47:13.912715+00:00
scope1qzhqy8wq7h85qxdf52lqna2ra8nq4qmz7w,E41571B2A8F6E9EAB739163FBECC6A8498331A724B9A16FECCC55C1C3E3811B0,2026-09-14T23:40:38.698509735Z,pb1xvd4k9jg5h0d4dhzr4z0txtwe9p5zxf58xcmxd,pb1rrwuxd65chqed6t0c5z8z505daw0rvsveyl0eq,com.figure.los.contract.origination.RecordPropertyLoanContract,HELOC/Property-Secured,,8.5,figure-servicing-1-0,1,0,0,0.0,PAYMENT_FREQUENCY_MONTHLY,DAY_COUNT_CONVENTION_ACTUAL_ACTUAL,INTEREST_ACCRUAL_METHOD_SIMPLE_INTEREST,2026-09-15T02:47:13.912661+00:00
scope1qp86ufveh255euvg5ctv6u9mw72q0dqw88,8EB0FA0EF01AF88C0DADD82D110D5B8071F772B843840C2BAEAB4DE5FBB3D691,2026-09-14T23:40:34.276044732Z,pb1v3uda8qgxv69tx6wclsp0jn4n8xxa5h7gpt2jp,pb1rrwuxd65chqed6t0c5z8z505daw0rvsveyl0eq,com.figure.los.contract.origination.RecordPropertyLoanContract,HELOC/Property-Secured,,7.95,figure-servicing-1-0,1,0,0,0.0,PAYMENT_FREQUENCY_MONTHLY,DAY_COUNT_CONVENTION_ACTUAL_ACTUAL,INTEREST_ACCRUAL_METHOD_SIMPLE_INTEREST,2026-09-15T02:47:15.008626+00:00
scope1qprashgdjeeykdu88tjwl0ggxhgqcaygln,D0DC8AC8983B7EA0AF3977E8F867D2670681DE46089625541232404D7429F698,2026-09-14T23:40:25.669922355Z,pb1qqzphpm5wlnere7ctv65zef82vgfjq2vppvefg,pb1rrwuxd65chqed6t0c5z8z505daw0rvsveyl0eq,com.figure.los.contract.origination.RecordPropertyLoanContract,HELOC/Property-Secured,,7.0,figure-servicing-1-0,1,0,0,0.0,PAYMENT_FREQUENCY_MONTHLY,DAY_COUNT_CONVENTION_ACTUAL_ACTUAL,INTEREST_ACCRUAL_METHOD_SIMPLE_INTEREST,2026-09-15T02:47:15.569534+00:00
scope1qp2jtqhx8y45equlh0qgl0ttzg2sf4w9py,31A9AF9A5DE6E48C4270F108C7D38712589AF1D6ED7F6E55D7C7AA12CDB51478,2026-09-14T23:40:21.312260669Z,pb1t8e7n3dd5hd0rcwc33sqjwkrwh52qxylw8hvkl,pb1rrwuxd65chqed6t0c5z8z505daw0rvsveyl0eq,com.figure.los.contract.origination.RecordPropertyLoanContract,HELOC/Property-Secured,,7.9,figure-servicing-1-0,1,0,0,0.0,PAYMENT_FREQUENCY_MONTHLY,DAY_COUNT_CONVENTION_ACTUAL_ACTUAL,INTEREST_ACCRUAL_METHOD_SIMPLE_INTEREST,2026-09-15T02:47:17.254469+00:00
scope1qzqjp6qst8my9zult733dpp6eqaqn74r0k,B886C3A8076DDA971263DD6FF8078193F55D7691AD553494D5841405DE0D38DA,2026-09-14T23:40:21.312260669Z,pb13knswfs6ack05wveq5nua7jgc5jnld3zg8xl52,pb1rrwuxd65chqed6t0c5z8z505daw0rvsveyl0eq,com.figure.los.contract.origination.RecordPropertyLoanContract,HELOC/Property-Secured,,12.65,figure-servicing-1-0,1,0,0,0.0,PAYMENT_FREQUENCY_MONTHLY,DAY_COUNT_CONVENTION_ACTUAL_ACTUAL,INTEREST_ACCRUAL_METHOD_SIMPLE_INTEREST,2026-09-15T02:47:16.695013+00:00
scope1qr3uyu4hken5wxuzy3efw4e30gysv0jr4q,BF14E2F662F3ABA282EB20AC11564D162460F0A1F135851D46B293E54076F686,2026-09-14T23:40:21.312260669Z,pb1awn7unm6pv3rd9s0wzg4vje357dn3pn8ua530c,pb1rrwuxd65chqed6t0c5z8z505daw0rvsveyl0eq,com.figure.los.contract.origination.RecordPropertyLoanContract,HELOC/Property-Secured,,12.65,figure-servicing-1-0,1,0,0,0.0,PAYMENT_FREQUENCY_MONTHLY,DAY_COUNT_CONVENTION_ACTUAL_ACTUAL,INTEREST_ACCRUAL_METHOD_SIMPLE_INTEREST,2026-09-15T02:47:16.127856+00:00
scope1qz2zmmkyeql59g5r8eqz2vlemw8stn646f,D5FFA3DEAE9989C2D14AB821375D2AEC13DFB1414D8EDA2F178C63940688FF54,2026-09-14T23:37:40.855496337Z,pb1xvd4k9jg5h0d4dhzr4z0txtwe9p5zxf58xcmxd,pb1rrwuxd65chqed6t0c5z8z505daw0rvsveyl0eq,com.figure.los.contract.origination.RecordPropertyLoanContract,HELOC/Property-Secured,25000720.0,8.25,figure-servicing-1-0,1,0,0,0.0,PAYMENT_FREQUENCY_MONTHLY,DAY_COUNT_CONVENTION_ACTUAL_ACTUAL,INTEREST_ACCRUAL_METHOD_SIMPLE_INTEREST,2026-09-15T02:47:17.804244+00:00
scope1qzcykw47lal58c5k9sn8qxxrtp2sk7vkt8,6545262C85D2E1F2AE36E2A1D1178451FC86A7BC11D3DB194767758A771A69A6,2026-09-14T23:37:32.108827256Z,pb1xvd4k9jg5h0d4dhzr4z0txtwe9p5zxf58xcmxd,pb1rrwuxd65chqed6t0c5z8z505daw0rvsveyl0eq,com.figure.los.contract.origination.RecordPropertyLoanContract,HELOC/Property-Secured,347285980.0,9.2,figure-servicing-1-0,1,0,0,0.0,PAYMENT_FREQUENCY_MONTHLY,DAY_COUNT_CONVENTION_ACTUAL_ACTUAL,INTEREST_ACCRUAL_METHOD_SIMPLE_INTEREST,2026-09-15T02:47:18.365728+00:00
scope1qz9wfdneq2359haeay64j7ar7afsk0qck9,B881D6860B35295D2CB3F7F3E4611F90A41205793B1F6FCCA25B883576A71DE5,2026-09-14T23:36:57.467185080Z,pb13knswfs6ack05wveq5nua7jgc5jnld3zg8xl52,pb1rrwuxd65chqed6t0c5z8z505daw0rvsveyl0eq,com.figure.los.contract.origination.RecordPropertyLoanContract,HELOC/Property-Secured,28037520.0,10.7,figure-servicing-1-0,1,0,0,0.0,PAYMENT_FREQUENCY_MONTHLY,DAY_COUNT_CONVENTION_ACTUAL_ACTUAL,INTEREST_ACCRUAL_METHOD_SIMPLE_INTEREST,2026-09-15T02:47:18.923561+00:00
scope1qz0zcmq9mh55yq5n9tgdr8zwv0fqss24l0,4CB26CA7051CD5DE9C9853952468F473292AEE4412BE20A90B2ADB2730A2509A,2026-09-14T23:35:26.690781070Z,pb16j3hxhr0m56h9u9ptdtz2qpmtd7333f77h64m6,pb1rrwuxd65chqed6t0c5z8z505daw0rvsveyl0eq,com.figure.los.contract.origination.RecordPropertyLoanContract,HELOC/Property-Secured,,8.2,figure-servicing-1-0,1,0,0,0.0,PAYMENT_FREQUENCY_MONTHLY,DAY_COUNT_CONVENTION_ACTUAL_ACTUAL,INTEREST_ACCRUAL_METHOD_SIMPLE_INTEREST,2026-09-15T02:47:20.033240+00:00
scope1qrmywkx6vl65ft9ldhkhlwfwvgjspta6gs,145906F3EC1B7781EF60267BD02BF2D2BFEF459189FC3A31148EF4FF834711DC,2026-09-14T23:35:26.690781070Z,pb1xvd4k9jg5h0d4dhzr4z0txtwe9p5zxf58xcmxd,pb1rrwuxd65chqed6t0c5z8z505daw0rvsveyl0eq,com.figure.los.contract.origination.RecordPropertyLoanContract,HELOC/Property-Secured,,8.9,figure-servicing-1-0,1,0,0,0.0,PAYMENT_FREQUENCY_MONTHLY,DAY_COUNT_CONVENTION_ACTUAL_ACTUAL,INTEREST_ACCRUAL_METHOD_SIMPLE_INTEREST,2026-09-15T02:47:19.483144+00:00
scope1qqtmrzvph2q57840ksxwgqxp9p9suhahyr,D3C3BA2D554831E8355C430572685AAB0D104509B970703CF8F4CA5548EDB8CB,2026-09-14T23:35:17.941003692Z,pb1awn7unm6pv3rd9s0wzg4vje357dn3pn8ua530c,pb1rrwuxd65chqed6t0c5z8z505daw0rvsveyl0eq,com.figure.los.contract.origination.RecordPropertyLoanContract,HELOC/Property-Secured,,8.85,figure-servicing-1-0,1,0,0,0.0,PAYMENT_FREQUENCY_MONTHLY,DAY_COUNT_CONVENTION_ACTUAL_ACTUAL,INTEREST_ACCRUAL_METHOD_SIMPLE_INTEREST,2026-09-15T02:47:20.589222+00:00
scope1qp6k2jjlweuygu9vyjf8eggjdsns2txcla,E607EB487697D15424EB4C0A6103391C214487135DE8594E98CC3962352CDAA5,2026-09-14T23:34:34.798499477Z,pb1xvd4k9jg5h0d4dhzr4z0txtwe9p5zxf58xcmxd,pb1rrwuxd65chqed6t0c5z8z505daw0rvsveyl0eq,com.figure.los.contract.origination.RecordLoanContract,Consumer/Unsecured,6000000.0,10.15,figure-servicing-1-0,1,0,0,0.0,PAYMENT_FREQUENCY_MONTHLY,DAY_COUNT_CONVENTION_ACTUAL_ACTUAL,INTEREST_ACCRUAL_METHOD_SIMPLE_INTEREST,2026-09-15T02:47:21.151818+00:00
scope1qqcmun6kr42y2rary9s3jk5q66gsjzl0x5,2CB1B630A319E2EC2B9E22E37D4324DE51120B53AEA34B907CEF3B37570F82D3,2026-09-14T23:34:17.453183860Z,pb1xvd4k9jg5h0d4dhzr4z0txtwe9p5zxf58xcmxd,pb1rrwuxd65chqed6t0c5z8z505daw0rvsveyl0eq,com.figure.los.contract.origination.RecordPropertyLoanContract,HELOC/Property-Secured,23667700.0,11.85,figure-servicing-1-0,1,0,0,0.0,PAYMENT_FREQUENCY_MONTHLY,DAY_COUNT_CONVENTION_ACTUAL_ACTUAL,INTEREST_ACCRUAL_METHOD_SIMPLE_INTEREST,2026-09-15T02:47:21.715336+00:00
scope1qq7qr3ea6yu5l9yazc5534s70dlqlpv3hj,8B10089870DBCFA8A1EFDFC3EAD63523A79520BC82D0970F8FDE2B5FDC2E09E9,2026-09-14T23:33:12.248492697Z,pb1589kxggzm5sd82dzre47zpp9wjnr4fr229srtj,pb1rrwuxd65chqed6t0c5z8z505daw0rvsveyl0eq,com.figure.los.contract.origination.RecordPropertyLoanContract,HELOC/Property-Secured,48335920.0,11.25,figure-servicing-1-0,1,0,0,0.0,PAYMENT_FREQUENCY_MONTHLY,DAY_COUNT_CONVENTION_ACTUAL_ACTUAL,INTEREST_ACCRUAL_METHOD_SIMPLE_INTEREST,2026-09-15T02:47:22.839850+00:00
scope1qpf7dqnhn80ya39c7jaqfy5m6v9ql8vrv6,CC48083312BE936249256CD30474D751FF2B6393CEC35E3EA48303F61542EF98,2026-09-14T23:33:12.248492697Z,pb1xvd4k9jg5h0d4dhzr4z0txtwe9p5zxf58xcmxd,pb1rrwuxd65chqed6t0c5z8z505daw0rvsveyl0eq,com.figure.los.contract.origination.RecordLoanContract,Consumer/Unsecured,1500000.0,9.7,figure-servicing-1-0,1,0,0,0.0,PAYMENT_FREQUENCY_MONTHLY,DAY_COUNT_CONVENTION_ACTUAL_ACTUAL,INTEREST_ACCRUAL_METHOD_SIMPLE_INTEREST,2026-09-15T02:47:22.274675+00:00
scope1qpekhw4a7vsytedawrhn9dx8tvaqsa8zrn,F729E7CE7974FB3A4BA773E7706A10A86355D2D67DEF33343AA6A009183EA3CD,2026-09-14T23:32:24.553810993Z,pb1xvd4k9jg5h0d4dhzr4z0txtwe9p5zxf58xcmxd,pb1rrwuxd65chqed6t0c5z8z505daw0rvsveyl0eq,com.figure.los.contract.origination.RecordPropertyLoanContract,HELOC/Property-Secured,137388510.0,12.7,figure-servicing-1-0,1,0,0,0.0,PAYMENT_FREQUENCY_MONTHLY,DAY_COUNT_CONVENTION_ACTUAL_ACTUAL,INTEREST_ACCRUAL_METHOD_SIMPLE_INTEREST,2026-09-15T02:47:23.953046+00:00
scope1qqfksx4d2zfy0juwyw39497j8c4qgrpscj,4EC916F8118454AA048939C1EC321D07711C95B49301A90CB7CE460BA927FBB4,2026-09-14T23:32:24.553810993Z,pb14ep8k6jtc338c00t9khyrydpw7vywagdzqntwz,pb1rrwuxd65chqed6t0c5z8z505daw0rvsveyl0eq,com.figure.los.contract.origination.RecordPropertyLoanContract,HELOC/Property-Secured,84232000.0,10.9,figure-servicing-1-0,1,0,0,0.0,PAYMENT_FREQUENCY_MONTHLY,DAY_COUNT_CONVENTION_ACTUAL_ACTUAL,INTEREST_ACCRUAL_METHOD_SIMPLE_INTEREST,2026-09-15T02:47:23.402527+00:00
scope1qzxfc0ph2cv53s9dy5nt2jmmexxqcaynfy,2C958D28E9225D7702EFC532B767D93B564735249C36F6D1D3BBE1C36CB81E44,2026-09-14T23:31:36.683436695Z,pb1xvd4k9jg5h0d4dhzr4z0txtwe9p5zxf58xcmxd,pb1rrwuxd65chqed6t0c5z8z505daw0rvsveyl0eq,com.figure.los.contract.origination.RecordLoanContract,Consumer/Unsecured,500000.0,11.65,figure-servicing-1-0,1,0,0,0.0,PAYMENT_FREQUENCY_MONTHLY,DAY_COUNT_CONVENTION_ACTUAL_ACTUAL,INTEREST_ACCRUAL_METHOD_SIMPLE_INTEREST,2026-09-15T02:47:24.503694+00:00
scope1qr63dzcfkde5q04j472nqvpwkvuqq7w94t,C89842CDCA81AAC2A3C3D8038C535605C346C6E8A24E43B37E90DF3264D136F3,2026-09-14T23:31:02.300592941Z,pb13knswfs6ack05wveq5nua7jgc5jnld3zg8xl52,pb1rrwuxd65chqed6t0c5z8z505daw0rvsveyl0eq,com.figure.los.contract.origination.RecordPropertyLoanContract,HELOC/Property-Secured,30485650.0,14.1,figure-servicing-1-0,1,0,0,0.0,PAYMENT_FREQUENCY_MONTHLY,DAY_COUNT_CONVENTION_ACTUAL_ACTUAL,INTEREST_ACCRUAL_METHOD_SIMPLE_INTEREST,2026-09-15T02:47:25.058988+00:00
scope1qz7skqp54lp52pyfs99npkfphxxqjt7c99,7F48639F011F0FF418A1A0602F9D1DA678EB7030F4A1AA0B8010458EAA22786A,2026-09-14T23:30:45.191281738Z,pb13knswfs6ack05wveq5nua7jgc5jnld3zg8xl52,pb1rrwuxd65chqed6t0c5z8z505daw0rvsveyl0eq,com.figure.los.contract.origination.RecordPropertyLoanContract,HELOC/Property-Secured,,7.9,figure-servicing-1-0,1,0,0,0.0,PAYMENT_FREQUENCY_MONTHLY,DAY_COUNT_CONVENTION_ACTUAL_ACTUAL,INTEREST_ACCRUAL_METHOD_SIMPLE_INTEREST,2026-09-15T02:47:25.616433+00:00
scope1qqz2gsrffd0yjc97x0g8kux2xcqqyq4eed,1D1F2B133073DDD9D2413C04BF5C7B6A7CEF8D35479AD1204E5C8853AAA6FDC8,2026-09-14T23:30:35.964707471Z,pb1kx5k0nr068xhxgcmnzzef9523cxdcexlm3r29w,pb1rrwuxd65chqed6t0c5z8z505daw0rvsveyl0eq,com.figure.los.contract.origination.RecordPropertyLoanContract,HELOC/Property-Secured,,12.3,figure-servicing-1-0,1,0,0,0.0,PAYMENT_FREQUENCY_MONTHLY,DAY_COUNT_CONVENTION_ACTUAL_ACTUAL,INTEREST_ACCRUAL_METHOD_SIMPLE_INTEREST,2026-09-15T02:47:26.167687+00:00
scope1qptx2wzpjgf5qsy6g08enxmzqzts72h6en,3CDDCEF0285A8EF750B9C1B06502A6C42D097D53CCB2950CDAE39E66429E0DE6,2026-09-14T23:30:31.479854730Z,pb1k38pa6rgnepcs592n4mvr3hxucw8tslprcmlvk,pb1rrwuxd65chqed6t0c5z8z505daw0rvsveyl0eq,com.figure.los.contract.origination.RecordPropertyLoanContract,HELOC/Property-Secured,,7.55,figure-servicing-1-0,1,0,0,0.0,PAYMENT_FREQUENCY_MONTHLY,DAY_COUNT_CONVENTION_ACTUAL_ACTUAL,INTEREST_ACCRUAL_METHOD_SIMPLE_INTEREST,2026-09-15T02:47:26.725019+00:00
scope1qz3th2x7ztz5qqvtwkeyl06z3hcsefpcmp,6F51190C1B0453CE420B922FA3935E9EB7BB4C514BAA4986F2B02B55693371A2,2026-09-14T23:30:22.744794792Z,pb1xvd4k9jg5h0d4dhzr4z0txtwe9p5zxf58xcmxd,pb1rrwuxd65chqed6t0c5z8z505daw0rvsveyl0eq,com.figure.los.contract.origination.RecordPropertyLoanContract,HELOC/Property-Secured,,9.9,figure-servicing-1-0,1,0,0,0.0,PAYMENT_FREQUENCY_MONTHLY,DAY_COUNT_CONVENTION_ACTUAL_ACTUAL,INTEREST_ACCRUAL_METHOD_SIMPLE_INTEREST,2026-09-15T02:47:27.287438+00:00
scope1qr4cpqcu0zl5x4v3zde4nmh738mqptx0a0,6F51190C1B0453CE420B922FA3935E9EB7BB4C514BAA4986F2B02B55693371A2,2026-09-14T23:30:22.744794792Z,pb1xvd4k9jg5h0d4dhzr4z0txtwe9p5zxf58xcmxd,pb1rrwuxd65chqed6t0c5z8z505daw0rvsveyl0eq,com.figure.los.contract.origination.RecordPropertyLoanContract,HELOC/Property-Secured,44434670.0,8.4,figure-servicing-1-0,1,0,0,0.0,PAYMENT_FREQUENCY_MONTHLY,DAY_COUNT_CONVENTION_ACTUAL_ACTUAL,INTEREST_ACCRUAL_METHOD_SIMPLE_INTEREST,2026-09-15T02:47:27.287381+00:00
scope1qzw4tvdku3k5v3vhs8vd049ky6vqfud6k2,1B907E8A1AF9A05B227BFDEA23170A7708C0F30DB8B4070939308845FE98624B,2026-09-14T23:26:56.834459257Z,pb1k38pa6rgnepcs592n4mvr3hxucw8tslprcmlvk,pb1rrwuxd65chqed6t0c5z8z505daw0rvsveyl0eq,com.figure.los.contract.origination.RecordPropertyLoanContract,HELOC/Property-Secured,46816240.0,12.8,figure-servicing-1-0,1,0,0,0.0,PAYMENT_FREQUENCY_MONTHLY,DAY_COUNT_CONVENTION_ACTUAL_ACTUAL,INTEREST_ACCRUAL_METHOD_SIMPLE_INTEREST,2026-09-15T02:47:27.845330+00:00
scope1qq505vkh5nxyry4n72vjd067xnpscnrns5,F430505B3AA8924D36DCD24D628B7659EE2DAEE2FE4E6ED3C9CBB98FF21702E0,2026-09-14T23:26:52.563658300Z,pb13knswfs6ack05wveq5nua7jgc5jnld3zg8xl52,pb1rrwuxd65chqed6t0c5z8z505daw0rvsveyl0eq,com.figure.los.contract.origination.RecordPropertyLoanContract,HELOC/Property-Secured,29507200.0,7.8,figure-servicing-1-0,1,0,0,0.0,PAYMENT_FREQUENCY_MONTHLY,DAY_COUNT_CONVENTION_ACTUAL_ACTUAL,INTEREST_ACCRUAL_METHOD_SIMPLE_INTEREST,2026-09-15T02:47:28.402073+00:00
scope1qq4cllyyvdu5qdu3yvw60v6jf99swdrge3,B8C854DA7A96BA368FF5031EDD067093EE72EDFF17E7A12257391E32738F6A64,2026-09-14T23:26:26.329682402Z,pb1xvd4k9jg5h0d4dhzr4z0txtwe9p5zxf58xcmxd,pb1rrwuxd65chqed6t0c5z8z505daw0rvsveyl0eq,com.figure.los.contract.origination.RecordPropertyLoanContract,HELOC/Property-Secured,29857550.0,15.03,figure-servicing-1-0,1,0,0,0.0,PAYMENT_FREQUENCY_MONTHLY,DAY_COUNT_CONVENTION_ACTUAL_ACTUAL,INTEREST_ACCRUAL_METHOD_SIMPLE_INTEREST,2026-09-15T02:47:28.958234+00:00
scope1qrvcgff9gcsyxnyvvsw23a452jsqena0vs,7E98EDE78BDE7FFDCFCCB1B926A297A4743623A5856A53490EF8497FB3D7F01F,2026-09-14T23:26:13.235882430Z,pb1xvd4k9jg5h0d4dhzr4z0txtwe9p5zxf58xcmxd,pb1rrwuxd65chqed6t0c5z8z505daw0rvsveyl0eq,com.figure.los.contract.origination.RecordPropertyLoanContract,HELOC/Property-Secured,46774610.0,8.9,figure-servicing-1-0,1,0,0,0.0,PAYMENT_FREQUENCY_MONTHLY,DAY_COUNT_CONVENTION_ACTUAL_ACTUAL,INTEREST_ACCRUAL_METHOD_SIMPLE_INTEREST,2026-09-15T02:47:29.513570+00:00
scope1qpturmzzrt05uc48zd9w4g4v28qqjnztjv,6F124F4C63911A978569FC0F5146BDD5ACEC26043A98E5B5BF6AF4C667C04B9D,2026-09-14T23:25:55.854051027Z,pb13knswfs6ack05wveq5nua7jgc5jnld3zg8xl52,pb1rrwuxd65chqed6t0c5z8z505daw0rvsveyl0eq,com.figure.los.contract.origination.RecordPropertyLoanContract,HELOC/Property-Secured,,9.65,figure-servicing-1-0,1,0,0,0.0,PAYMENT_FREQUENCY_MONTHLY,DAY_COUNT_CONVENTION_ACTUAL_ACTUAL,INTEREST_ACCRUAL_METHOD_SIMPLE_INTEREST,2026-09-15T02:47:30.073918+00:00
scope1qqvtz4r2rqs5rc947n84kgkmktrquj55lz,05D81530841E47093AA300BDE2D5B602380030E84F3E0AD2214A2452C0693D0E,2026-09-14T23:25:51.459944610Z,pb1awn7unm6pv3rd9s0wzg4vje357dn3pn8ua530c,pb1rrwuxd65chqed6t0c5z8z505daw0rvsveyl0eq,com.figure.los.contract.origination.RecordPropertyLoanContract,HELOC/Property-Secured,,6.75,figure-servicing-1-0,1,0,0,0.0,PAYMENT_FREQUENCY_MONTHLY,DAY_COUNT_CONVENTION_ACTUAL_ACTUAL,INTEREST_ACCRUAL_METHOD_SIMPLE_INTEREST,2026-09-15T02:47:30.637684+00:00
scope1qq2lcvtpadwyyzy5egcn522hlcusy5uksq,0C8F2700F8114EF4FEA3D78A9CBC8F0B18CAD425EE7B5E789746293F3BEBD5A5,2026-09-14T23:25:38.528956656Z,pb1k38pa6rgnepcs592n4mvr3hxucw8tslprcmlvk,pb1rrwuxd65chqed6t0c5z8z505daw0rvsveyl0eq,com.figure.los.contract.origination.RecordPropertyLoanContract,HELOC/Property-Secured,,10.25,figure-servicing-1-0,1,0,0,0.0,PAYMENT_FREQUENCY_MONTHLY,DAY_COUNT_CONVENTION_ACTUAL_ACTUAL,INTEREST_ACCRUAL_METHOD_SIMPLE_INTEREST,2026-09-15T02:47:31.778722+00:00
scope1qzghqs3ue4ty0k426jsc62rr5eks4dl9en,4E19AE18A1F46F2E156472B09E85591F413D41B70FC08F1B79AEC43C8395C7C2,2026-09-14T23:25:38.528956656Z,pb14ep8k6jtc338c00t9khyrydpw7vywagdzqntwz,pb1rrwuxd65chqed6t0c5z8z505daw0rvsveyl0eq,com.figure.los.contract.origination.RecordPropertyLoanContract,HELOC/Property-Secured,,7.45,figure-servicing-1-0,1,0,0,0.0,PAYMENT_FREQUENCY_MONTHLY,DAY_COUNT_CONVENTION_ACTUAL_ACTUAL,INTEREST_ACCRUAL_METHOD_SIMPLE_INTEREST,2026-09-15T02:47:31.218116+00:00
scope1qqsstcsfz2k5hqvq5rnd8g7s00sq2k00hv,592E54471975257E26D552DFFD66CA2D53A7AE3EA2715A7729B5054FD4094560,2026-09-14T23:25:34.215895159Z,pb1urn5mj5trz3m24qf8fj73udy55gla6eunt4ha4,pb1rrwuxd65chqed6t0c5z8z505daw0rvsveyl0eq,com.figure.los.contract.origination.RecordPropertyLoanContract,HELOC/Property-Secured,,9.4,figure-servicing-1-0,1,0,0,0.0,PAYMENT_FREQUENCY_MONTHLY,DAY_COUNT_CONVENTION_ACTUAL_ACTUAL,INTEREST_ACCRUAL_METHOD_SIMPLE_INTEREST,2026-09-15T02:47:32.331153+00:00
scope1qqy7qlvch5e52pa7d3vludflzmms3uf9uw,87F2CE6B5B0EB336AA0FDB6BB65DBE65A7F00EC7830867DED6CC69CE54B4D4E1,2026-09-14T23:25:29.677739298Z,pb1xvd4k9jg5h0d4dhzr4z0txtwe9p5zxf58xcmxd,pb1rrwuxd65chqed6t0c5z8z505daw0rvsveyl0eq,com.figure.los.contract.origination.RecordPropertyLoanContract,HELOC/Property-Secured,,9.25,figure-servicing-1-0,1,0,0,0.0,PAYMENT_FREQUENCY_MONTHLY,DAY_COUNT_CONVENTION_ACTUAL_ACTUAL,INTEREST_ACCRUAL_METHOD_SIMPLE_INTEREST,2026-09-15T02:47:32.878999+00:00
scope1qz3dgn69yh45j5vdscddth52ycrqhfgpe9,A5203A6DE65D154998A0447FFCBB622ADA557998BC2431D19873D71D412F34CB,2026-09-14T23:21:12.472424677Z,pb13knswfs6ack05wveq5nua7jgc5jnld3zg8xl52,pb1rrwuxd65chqed6t0c5z8z505daw0rvsveyl0eq,com.figure.los.contract.origination.RecordPropertyLoanContract,HELOC/Property-Secured,,7.35,figure-servicing-1-0,1,0,0,0.0,PAYMENT_FREQUENCY_MONTHLY,DAY_COUNT_CONVENTION_ACTUAL_ACTUAL,INTEREST_ACCRUAL_METHOD_SIMPLE_INTEREST,2026-09-15T02:47:33.444418+00:00
scope1qrpvm7py8qkycjynh7ettmj69z9qza35wc,D2708A31036F7008D9A36C18E5EDE6D4452B1B7462120920E4B0D89B98C4BF43,2026-09-14T23:21:08.103344922Z,pb1kx5k0nr068xhxgcmnzzef9523cxdcexlm3r29w,pb1rrwuxd65chqed6t0c5z8z505daw0rvsveyl0eq,com.figure.los.contract.origination.RecordPropertyLoanContract,HELOC/Property-Secured,,10.45,figure-servicing-1-0,1,0,0,0.0,PAYMENT_FREQUENCY_MONTHLY,DAY_COUNT_CONVENTION_ACTUAL_ACTUAL,INTEREST_ACCRUAL_METHOD_SIMPLE_INTEREST,2026-09-15T02:47:33.996295+00:00
scope1qp2mj35fhg853896qrlnjrj84fesurjmfg,14CAB44A95F8D27F3E1DDEAD552EB67A17FD01335459E5E3573F7BBD2FB2C821,2026-09-14T23:20:59.246230580Z,pb1k38pa6rgnepcs592n4mvr3hxucw8tslprcmlvk,pb1rrwuxd65chqed6t0c5z8z505daw0rvsveyl0eq,com.figure.los.contract.origination.RecordPropertyLoanContract,HELOC/Property-Secured,,7.4,figure-servicing-1-0,1,0,0,0.0,PAYMENT_FREQUENCY_MONTHLY,DAY_COUNT_CONVENTION_ACTUAL_ACTUAL,INTEREST_ACCRUAL_METHOD_SIMPLE_INTEREST,2026-09-15T02:47:34.550821+00:00
scope1qpdenuynw3q5wkyrahfz8vvu6u2st320w0,C13E2E538DC44475BA843E047D59A3759466D2E0A48C483674930FAE4CBE4A6C,2026-09-14T23:20:54.978947234Z,pb16j3hxhr0m56h9u9ptdtz2qpmtd7333f77h64m6,pb1rrwuxd65chqed6t0c5z8z505daw0rvsveyl0eq,com.figure.los.contract.origination.RecordPropertyLoanContract,HELOC/Property-Secured,,7.9,figure-servicing-1-0,1,0,0,0.0,PAYMENT_FREQUENCY_MONTHLY,DAY_COUNT_CONVENTION_ACTUAL_ACTUAL,INTEREST_ACCRUAL_METHOD_SIMPLE_INTEREST,2026-09-15T02:47:35.106355+00:00
scope1qzdmh9hfhz3yykdvwn2hexh2mm6sysqn8a,86857A754B3C592D01361AF44473520975509856BC6C935B5B2DEFFA85021EFE,2026-09-14T23:19:27.673636744Z,pb1t8e7n3dd5hd0rcwc33sqjwkrwh52qxylw8hvkl,pb1rrwuxd65chqed6t0c5z8z505daw0rvsveyl0eq,com.figure.los.contract.origination.RecordPropertyLoanContract,HELOC/Property-Secured,37092500.0,7.2,figure-servicing-1-0,1,0,0,0.0,PAYMENT_FREQUENCY_MONTHLY,DAY_COUNT_CONVENTION_ACTUAL_ACTUAL,INTEREST_ACCRUAL_METHOD_SIMPLE_INTEREST,2026-09-15T02:47:35.656549+00:00
scope1qrdlvg3vhv754duue52m3r33t6gqmmgw25,CD47342BD3E17574E22FDF65F8A4103092438F0CE8BBD4EB5A734D84AD938E44,2026-09-14T23:18:35.173896747Z,pb1xvd4k9jg5h0d4dhzr4z0txtwe9p5zxf58xcmxd,pb1rrwuxd65chqed6t0c5z8z505daw0rvsveyl0eq,com.figure.los.contract.origination.RecordLoanContract,Consumer/Unsecured,1265000.0,9.7,figure-servicing-1-0,1,0,0,0.0,PAYMENT_FREQUENCY_MONTHLY,DAY_COUNT_CONVENTION_ACTUAL_ACTUAL,INTEREST_ACCRUAL_METHOD_SIMPLE_INTEREST,2026-09-15T02:47:36.213492+00:00
scope1qrkdwnhmy8w5lvvq8e7r2jvvxxksx25kzh,9C1A8A2C6BBBCC11932A1C32B0C0F6422CC30CBBD8DCE6FAAFB1E295A0990116,2026-09-14T23:17:33.865195882Z,pb1xvd4k9jg5h0d4dhzr4z0txtwe9p5zxf58xcmxd,pb1rrwuxd65chqed6t0c5z8z505daw0rvsveyl0eq,com.figure.los.contract.origination.RecordLoanContract,Consumer/Unsecured,8000000.0,10.2,figure-servicing-1-0,1,0,0,0.0,PAYMENT_FREQUENCY_MONTHLY,DAY_COUNT_CONVENTION_ACTUAL_ACTUAL,INTEREST_ACCRUAL_METHOD_SIMPLE_INTEREST,2026-09-15T02:47:36.771040+00:00
scope1qqhrqzavpqzyctdx7tt0qfx6dwzs0apajx,7702C2BAA9B7C120A6B29AECDF9ABEE15A4E2878B22BACD888A3FDFAD6A0D144,2026-09-14T23:15:49.648885248Z,pb1xvd4k9jg5h0d4dhzr4z0txtwe9p5zxf58xcmxd,pb1rrwuxd65chqed6t0c5z8z505daw0rvsveyl0eq,com.figure.los.contract.origination.RecordLoanContract,Consumer/Unsecured,2000000.0,13.2,figure-servicing-1-0,1,0,0,0.0,PAYMENT_FREQUENCY_MONTHLY,DAY_COUNT_CONVENTION_ACTUAL_ACTUAL,INTEREST_ACCRUAL_METHOD_SIMPLE_INTEREST,2026-09-15T02:47:37.327571+00:00
scope1qq86p0n0uvnyt8u4wjucea9l72eq9vkls3,E48C86619A0E61263A7DB0B93B48C2C074FAB43E92FFBAE82A3C9FA8302BDE69,2026-09-14T23:15:27.509798751Z,pb13knswfs6ack05wveq5nua7jgc5jnld3zg8xl52,pb1rrwuxd65chqed6t0c5z8z505daw0rvsveyl0eq,com.figure.los.contract.origination.RecordPropertyLoanContract,HELOC/Property-Secured,,8.95,figure-servicing-1-0,1,0,0,0.0,PAYMENT_FREQUENCY_MONTHLY,DAY_COUNT_CONVENTION_ACTUAL_ACTUAL,INTEREST_ACCRUAL_METHOD_SIMPLE_INTEREST,2026-09-15T02:47:38.447607+00:00
scope1qqdxz3xfpj35y29rwygy3fp9sj3qkfr2hl,7D25C068130A9097E4419AE5FC15CBE22FCCD4F08EA4508ADED7AFD0FB5B1890,2026-09-14T23:15:27.509798751Z,pb1kx5k0nr068xhxgcmnzzef9523cxdcexlm3r29w,pb1rrwuxd65chqed6t0c5z8z505daw0rvsveyl0eq,com.figure.los.contract.origination.RecordPropertyLoanContract,HELOC/Property-Secured,,8.35,figure-servicing-1-0,1,0,0,0.0,PAYMENT_FREQUENCY_MONTHLY,DAY_COUNT_CONVENTION_ACTUAL_ACTUAL,INTEREST_ACCRUAL_METHOD_SIMPLE_INTEREST,2026-09-15T02:47:37.887101+00:00
scope1qp94vlfue3f50pyuhq5z7l476lusdxxd8t,68F008AB11B2D0E83EB8C78575CD4CA2AAE115798863D21E67EFC8A525262532,2026-09-14T23:15:23.056771994Z,pb1xvd4k9jg5h0d4dhzr4z0txtwe9p5zxf58xcmxd,pb1rrwuxd65chqed6t0c5z8z505daw0rvsveyl0eq,com.figure.los.contract.origination.RecordPropertyLoanContract,HELOC/Property-Secured,,8.85,figure-servicing-1-0,1,0,0,0.0,PAYMENT_FREQUENCY_MONTHLY,DAY_COUNT_CONVENTION_ACTUAL_ACTUAL,INTEREST_ACCRUAL_METHOD_SIMPLE_INTEREST,2026-09-15T02:47:39.570690+00:00
scope1qr8ldrs75jgy8hygwnwcjsczlndsrmmp0y,4E3FE047112ECE70E101DFC23102CDC7FB1C0B11C018BFB617DE2259B6643064,2026-09-14T23:15:23.056771994Z,pb13knswfs6ack05wveq5nua7jgc5jnld3zg8xl52,pb1rrwuxd65chqed6t0c5z8z505daw0rvsveyl0eq,com.figure.los.contract.origination.RecordPropertyLoanContract,HELOC/Property-Secured,,7.65,figure-servicing-1-0,1,0,0,0.0,PAYMENT_FREQUENCY_MONTHLY,DAY_COUNT_CONVENTION_ACTUAL_ACTUAL,INTEREST_ACCRUAL_METHOD_SIMPLE_INTEREST,2026-09-15T02:47:39.010133+00:00
scope1qr6sz4502ac59ad2knmlhy69ksdqta8uah,7A5DD61A6B5132C095EE37C4BE3742608DAAE15D0F8B9C99D601F8FC5CD9865A,2026-09-14T23:15:05.418420922Z,pb1s3cs34nl2q9sgqpwp69mq9ey82pkr6uwucv62p,pb1rrwuxd65chqed6t0c5z8z505daw0rvsveyl0eq,com.figure.los.contract.origination.RecordPropertyLoanContract,HELOC/Property-Secured,41436000.0,9.9,figure-servicing-1-0,1,0,0,0.0,PAYMENT_FREQUENCY_MONTHLY,DAY_COUNT_CONVENTION_ACTUAL_ACTUAL,INTEREST_ACCRUAL_METHOD_SIMPLE_INTEREST,2026-09-15T02:47:40.126890+00:00
scope1qpead4jq3kn59xaz3g733tjwvepswk069g,B5645F26EE3E02199B8746BCE543DF7C00DF6DEF64CDF152BE7B8C30AFBBC68A,2026-09-14T23:14:48.135223133Z,pb1xvd4k9jg5h0d4dhzr4z0txtwe9p5zxf58xcmxd,pb1rrwuxd65chqed6t0c5z8z505daw0rvsveyl0eq,com.figure.los.contract.origination.RecordLoanContract,Consumer/Unsecured,5300000.0,10.05,figure-servicing-1-0,1,0,0,0.0,PAYMENT_FREQUENCY_MONTHLY,DAY_COUNT_CONVENTION_ACTUAL_ACTUAL,INTEREST_ACCRUAL_METHOD_SIMPLE_INTEREST,2026-09-15T02:47:40.685195+00:00
scope1qp50qf299le5c3y6zfhtt0fx9f2qyuqvte,96148E5E6A1D2476A17CD8B533DF4D2F7DC527EB58EC5F06179EEBA5563E7FA7,2026-09-14T23:11:45.521344577Z,pb150y6qkszzccf4gapvywe6lvaaraant8acjk6t4,pb1rrwuxd65chqed6t0c5z8z505daw0rvsveyl0eq,com.figure.los.contract.origination.RecordPropertyLoanContract,HELOC/Property-Secured,30797000.0,12.6,figure-servicing-1-0,1,0,0,0.0,PAYMENT_FREQUENCY_MONTHLY,DAY_COUNT_CONVENTION_ACTUAL_ACTUAL,INTEREST_ACCRUAL_METHOD_SIMPLE_INTEREST,2026-09-15T02:47:41.244544+00:00
scope1qzhz5qasuypyxruqsxdjq2ffs78q9ecf42,8C84F7C36FD3A3D3813D1CBB3D4663FB7F9D105F4982B9E7F6F867FF2E3A2387,2026-09-14T23:10:27.574526824Z,pb1k38pa6rgnepcs592n4mvr3hxucw8tslprcmlvk,pb1rrwuxd65chqed6t0c5z8z505daw0rvsveyl0eq,com.figure.los.contract.origination.RecordPropertyLoanContract,HELOC/Property-Secured,,10.65,figure-servicing-1-0,1,0,0,0.0,PAYMENT_FREQUENCY_MONTHLY,DAY_COUNT_CONVENTION_ACTUAL_ACTUAL,INTEREST_ACCRUAL_METHOD_SIMPLE_INTEREST,2026-09-15T02:47:41.797874+00:00
scope1qpxlps84asa58euxq6l7n563znpsdwne99,3CCA1808EF33852353C384B3947AA6BB6F7AFD1AC5E759D6E3CAD540750B0226,2026-09-14T23:10:23.227403766Z,pb1589kxggzm5sd82dzre47zpp9wjnr4fr229srtj,pb1rrwuxd65chqed6t0c5z8z505daw0rvsveyl0eq,com.figure.los.contract.origination.RecordPropertyLoanContract,HELOC/Property-Secured,,10.75,figure-servicing-1-0,1,0,0,0.0,PAYMENT_FREQUENCY_MONTHLY,DAY_COUNT_CONVENTION_ACTUAL_ACTUAL,INTEREST_ACCRUAL_METHOD_SIMPLE_INTEREST,2026-09-15T02:47:42.899778+00:00
scope1qzreemfckuu5mwv7a4nr68r9szusd4y94f,8C0AB1EB4FADAC7A5912522290000C1C665E281349691E5C48613A6A411038FE,2026-09-14T23:10:23.227403766Z,pb1k38pa6rgnepcs592n4mvr3hxucw8tslprcmlvk,pb1rrwuxd65chqed6t0c5z8z505daw0rvsveyl0eq,com.figure.los.contract.origination.RecordPropertyLoanContract,HELOC/Property-Secured,,8.65,figure-servicing-1-0,1,0,0,0.0,PAYMENT_FREQUENCY_MONTHLY,DAY_COUNT_CONVENTION_ACTUAL_ACTUAL,INTEREST_ACCRUAL_METHOD_SIMPLE_INTEREST,2026-09-15T02:47:42.348629+00:00
scope1qqq0qaevwaly9fvd0lxz50jpd3eq8zha5v,FD210DDE44ADF9AD1E574501711EB0EAC022D0EB2A523134491AFEBC5DEE2882,2026-09-14T23:09:39.227551697Z,pb1xvd4k9jg5h0d4dhzr4z0txtwe9p5zxf58xcmxd,pb1rrwuxd65chqed6t0c5z8z505daw0rvsveyl0eq,com.figure.los.contract.origination.RecordLoanContract,Consumer/Unsecured,1300000.0,8.69,figure-servicing-1-0,1,0,0,0.0,PAYMENT_FREQUENCY_MONTHLY,DAY_COUNT_CONVENTION_ACTUAL_ACTUAL,INTEREST_ACCRUAL_METHOD_SIMPLE_INTEREST,2026-09-15T02:47:43.451045+00:00
scope1qplszgd26juy5eyzufvj0hclzarqqnwjpq,781133648037F50708E56F41D62206075FA7DDE7CD13E030BA740B08BAB0833F,2026-09-14T23:08:46.763086341Z,pb13knswfs6ack05wveq5nua7jgc5jnld3zg8xl52,pb1rrwuxd65chqed6t0c5z8z505daw0rvsveyl0eq,com.figure.los.contract.origination.RecordPropertyLoanContract,HELOC/Property-Secured,100911290.0,8.8,figure-servicing-1-0,1,0,0,0.0,PAYMENT_FREQUENCY_MONTHLY,DAY_COUNT_CONVENTION_ACTUAL_ACTUAL,INTEREST_ACCRUAL_METHOD_SIMPLE_INTEREST,2026-09-15T02:47:44.033676+00:00
scope1qrf372vk9r8yqe9te4ecuj2zvhssxymn72,AAD0EE5C7FFE000720BBD7C593FAA0A6D49EADFFBE0F3D54F6AF6B0011044AA1,2026-09-14T23:07:24.590266261Z,pb1xvd4k9jg5h0d4dhzr4z0txtwe9p5zxf58xcmxd,pb1rrwuxd65chqed6t0c5z8z505daw0rvsveyl0eq,com.figure.los.contract.origination.RecordLoanContract,Consumer/Unsecured,3500000.0,10.95,figure-servicing-1-0,1,0,0,0.0,PAYMENT_FREQUENCY_MONTHLY,DAY_COUNT_CONVENTION_ACTUAL_ACTUAL,INTEREST_ACCRUAL_METHOD_SIMPLE_INTEREST,2026-09-15T02:47:44.586384+00:00
scope1qqyu30ms4705sjd7hucvjg0wav0qjex0d8,0DFABAA2C80FF2B9916D8EEA0D12269D9CC8A0E4431BC25A5A53EF5F3E557253,2026-09-14T23:05:53.025457510Z,pb134yg6h3g0vjq9ct2lpmx6sdxv3yuz942wrpxuu,pb1rrwuxd65chqed6t0c5z8z505daw0rvsveyl0eq,com.figure.los.contract.origination.RecordPropertyLoanContract,HELOC/Property-Secured,,10.95,figure-servicing-1-0,1,0,0,0.0,PAYMENT_FREQUENCY_MONTHLY,DAY_COUNT_CONVENTION_ACTUAL_ACTUAL,INTEREST_ACCRUAL_METHOD_SIMPLE_INTEREST,2026-09-15T02:47:45.144746+00:00
scope1qrg0kdlshz05seah99uaev30c75sns5qtd,BD4078A2E39658B86040F98263BADDEF55FF4F31F8AB8D5EBC40376500B65784,2026-09-14T23:05:44.234064760Z,pb1xzl9wgh0ry2dma43f58vmuteqd3996j6mhqhgz,pb1rrwuxd65chqed6t0c5z8z505daw0rvsveyl0eq,com.figure.los.contract.origination.RecordPropertyLoanContract,HELOC/Property-Secured,,12.65,figure-servicing-1-0,1,0,0,0.0,PAYMENT_FREQUENCY_MONTHLY,DAY_COUNT_CONVENTION_ACTUAL_ACTUAL,INTEREST_ACCRUAL_METHOD_SIMPLE_INTEREST,2026-09-15T02:47:45.702146+00:00
scope1qrpxtc55p34ysx44yjf02fllu05sk8vc8y,1B4F42E4828DE7C295FBAD1EA6F6B3D3271BF27CA7CECB793D41A5C52F5E3468,2026-09-14T23:05:39.980284649Z,pb13knswfs6ack05wveq5nua7jgc5jnld3zg8xl52,pb1rrwuxd65chqed6t0c5z8z505daw0rvsveyl0eq,com.figure.los.contract.origination.RecordPropertyLoanContract,HELOC/Property-Secured,,12.6,figure-servicing-1-0,1,0,0,0.0,PAYMENT_FREQUENCY_MONTHLY,DAY_COUNT_CONVENTION_ACTUAL_ACTUAL,INTEREST_ACCRUAL_METHOD_SIMPLE_INTEREST,2026-09-15T02:47:46.262417+00:00
scope1qqn9uqwmnd255svn6ks3c6xf98qqgtxdfy,2FF66C04E0D1C912CC5FEB25251B67D61570C46C87F6EC8C10E43AC29A2669A0,2026-09-14T23:05:26.680336555Z,pb13knswfs6ack05wveq5nua7jgc5jnld3zg8xl52,pb1rrwuxd65chqed6t0c5z8z505daw0rvsveyl0eq,com.figure.los.contract.origination.RecordPropertyLoanContract,HELOC/Property-Secured,,6.9,figure-servicing-1-0,1,0,0,0.0,PAYMENT_FREQUENCY_MONTHLY,DAY_COUNT_CONVENTION_ACTUAL_ACTUAL,INTEREST_ACCRUAL_METHOD_SIMPLE_INTEREST,2026-09-15T02:47:46.835622+00:00
scope1qr877gueyaa5wh46hp7p6tqs4qcsdv8m2l,4F08552B68F45C04E5A06036DBDB082C1F155FFDD993DA3644CD2988FDCFCBD7,2026-09-14T23:03:02.603263347Z,pb1kx5k0nr068xhxgcmnzzef9523cxdcexlm3r29w,pb1rrwuxd65chqed6t0c5z8z505daw0rvsveyl0eq,com.figure.los.contract.origination.RecordPropertyLoanContract,HELOC/Property-Secured,3094240.0,8.2,figure-servicing-1-0,1,0,0,0.0,PAYMENT_FREQUENCY_MONTHLY,DAY_COUNT_CONVENTION_ACTUAL_ACTUAL,INTEREST_ACCRUAL_METHOD_SIMPLE_INTEREST,2026-09-15T02:47:47.399510+00:00
scope1qq5mxxq557p5yeyfqed3esedymasnyy6qa,F654090E2AF3FA767F3FD50EB60AF3F715FFD17EA17C7D786E9807933257A3C1,2026-09-14T23:02:49.799453173Z,pb1xvd4k9jg5h0d4dhzr4z0txtwe9p5zxf58xcmxd,pb1rrwuxd65chqed6t0c5z8z505daw0rvsveyl0eq,com.figure.los.contract.origination.RecordLoanContract,Consumer/Unsecured,105000000.0,10.9,figure-servicing-1-0,1,0,0,0.0,PAYMENT_FREQUENCY_MONTHLY,DAY_COUNT_CONVENTION_ACTUAL_ACTUAL,INTEREST_ACCRUAL_METHOD_SIMPLE_INTEREST,2026-09-15T02:47:47.956646+00:00
scope1qrastfnrz3a5zdvv7js4wr0una2qpfcexf,943960C24796D60A0BD6360D0613C4BD63CD041FF2E4E5B587711C61B6CF3E82,2026-09-14T23:01:14.202471221Z,pb1awn7unm6pv3rd9s0wzg4vje357dn3pn8ua530c,pb1rrwuxd65chqed6t0c5z8z505daw0rvsveyl0eq,com.figure.los.contract.origination.RecordPropertyLoanContract,HELOC/Property-Secured,65769700.0,8.0,figure-servicing-1-0,1,0,0,0.0,PAYMENT_FREQUENCY_MONTHLY,DAY_COUNT_CONVENTION_ACTUAL_ACTUAL,INTEREST_ACCRUAL_METHOD_SIMPLE_INTEREST,2026-09-15T02:47:48.516318+00:00
scope1qpn67mm4pyp57qaxgzr90adsgsuq39zq5r,96DDB3EB73C1FF3AB6B91A2DA5B35CC814A54F3FBF5C0FC3F36A4936469A2C70,2026-09-14T23:00:22.252786792Z,pb1589kxggzm5sd82dzre47zpp9wjnr4fr229srtj,pb1rrwuxd65chqed6t0c5z8z505daw0rvsveyl0eq,com.figure.los.contract.origination.RecordPropertyLoanContract,HELOC/Property-Secured,,8.85,figure-servicing-1-0,1,0,0,0.0,PAYMENT_FREQUENCY_MONTHLY,DAY_COUNT_CONVENTION_ACTUAL_ACTUAL,INTEREST_ACCRUAL_METHOD_SIMPLE_INTEREST,2026-09-15T02:47:49.069611+00:00
scope1qqjkttql0cy5xk4t6nqch65djaws9ltnk4,A45FF7CD0EF6A740DC13692B2C6611913F039D428A56DB21BC71925940CB271B,2026-09-14T23:00:17.502532053Z,pb1h3cazsx4p6v3alf0ejuq68qge59k9r9pfrqzlr,pb1rrwuxd65chqed6t0c5z8z505daw0rvsveyl0eq,com.figure.los.contract.origination.RecordPropertyLoanContract,HELOC/Property-Secured,270589000.0,7.55,figure-servicing-1-0,1,0,0,0.0,PAYMENT_FREQUENCY_MONTHLY,DAY_COUNT_CONVENTION_ACTUAL_ACTUAL,INTEREST_ACCRUAL_METHOD_SIMPLE_INTEREST,2026-09-15T02:47:49.622001+00:00
scope1qp4p9azvz0l5k05m67yslpq0v6kqv07hr9,EEA5C4322A5E6DDE9AA7125419E3CA43FFA79A1C0D96CC9494CB13F3F5DA5BED,2026-09-14T22:59:42.338052550Z,pb1xvd4k9jg5h0d4dhzr4z0txtwe9p5zxf58xcmxd,pb1rrwuxd65chqed6t0c5z8z505daw0rvsveyl0eq,com.figure.los.contract.origination.RecordLoanContract,Consumer/Unsecured,6000000.0,10.55,figure-servicing-1-0,1,0,0,0.0,PAYMENT_FREQUENCY_MONTHLY,DAY_COUNT_CONVENTION_ACTUAL_ACTUAL,INTEREST_ACCRUAL_METHOD_SIMPLE_INTEREST,2026-09-15T02:47:50.174222+00:00
scope1qrag32jxmj450qaqynhm36fmdh0swt2yes,4FE5AFF8738ED0B89A1BC5DCA97E11E214F20CE9575C5D72EB1D7220D5F9CE46,2026-09-14T22:57:53.845358799Z,pb1xvd4k9jg5h0d4dhzr4z0txtwe9p5zxf58xcmxd,pb1rrwuxd65chqed6t0c5z8z505daw0rvsveyl0eq,com.figure.los.contract.origination.RecordPropertyLoanContract,HELOC/Property-Secured,58981250.0,13.25,figure-servicing-1-0,1,0,0,0.0,PAYMENT_FREQUENCY_MONTHLY,DAY_COUNT_CONVENTION_ACTUAL_ACTUAL,INTEREST_ACCRUAL_METHOD_SIMPLE_INTEREST,2026-09-15T02:47:50.744420+00:00
scope1qr9r88m2ayxyalddl6x6u69ts4us4j0xd5,4FE5AFF8738ED0B89A1BC5DCA97E11E214F20CE9575C5D72EB1D7220D5F9CE46,2026-09-14T22:57:53.845358799Z,pb1xvd4k9jg5h0d4dhzr4z0txtwe9p5zxf58xcmxd,pb1rrwuxd65chqed6t0c5z8z505daw0rvsveyl0eq,com.figure.los.contract.origination.RecordLoanContract,Consumer/Unsecured,40000000.0,13.3,figure-servicing-1-0,1,0,0,0.0,PAYMENT_FREQUENCY_MONTHLY,DAY_COUNT_CONVENTION_ACTUAL_ACTUAL,INTEREST_ACCRUAL_METHOD_SIMPLE_INTEREST,2026-09-15T02:47:50.744365+00:00
scope1qr204qsnsw3ye0uwkwdy34c0rtpqt6pfzc,A1FCAAEC4A9B724BD0C4C3E6FF5643F55C3A6D69241DC4D559D6B0F3067281CE,2026-09-14T22:55:34.927039472Z,pb1qjxvmds5pwjt3zursu967phrlf29ndtqr82r4e,pb1rrwuxd65chqed6t0c5z8z505daw0rvsveyl0eq,com.figure.los.contract.origination.RecordPropertyLoanContract,HELOC/Property-Secured,,7.75,figure-servicing-1-0,1,0,0,0.0,PAYMENT_FREQUENCY_MONTHLY,DAY_COUNT_CONVENTION_ACTUAL_ACTUAL,INTEREST_ACCRUAL_METHOD_SIMPLE_INTEREST,2026-09-15T02:47:51.307425+00:00
scope1qq049crfeuf5k2ar2rvls5axapeqcuw8f7,AE5FC2071B0173F19A1181DB8FDBB2D1C254EB690B78E58A280097C07F89CA99,2026-09-14T22:55:30.417993350Z,pb1awn7unm6pv3rd9s0wzg4vje357dn3pn8ua530c,pb1rrwuxd65chqed6t0c5z8z505daw0rvsveyl0eq,com.figure.los.contract.origination.RecordPropertyLoanContract,HELOC/Property-Secured,,7.4,figure-servicing-1-0,1,0,0,0.0,PAYMENT_FREQUENCY_MONTHLY,DAY_COUNT_CONVENTION_ACTUAL_ACTUAL,INTEREST_ACCRUAL_METHOD_SIMPLE_INTEREST,2026-09-15T02:47:51.863989+00:00
scope1qrvyqkat3hn5pp9fsr8s8vsgf6yqvfwsdd,4E25E23F3D13D4DA797BFDB9DA0941608BEC971FE7902AB98C25AABA823A8F21,2026-09-14T22:55:17.685560084Z,pb1awn7unm6pv3rd9s0wzg4vje357dn3pn8ua530c,pb1rrwuxd65chqed6t0c5z8z505daw0rvsveyl0eq,com.figure.los.contract.origination.RecordPropertyLoanContract,HELOC/Property-Secured,,8.45,figure-servicing-1-0,1,0,0,0.0,PAYMENT_FREQUENCY_MONTHLY,DAY_COUNT_CONVENTION_ACTUAL_ACTUAL,INTEREST_ACCRUAL_METHOD_SIMPLE_INTEREST,2026-09-15T02:47:52.421540+00:00
scope1qqewrvjd90u5cm5uzl9w57jnd6msw6flv8,4E25E23F3D13D4DA797BFDB9DA0941608BEC971FE7902AB98C25AABA823A8F21,2026-09-14T22:55:17.685560084Z,pb1awn7unm6pv3rd9s0wzg4vje357dn3pn8ua530c,pb1rrwuxd65chqed6t0c5z8z505daw0rvsveyl0eq,com.figure.los.contract.origination.RecordPropertyLoanContract,HELOC/Property-Secured,,10.8,figure-servicing-1-0,1,0,0,0.0,PAYMENT_FREQUENCY_MONTHLY,DAY_COUNT_CONVENTION_ACTUAL_ACTUAL,INTEREST_ACCRUAL_METHOD_SIMPLE_INTEREST,2026-09-15T02:47:52.421483+00:00
scope1qqy6x0y4j6w533u0zfr074x6zdxqcmr4rr,4BFB33DF75A925A2191D1F2AAA30B44831EE48AFAC258103C3C2C2CC6CFEBDF7,2026-09-14T22:54:47.282374246Z,pb1xvd4k9jg5h0d4dhzr4z0txtwe9p5zxf58xcmxd,pb1rrwuxd65chqed6t0c5z8z505daw0rvsveyl0eq,com.figure.los.contract.origination.RecordPropertyLoanContract,HELOC/Property-Secured,153745950.0,8.5,figure-servicing-1-0,1,0,0,0.0,PAYMENT_FREQUENCY_MONTHLY,DAY_COUNT_CONVENTION_ACTUAL_ACTUAL,INTEREST_ACCRUAL_METHOD_SIMPLE_INTEREST,2026-09-15T02:47:52.977563+00:00
scope1qz75jwlhmqg5k7dcqz9z5gevaevq8m5k7c,AC555B018C25F2725D528C3E4FEDCBD089B3838F7CC15101516D9FA721C343A7,2026-09-14T22:50:35.883112402Z,pb1xvd4k9jg5h0d4dhzr4z0txtwe9p5zxf58xcmxd,pb1rrwuxd65chqed6t0c5z8z505daw0rvsveyl0eq,com.figure.los.contract.origination.RecordPropertyLoanContract,HELOC/Property-Secured,306365000.0,9.5,figure-servicing-1-0,1,0,0,0.0,PAYMENT_FREQUENCY_MONTHLY,DAY_COUNT_CONVENTION_ACTUAL_ACTUAL,INTEREST_ACCRUAL_METHOD_SIMPLE_INTEREST,2026-09-15T02:47:53.523602+00:00
scope1qzlzndmkqu0yqyda8zec5m446aaqhd3vxn,FAE8FF392E34FCCDC0756734A40B5F22EF452CE8DF9D30AF9E7817264DDBCF65,2026-09-14T22:50:22.932418897Z,pb1xvd4k9jg5h0d4dhzr4z0txtwe9p5zxf58xcmxd,pb1rrwuxd65chqed6t0c5z8z505daw0rvsveyl0eq,com.figure.los.contract.origination.RecordPropertyLoanContract,HELOC/Property-Secured,,10.05,figure-servicing-1-0,1,0,0,0.0,PAYMENT_FREQUENCY_MONTHLY,DAY_COUNT_CONVENTION_ACTUAL_ACTUAL,INTEREST_ACCRUAL_METHOD_SIMPLE_INTEREST,2026-09-15T02:47:54.083460+00:00
scope1qrjud4fd84t5sg9e5579nugadxxs3m77ua,FAE8FF392E34FCCDC0756734A40B5F22EF452CE8DF9D30AF9E7817264DDBCF65,2026-09-14T22:50:22.932418897Z,pb1xvd4k9jg5h0d4dhzr4z0txtwe9p5zxf58xcmxd,pb1rrwuxd65chqed6t0c5z8z505daw0rvsveyl0eq,com.figure.los.contract.origination.RecordPropertyLoanContract,HELOC/Property-Secured,,10.2,figure-servicing-1-0,1,0,0,0.0,PAYMENT_FREQUENCY_MONTHLY,DAY_COUNT_CONVENTION_ACTUAL_ACTUAL,INTEREST_ACCRUAL_METHOD_SIMPLE_INTEREST,2026-09-15T02:47:54.083404+00:00
scope1qzsnzuvkwxpyrl9qs00zea0mpceqaghzyp,930C35F9411ADED1409500895E0C3AD1B0B7FD57C27BF62ADD68218EE45FB5D6,2026-09-14T22:48:47.586900982Z,pb1xvd4k9jg5h0d4dhzr4z0txtwe9p5zxf58xcmxd,pb1rrwuxd65chqed6t0c5z8z505daw0rvsveyl0eq,com.figure.los.contract.origination.RecordLoanContract,Consumer/Unsecured,5000000.0,8.95,figure-servicing-1-0,1,0,0,0.0,PAYMENT_FREQUENCY_MONTHLY,DAY_COUNT_CONVENTION_ACTUAL_ACTUAL,INTEREST_ACCRUAL_METHOD_SIMPLE_INTEREST,2026-09-15T02:47:54.639969+00:00
scope1qr2fzncxt84yknu98ylqjre56tvss6pqhg,028203C1803227D3BA9996A7B1FB6B57355DE5AC44F9ED1A8404AE007A6E8DF6,2026-09-14T22:46:14.724359402Z,pb1awn7unm6pv3rd9s0wzg4vje357dn3pn8ua530c,pb1rrwuxd65chqed6t0c5z8z505daw0rvsveyl0eq,com.figure.los.contract.origination.RecordPropertyLoanContract,HELOC/Property-Secured,89806970.0,8.25,figure-servicing-1-0,1,0,0,0.0,PAYMENT_FREQUENCY_MONTHLY,DAY_COUNT_CONVENTION_ACTUAL_ACTUAL,INTEREST_ACCRUAL_METHOD_SIMPLE_INTEREST,2026-09-15T02:47:55.191232+00:00
scope1qp0fq5trw2z5zga56ld68gfmudsqj7sy6x,D4E4F50E5116375F29F0897E38B80A238CD0300DC01989EE785EA82CBFEA9292,2026-09-14T22:45:22.910633580Z,pb1xvd4k9jg5h0d4dhzr4z0txtwe9p5zxf58xcmxd,pb1rrwuxd65chqed6t0c5z8z505daw0rvsveyl0eq,com.figure.los.contract.origination.RecordLoanContract,Consumer/Unsecured,20000000.0,7.5,figure-servicing-1-0,1,0,0,0.0,PAYMENT_FREQUENCY_MONTHLY,DAY_COUNT_CONVENTION_ACTUAL_ACTUAL,INTEREST_ACCRUAL_METHOD_SIMPLE_INTEREST,2026-09-15T02:47:55.752287+00:00
scope1qprfzefzdrv5rwufswwrrl44q83qtjrf6v,5A9DA69B4AFEB690C9FBFD6B298BE8BF4F1E042177F2485BD3526D61F8323687,2026-09-14T22:45:13.848173758Z,pb14ep8k6jtc338c00t9khyrydpw7vywagdzqntwz,pb1rrwuxd65chqed6t0c5z8z505daw0rvsveyl0eq,com.figure.los.contract.origination.RecordPropertyLoanContract,HELOC/Property-Secured,153235330.0,8.1,figure-servicing-1-0,1,0,0,0.0,PAYMENT_FREQUENCY_MONTHLY,DAY_COUNT_CONVENTION_ACTUAL_ACTUAL,INTEREST_ACCRUAL_METHOD_SIMPLE_INTEREST,2026-09-15T02:48:11.392397+00:00
scope1qqr0j26hyq052z4cqtsfg7anuszsjueclc,13B162BA29DEE943B7616477490F35B4C699FE9C3B8DB9D57A3A96DCAB83C199,2026-09-14T22:44:48.034666037Z,pb1xvd4k9jg5h0d4dhzr4z0txtwe9p5zxf58xcmxd,pb1rrwuxd65chqed6t0c5z8z505daw0rvsveyl0eq,com.figure.los.contract.origination.RecordLoanContract,Consumer/Unsecured,10000000.0,9.75,figure-servicing-1-0,1,0,0,0.0,PAYMENT_FREQUENCY_MONTHLY,DAY_COUNT_CONVENTION_ACTUAL_ACTUAL,INTEREST_ACCRUAL_METHOD_SIMPLE_INTEREST,2026-09-15T02:48:11.941358+00:00
scope1qzxvkmnt0d85sr9sayup9eha38kqxr4adu,2FEE88629138CD7B4ADECBCA8C2EE25D113EA7EB60D987CDBDDEE356BE842B2D,2026-09-14T22:44:21.883190105Z,pb1xvd4k9jg5h0d4dhzr4z0txtwe9p5zxf58xcmxd,pb1rrwuxd65chqed6t0c5z8z505daw0rvsveyl0eq,com.figure.los.contract.origination.RecordLoanContract,Consumer/Unsecured,20000000.0,7.55,figure-servicing-1-0,1,0,0,0.0,PAYMENT_FREQUENCY_MONTHLY,DAY_COUNT_CONVENTION_ACTUAL_ACTUAL,INTEREST_ACCRUAL_METHOD_SIMPLE_INTEREST,2026-09-15T02:48:12.492167+00:00
scope1qztpxtdwchm5aldl62rkl6502k6shtw4vl,133E155A8B36DD2D1E3006BDE584B658EAF965634F531BAAA7E998590A0DC656,2026-09-14T22:43:16.773388264Z,pb1xvd4k9jg5h0d4dhzr4z0txtwe9p5zxf58xcmxd,pb1rrwuxd65chqed6t0c5z8z505daw0rvsveyl0eq,com.figure.los.contract.origination.RecordLoanContract,Consumer/Unsecured,80000000.0,9.55,figure-servicing-1-0,1,0,0,0.0,PAYMENT_FREQUENCY_MONTHLY,DAY_COUNT_CONVENTION_ACTUAL_ACTUAL,INTEREST_ACCRUAL_METHOD_SIMPLE_INTEREST,2026-09-15T02:48:13.055260+00:00
scope1qqqxnkvqwc4y2gyjxjsttapwts2s6ygvl7,1D35C19F115E23BD385D33B2CF766C0A6BE6AB292EA2BE49B4340F5BE788794B,2026-09-14T22:41:54.641470682Z,pb1xvd4k9jg5h0d4dhzr4z0txtwe9p5zxf58xcmxd,pb1rrwuxd65chqed6t0c5z8z505daw0rvsveyl0eq,com.figure.los.contract.origination.RecordLoanContract,Consumer/Unsecured,240000000.0,9.8,figure-servicing-1-0,1,0,0,0.0,PAYMENT_FREQUENCY_MONTHLY,DAY_COUNT_CONVENTION_ACTUAL_ACTUAL,INTEREST_ACCRUAL_METHOD_SIMPLE_INTEREST,2026-09-15T02:48:13.607886+00:00
scope1qqhgndm33nfy7y5zch929gputygsydjcpm,DF045B357E90E6283620E92DEAA6822D5401B4FFA5E539368754D98240FE51A3,2026-09-14T22:41:07.086059960Z,pb1q4ffj426hu5fj0h7muy2h7hj6sqmqe7vz67245,pb1rrwuxd65chqed6t0c5z8z505daw0rvsveyl0eq,com.figure.los.contract.origination.RecordPropertyLoanContract,HELOC/Property-Secured,110871990.0,8.8,figure-servicing-1-0,1,0,0,0.0,PAYMENT_FREQUENCY_MONTHLY,DAY_COUNT_CONVENTION_ACTUAL_ACTUAL,INTEREST_ACCRUAL_METHOD_SIMPLE_INTEREST,2026-09-15T02:48:14.161392+00:00
scope1qqlmf3h8ulgy57al6jemjmlw4z9qhhpfn0,7E50EEA6914C2A19770403988157B3CCFC72B310AA89CD1FB787499985E1C8C2,2026-09-14T22:40:32.489295598Z,pb150y6qkszzccf4gapvywe6lvaaraant8acjk6t4,pb1rrwuxd65chqed6t0c5z8z505daw0rvsveyl0eq,com.figure.los.contract.origination.RecordPropertyLoanContract,HELOC/Property-Secured,,8.25,figure-servicing-1-0,1,0,0,0.0,PAYMENT_FREQUENCY_MONTHLY,DAY_COUNT_CONVENTION_ACTUAL_ACTUAL,INTEREST_ACCRUAL_METHOD_SIMPLE_INTEREST,2026-09-15T02:48:14.713288+00:00
scope1qzenlyglct2yp8usf04ett0wmeaslm0fya,9A6FBEAC903DC24AAEC6576048491F8C2FBA6E8300405202C5ADE3847D10F971,2026-09-14T22:40:19.734448973Z,pb16j3hxhr0m56h9u9ptdtz2qpmtd7333f77h64m6,pb1rrwuxd65chqed6t0c5z8z505daw0rvsveyl0eq,com.figure.los.contract.origination.RecordPropertyLoanContract,HELOC/Property-Secured,,10.9,figure-servicing-1-0,1,0,0,0.0,PAYMENT_FREQUENCY_MONTHLY,DAY_COUNT_CONVENTION_ACTUAL_ACTUAL,INTEREST_ACCRUAL_METHOD_SIMPLE_INTEREST,2026-09-15T02:48:15.268846+00:00
scope1qry0d3ucy57ytl4hrpfxulsdqh8sqm7p7x,090E7B830A3B3CA394AF8C69E67312E6F5AC19DC51C5C348A2FF33127C64661B,2026-09-14T22:39:44.690451561Z,pb1xvd4k9jg5h0d4dhzr4z0txtwe9p5zxf58xcmxd,pb1rrwuxd65chqed6t0c5z8z505daw0rvsveyl0eq,com.figure.los.contract.origination.RecordPropertyLoanContract,HELOC/Property-Secured,56429500.0,8.5,figure-servicing-1-0,1,0,0,0.0,PAYMENT_FREQUENCY_MONTHLY,DAY_COUNT_CONVENTION_ACTUAL_ACTUAL,INTEREST_ACCRUAL_METHOD_SIMPLE_INTEREST,2026-09-15T02:48:15.823485+00:00
scope1qrc25tq6aszytv5eup27w7nz0rqs9zrlfn,EFAB02CB564627A626A420873812A72D8A8B3ED78DBC77096F6240BEB020A629,2026-09-14T22:38:43.817074909Z,pb1xvd4k9jg5h0d4dhzr4z0txtwe9p5zxf58xcmxd,pb1rrwuxd65chqed6t0c5z8z505daw0rvsveyl0eq,com.figure.los.contract.origination.RecordLoanContract,Consumer/Unsecured,20000000.0,6.85,figure-servicing-1-0,1,0,0,0.0,PAYMENT_FREQUENCY_MONTHLY,DAY_COUNT_CONVENTION_ACTUAL_ACTUAL,INTEREST_ACCRUAL_METHOD_SIMPLE_INTEREST,2026-09-15T02:48:16.373178+00:00
scope1qzvvl2dlyfa54dvwuvx05xfsmtjqz06znw,4CCFC980A6CC95EB4245236EF4B951344AC7EB7E36655DB5379F39AD54E9B327,2026-09-14T22:38:22.377526508Z,pb1xvd4k9jg5h0d4dhzr4z0txtwe9p5zxf58xcmxd,pb1rrwuxd65chqed6t0c5z8z505daw0rvsveyl0eq,com.figure.los.contract.origination.RecordPropertyLoanContract,HELOC/Property-Secured,244154820.0,8.35,figure-servicing-1-0,1,0,0,0.0,PAYMENT_FREQUENCY_MONTHLY,DAY_COUNT_CONVENTION_ACTUAL_ACTUAL,INTEREST_ACCRUAL_METHOD_SIMPLE_INTEREST,2026-09-15T02:48:16.925333+00:00
scope1qrjgzpjamsn57easgun8mypgvavqkrnmz6,62184E395775246F29699EBA7496F60F204A2AFF3AB11F62D82CA1F088007E3F,2026-09-14T22:37:34.584238125Z,pb1xvd4k9jg5h0d4dhzr4z0txtwe9p5zxf58xcmxd,pb1rrwuxd65chqed6t0c5z8z505daw0rvsveyl0eq,com.figure.los.contract.origination.RecordLoanContract,Consumer/Unsecured,20000000.0,7.1,figure-servicing-1-0,1,0,0,0.0,PAYMENT_FREQUENCY_MONTHLY,DAY_COUNT_CONVENTION_ACTUAL_ACTUAL,INTEREST_ACCRUAL_METHOD_SIMPLE_INTEREST,2026-09-15T02:48:17.483977+00:00
scope1qqzlu2hwdx3y60ap495a3448eqrqdhnpp8,D1B192977D9578AEB6309798E7A6B859871029B0B44BB499C664E6243C8A8533,2026-09-14T22:36:24.786546758Z,pb1xvd4k9jg5h0d4dhzr4z0txtwe9p5zxf58xcmxd,pb1rrwuxd65chqed6t0c5z8z505daw0rvsveyl0eq,com.figure.los.contract.origination.RecordLoanContract,Consumer/Unsecured,39000000.0,8.25,figure-servicing-1-0,1,0,0,0.0,PAYMENT_FREQUENCY_MONTHLY,DAY_COUNT_CONVENTION_ACTUAL_ACTUAL,INTEREST_ACCRUAL_METHOD_SIMPLE_INTEREST,2026-09-15T02:48:18.041913+00:00
scope1qpapc4zv7d0yjvu54ge0dp8jkjssz4zry7,3A0532F3BB21A8AA2E512CB2D4F2D7D873E6BDCE17A5269AF9B796CC033E7873,2026-09-14T22:36:20.460683312Z,pb1xvd4k9jg5h0d4dhzr4z0txtwe9p5zxf58xcmxd,pb1rrwuxd65chqed6t0c5z8z505daw0rvsveyl0eq,com.figure.los.contract.origination.RecordLoanContract,Consumer/Unsecured,38000000.0,7.05,figure-servicing-1-0,1,0,0,0.0,PAYMENT_FREQUENCY_MONTHLY,DAY_COUNT_CONVENTION_ACTUAL_ACTUAL,INTEREST_ACCRUAL_METHOD_SIMPLE_INTEREST,2026-09-15T02:48:18.593745+00:00
scope1qr5632c9c6t5nsa646tep8vkq8dq3zy5n7,9E3A11079C98391F3B6F2F5345209E4BD5A88CAEFCAFBA210610539890B5195A,2026-09-14T22:35:41.610677665Z,pb1589kxggzm5sd82dzre47zpp9wjnr4fr229srtj,pb1rrwuxd65chqed6t0c5z8z505daw0rvsveyl0eq,com.figure.los.contract.origination.RecordPropertyLoanContract,HELOC/Property-Secured,36901500.0,7.05,figure-servicing-1-0,1,0,0,0.0,PAYMENT_FREQUENCY_MONTHLY,DAY_COUNT_CONVENTION_ACTUAL_ACTUAL,INTEREST_ACCRUAL_METHOD_SIMPLE_INTEREST,2026-09-15T02:48:19.150496+00:00
scope1qp6mldctrmf5xguqrv359ks9tkfqsv8qdv,BE1E023060A16BCA6227700921C0F1B7EBE946091ED8E019133742EFB14DD272,2026-09-14T22:35:37.281416729Z,pb1kx5k0nr068xhxgcmnzzef9523cxdcexlm3r29w,pb1rrwuxd65chqed6t0c5z8z505daw0rvsveyl0eq,com.figure.los.contract.origination.RecordPropertyLoanContract,HELOC/Property-Secured,51762150.0,11.65,figure-servicing-1-0,1,0,0,0.0,PAYMENT_FREQUENCY_MONTHLY,DAY_COUNT_CONVENTION_ACTUAL_ACTUAL,INTEREST_ACCRUAL_METHOD_SIMPLE_INTEREST,2026-09-15T02:48:19.719603+00:00
scope1qz37wtmj3xfyya9yhkzppz39tq0sj5st5n,7668E80DAC53CA4695D012F4782ACAE22621AEB0B24B4399FCDC242BC93ADE2C,2026-09-14T22:35:33.002756676Z,pb1qjxvmds5pwjt3zursu967phrlf29ndtqr82r4e,pb1rrwuxd65chqed6t0c5z8z505daw0rvsveyl0eq,com.figure.los.contract.origination.RecordPropertyLoanContract,HELOC/Property-Secured,,11.85,figure-servicing-1-0,1,0,0,0.0,PAYMENT_FREQUENCY_MONTHLY,DAY_COUNT_CONVENTION_ACTUAL_ACTUAL,INTEREST_ACCRUAL_METHOD_SIMPLE_INTEREST,2026-09-15T02:48:20.278404+00:00
scope1qp3qcprpl8ky8q9ud8cjdqlrw67szy0wex,6FF76EB61619A3CF13FD03DCB411B6A9F93ADAE2315422D5911188AC63795E4A,2026-09-14T22:35:28.694116240Z,pb1v3uda8qgxv69tx6wclsp0jn4n8xxa5h7gpt2jp,pb1rrwuxd65chqed6t0c5z8z505daw0rvsveyl0eq,com.figure.los.contract.origination.RecordPropertyLoanContract,HELOC/Property-Secured,,9.65,figure-servicing-1-0,1,0,0,0.0,PAYMENT_FREQUENCY_MONTHLY,DAY_COUNT_CONVENTION_ACTUAL_ACTUAL,INTEREST_ACCRUAL_METHOD_SIMPLE_INTEREST,2026-09-15T02:48:21.946511+00:00
scope1qqm5r64f8rj57uvp8nxm79xprfmqasxwqd,7FAC77F1F96316A3574AD406E77D7A391212BA635962E46DBDC499A21FD6ACE0,2026-09-14T22:35:28.694116240Z,pb1awn7unm6pv3rd9s0wzg4vje357dn3pn8ua530c,pb1rrwuxd65chqed6t0c5z8z505daw0rvsveyl0eq,com.figure.los.contract.origination.RecordPropertyLoanContract,HELOC/Property-Secured,,12.0,figure-servicing-1-0,1,0,0,0.0,PAYMENT_FREQUENCY_MONTHLY,DAY_COUNT_CONVENTION_ACTUAL_ACTUAL,INTEREST_ACCRUAL_METHOD_SIMPLE_INTEREST,2026-09-15T02:48:21.394164+00:00
scope1qz64el75v465cf5x5a873jrsk3zqq8t9ju,8F710557B52DE4960909225599DB29A7230C99EEC21F4B18A5C4274942FD64A4,2026-09-14T22:35:28.694116240Z,pb1kx5k0nr068xhxgcmnzzef9523cxdcexlm3r29w,pb1rrwuxd65chqed6t0c5z8z505daw0rvsveyl0eq,com.figure.los.contract.origination.RecordPropertyLoanContract,HELOC/Property-Secured,,7.85,figure-servicing-1-0,1,0,0,0.0,PAYMENT_FREQUENCY_MONTHLY,DAY_COUNT_CONVENTION_ACTUAL_ACTUAL,INTEREST_ACCRUAL_METHOD_SIMPLE_INTEREST,2026-09-15T02:48:20.836347+00:00
scope1qz0x8n08sf956fu38v5ymfu8l0sq4es6q7,6C8F2AFF2CFB340174E9894A37BCB04441A64BFF3834A7590FF096318C1A3847,2026-09-14T22:35:24.410689630Z,pb1xvd4k9jg5h0d4dhzr4z0txtwe9p5zxf58xcmxd,pb1rrwuxd65chqed6t0c5z8z505daw0rvsveyl0eq,com.figure.los.contract.origination.RecordPropertyLoanContract,HELOC/Property-Secured,,11.3,figure-servicing-1-0,1,0,0,0.0,PAYMENT_FREQUENCY_MONTHLY,DAY_COUNT_CONVENTION_ACTUAL_ACTUAL,INTEREST_ACCRUAL_METHOD_SIMPLE_INTEREST,2026-09-15T02:48:22.505062+00:00
scope1qpemya6st05yppuacglylpmpttxsxfras5,A0DAFC44DD272D549BA29161C1F805ACA52B8DDEC75B3A3E3B452C9804CB133D,2026-09-14T22:35:20.103450638Z,pb1vcvv37pka8nyk2q3lkxz56c3ljeu4p7nkd2mdt,pb1rrwuxd65chqed6t0c5z8z505daw0rvsveyl0eq,com.figure.los.contract.origination.RecordPropertyLoanContract,HELOC/Property-Secured,,8.0,figure-servicing-1-0,1,0,0,0.0,PAYMENT_FREQUENCY_MONTHLY,DAY_COUNT_CONVENTION_ACTUAL_ACTUAL,INTEREST_ACCRUAL_METHOD_SIMPLE_INTEREST,2026-09-15T02:48:23.060892+00:00
scope1qpggjha0knnyghaw94u9wr6z8ngqx9e5zj,F41A6E730E7BCD3F7793C66EC872BFE1E233D8928D87A3A63C68B9ABA3FAEE4C,2026-09-14T22:34:45.377214485Z,pb1xvd4k9jg5h0d4dhzr4z0txtwe9p5zxf58xcmxd,pb1rrwuxd65chqed6t0c5z8z505daw0rvsveyl0eq,com.figure.los.contract.origination.RecordLoanContract,Consumer/Unsecured,25000000.0,6.75,figure-servicing-1-0,1,0,0,0.0,PAYMENT_FREQUENCY_MONTHLY,DAY_COUNT_CONVENTION_ACTUAL_ACTUAL,INTEREST_ACCRUAL_METHOD_SIMPLE_INTEREST,2026-09-15T02:48:23.612993+00:00
scope1qr5flq4s2l4y2nv2gh993wfygf9ssd3kt4,14BA9E00F82BC3A7020396B959AF7E375179836B4BC715DC25F7B71E380EA0E0,2026-09-14T22:34:36.402554151Z,pb13knswfs6ack05wveq5nua7jgc5jnld3zg8xl52,pb1rrwuxd65chqed6t0c5z8z505daw0rvsveyl0eq,com.figure.los.contract.origination.RecordPropertyLoanContract,HELOC/Property-Secured,52975000.0,7.55,figure-servicing-1-0,1,0,0,0.0,PAYMENT_FREQUENCY_MONTHLY,DAY_COUNT_CONVENTION_ACTUAL_ACTUAL,INTEREST_ACCRUAL_METHOD_SIMPLE_INTEREST,2026-09-15T02:48:24.170391+00:00
scope1qqggcpytvgf5e3vpq4pyj40fzyys3zr73k,F696124172225D717E074FF8A708A17E6878039CEB23EB4E3A8081E64BC28440,2026-09-14T22:34:01.484481779Z,pb13knswfs6ack05wveq5nua7jgc5jnld3zg8xl52,pb1rrwuxd65chqed6t0c5z8z505daw0rvsveyl0eq,com.figure.los.contract.origination.RecordPropertyLoanContract,HELOC/Property-Secured,37552500.0,7.9,figure-servicing-1-0,1,0,0,0.0,PAYMENT_FREQUENCY_MONTHLY,DAY_COUNT_CONVENTION_ACTUAL_ACTUAL,INTEREST_ACCRUAL_METHOD_SIMPLE_INTEREST,2026-09-15T02:48:24.723707+00:00
scope1qp06mazpq7x5rxy7mlhh3ktn3mmsm3fqz9,FA81DC83C626DFC2E294A6C7023E67AAA2A8115289E048D43663017DD197C635,2026-09-14T22:32:52.523953293Z,pb1xvd4k9jg5h0d4dhzr4z0txtwe9p5zxf58xcmxd,pb1rrwuxd65chqed6t0c5z8z505daw0rvsveyl0eq,com.figure.los.contract.origination.RecordLoanContract,Consumer/Unsecured,1500000.0,9.55,figure-servicing-1-0,1,0,0,0.0,PAYMENT_FREQUENCY_MONTHLY,DAY_COUNT_CONVENTION_ACTUAL_ACTUAL,INTEREST_ACCRUAL_METHOD_SIMPLE_INTEREST,2026-09-15T02:48:25.315363+00:00
scope1qph8cgspmtk5qq95azv2lkkw8d7s8ke3ma,3B9D06FD567CB206064CD6AFBD78470C71F8B89BD7F9D215354C17AC1449B195,2026-09-14T22:30:42.566752200Z,pb1xvd4k9jg5h0d4dhzr4z0txtwe9p5zxf58xcmxd,pb1rrwuxd65chqed6t0c5z8z505daw0rvsveyl0eq,com.figure.los.contract.origination.RecordPropertyLoanContract,HELOC/Property-Secured,18270340.0,10.75,figure-servicing-1-0,1,0,0,0.0,PAYMENT_FREQUENCY_MONTHLY,DAY_COUNT_CONVENTION_ACTUAL_ACTUAL,INTEREST_ACCRUAL_METHOD_SIMPLE_INTEREST,2026-09-15T02:48:25.871534+00:00
scope1qzw84uatr94yh69j775tpvtx9awql4angt,C26774A8823E73D53FAF410633B713F74180A82DDBD6AC4F78CFEC5876D8A610,2026-09-14T22:30:33.907337035Z,pb13knswfs6ack05wveq5nua7jgc5jnld3zg8xl52,pb1rrwuxd65chqed6t0c5z8z505daw0rvsveyl0eq,com.figure.los.contract.origination.RecordPropertyLoanContract,HELOC/Property-Secured,,7.55,figure-servicing-1-0,1,0,0,0.0,PAYMENT_FREQUENCY_MONTHLY,DAY_COUNT_CONVENTION_ACTUAL_ACTUAL,INTEREST_ACCRUAL_METHOD_SIMPLE_INTEREST,2026-09-15T02:48:26.435192+00:00
scope1qpq7vl8qs7p5785gv8q0jsyz4ygqdfvyfj,9ECA9CA9A1292DA78F52556EC41C208FDFE579D2626AE22B012AA35BBD9E22FB,2026-09-14T22:30:29.431047105Z,pb1xvd4k9jg5h0d4dhzr4z0txtwe9p5zxf58xcmxd,pb1rrwuxd65chqed6t0c5z8z505daw0rvsveyl0eq,com.figure.los.contract.origination.RecordPropertyLoanContract,HELOC/Property-Secured,,9.45,figure-servicing-1-0,1,0,0,0.0,PAYMENT_FREQUENCY_MONTHLY,DAY_COUNT_CONVENTION_ACTUAL_ACTUAL,INTEREST_ACCRUAL_METHOD_SIMPLE_INTEREST,2026-09-15T02:48:26.992505+00:00
scope1qr36kqjpflz5c2vyg3hc5l2xc3es254x3q,792198F38BB7C2F640FEA7CD43C785CC0D25750FEC4DC7DBD79A8D7FFCFB8C46,2026-09-14T22:30:20.626763425Z,pb1tntasskkhfuaeataw3qj6ed7u4gmlcxz69tppu,pb1rrwuxd65chqed6t0c5z8z505daw0rvsveyl0eq,com.figure.los.contract.origination.RecordPropertyLoanContract,HELOC/Property-Secured,,9.15,figure-servicing-1-0,1,0,0,0.0,PAYMENT_FREQUENCY_MONTHLY,DAY_COUNT_CONVENTION_ACTUAL_ACTUAL,INTEREST_ACCRUAL_METHOD_SIMPLE_INTEREST,2026-09-15T02:48:28.103360+00:00
scope1qzju0kggvv7yqlyu6f5u6xt7fx3qp9gphk,CA810B066EFACB5ACCF0315B30CB5AE2DD74501330C7493CB0B19E1362D38901,2026-09-14T22:30:20.626763425Z,pb1qjxvmds5pwjt3zursu967phrlf29ndtqr82r4e,pb1rrwuxd65chqed6t0c5z8z505daw0rvsveyl0eq,com.figure.los.contract.origination.RecordPropertyLoanContract,HELOC/Property-Secured,,8.2,figure-servicing-1-0,1,0,0,0.0,PAYMENT_FREQUENCY_MONTHLY,DAY_COUNT_CONVENTION_ACTUAL_ACTUAL,INTEREST_ACCRUAL_METHOD_SIMPLE_INTEREST,2026-09-15T02:48:27.545311+00:00
scope1qqfwf3xqqyr57j9xf5slulhvfdxs3mg6dn,AEA28034A8C4A8A16E81110561DA694AE656CD7F603BBAE462FFB24712609576,2026-09-14T22:30:12.122059400Z,pb13knswfs6ack05wveq5nua7jgc5jnld3zg8xl52,pb1rrwuxd65chqed6t0c5z8z505daw0rvsveyl0eq,com.figure.los.contract.origination.RecordPropertyLoanContract,HELOC/Property-Secured,25011890.0,10.5,figure-servicing-1-0,1,0,0,0.0,PAYMENT_FREQUENCY_MONTHLY,DAY_COUNT_CONVENTION_ACTUAL_ACTUAL,INTEREST_ACCRUAL_METHOD_SIMPLE_INTEREST,2026-09-15T02:48:28.656856+00:00
scope1qpe8r2pjrsd5c45967ce9mytefrqhpdp0l,FBD5919F86190DA84F4F97C338DAD01FA630AEA3C8B5043271428C91BBD7A3F6,2026-09-14T22:30:07.798352154Z,pb1xvd4k9jg5h0d4dhzr4z0txtwe9p5zxf58xcmxd,pb1rrwuxd65chqed6t0c5z8z505daw0rvsveyl0eq,com.figure.los.contract.origination.RecordPropertyLoanContract,HELOC/Property-Secured,67281350.0,8.85,figure-servicing-1-0,1,0,0,0.0,PAYMENT_FREQUENCY_MONTHLY,DAY_COUNT_CONVENTION_ACTUAL_ACTUAL,INTEREST_ACCRUAL_METHOD_SIMPLE_INTEREST,2026-09-15T02:48:29.214769+00:00
scope1qrf5dmlch40ys04rtwf6xw5e8slqkavcwt,06AA796FF7DEDB9E82D8F87C3E89E0717BF8A763A67454D77EAAB88EB4A0C969,2026-09-14T22:29:50.401457255Z,pb13knswfs6ack05wveq5nua7jgc5jnld3zg8xl52,pb1rrwuxd65chqed6t0c5z8z505daw0rvsveyl0eq,com.figure.los.contract.origination.RecordPropertyLoanContract,HELOC/Property-Secured,26423000.0,6.15,figure-servicing-1-0,1,0,0,0.0,PAYMENT_FREQUENCY_MONTHLY,DAY_COUNT_CONVENTION_ACTUAL_ACTUAL,INTEREST_ACCRUAL_METHOD_SIMPLE_INTEREST,2026-09-15T02:48:29.765077+00:00
scope1qrsws2nhst85c3vwhqpplgupqpeqn88hsy,76644668B57C45B0246A42AB211F1D66EB2391936BFDF3F85301583C4A656E3F,2026-09-14T22:28:49.352491992Z,pb1h3cazsx4p6v3alf0ejuq68qge59k9r9pfrqzlr,pb1rrwuxd65chqed6t0c5z8z505daw0rvsveyl0eq,com.figure.los.contract.origination.RecordPropertyLoanContract,HELOC/Property-Secured,50325000.0,10.8,figure-servicing-1-0,1,0,0,0.0,PAYMENT_FREQUENCY_MONTHLY,DAY_COUNT_CONVENTION_ACTUAL_ACTUAL,INTEREST_ACCRUAL_METHOD_SIMPLE_INTEREST,2026-09-15T02:48:30.315465+00:00
scope1qq2h45de87myug97ahlv6llnmgyq9w2uu9,5EC8990079CF4DF8DF2D38757F9B6CCD2ABB0992415B3EF75797ECA1D5B94F06,2026-09-14T22:27:49.068691661Z,pb1xvd4k9jg5h0d4dhzr4z0txtwe9p5zxf58xcmxd,pb1rrwuxd65chqed6t0c5z8z505daw0rvsveyl0eq,com.figure.los.contract.origination.RecordLoanContract,Consumer/Unsecured,8000000.0,8.05,figure-servicing-1-0,1,0,0,0.0,PAYMENT_FREQUENCY_MONTHLY,DAY_COUNT_CONVENTION_ACTUAL_ACTUAL,INTEREST_ACCRUAL_METHOD_SIMPLE_INTEREST,2026-09-15T02:48:30.876281+00:00
scope1qr4pwg6cssj5n8vcuav3p3j2ptcsfzyl8s,34A91D745BF7F39B2D99FDABC4C0D5A8427B60CBA7ABCCDCCAF00158D96CEDFD,2026-09-14T22:27:36.099530432Z,pb1xvd4k9jg5h0d4dhzr4z0txtwe9p5zxf58xcmxd,pb1rrwuxd65chqed6t0c5z8z505daw0rvsveyl0eq,com.figure.los.contract.origination.RecordLoanContract,Consumer/Unsecured,2500000.0,10.6,figure-servicing-1-0,1,0,0,0.0,PAYMENT_FREQUENCY_MONTHLY,DAY_COUNT_CONVENTION_ACTUAL_ACTUAL,INTEREST_ACCRUAL_METHOD_SIMPLE_INTEREST,2026-09-15T02:48:31.429366+00:00
scope1qqd0r3qurqpyzvdceydvn6pw9p5s6xqqcd,7839EF342C39292106CDEEE7934007C872CDF4EFD94C2A41106A0B71DECEF5A8,2026-09-14T22:26:40.010745753Z,pb1xvd4k9jg5h0d4dhzr4z0txtwe9p5zxf58xcmxd,pb1rrwuxd65chqed6t0c5z8z505daw0rvsveyl0eq,com.figure.los.contract.origination.RecordPropertyLoanContract,HELOC/Property-Secured,51390000.0,12.25,figure-servicing-1-0,1,0,0,0.0,PAYMENT_FREQUENCY_MONTHLY,DAY_COUNT_CONVENTION_ACTUAL_ACTUAL,INTEREST_ACCRUAL_METHOD_SIMPLE_INTEREST,2026-09-15T02:48:31.987746+00:00
scope1qrz70wn00h5ypua7krgugjdam43sd4f896,5FA43FC98EB700D9989038BE8C6836E37070181D8075BCEF9310504E3AC502F3,2026-09-14T22:26:31.225238862Z,pb13knswfs6ack05wveq5nua7jgc5jnld3zg8xl52,pb1rrwuxd65chqed6t0c5z8z505daw0rvsveyl0eq,com.figure.los.contract.origination.RecordPropertyLoanContract,HELOC/Property-Secured,103941320.0,9.85,figure-servicing-1-0,1,0,0,0.0,PAYMENT_FREQUENCY_MONTHLY,DAY_COUNT_CONVENTION_ACTUAL_ACTUAL,INTEREST_ACCRUAL_METHOD_SIMPLE_INTEREST,2026-09-15T02:48:32.550085+00:00
scope1qpdjjczyekl5rmaq00f6ljgqx2cq3kdw7f,E8423374B3CFFD12A6E497C4BA78FAFE98D0C7B01C5837A397372CF0BC4C855C,2026-09-14T22:25:39.182921738Z,pb13knswfs6ack05wveq5nua7jgc5jnld3zg8xl52,pb1rrwuxd65chqed6t0c5z8z505daw0rvsveyl0eq,com.figure.los.contract.origination.RecordPropertyLoanContract,HELOC/Property-Secured,,14.18,figure-servicing-1-0,1,0,0,0.0,PAYMENT_FREQUENCY_MONTHLY,DAY_COUNT_CONVENTION_ACTUAL_ACTUAL,INTEREST_ACCRUAL_METHOD_SIMPLE_INTEREST,2026-09-15T02:48:33.657292+00:00
scope1qpp2l4u72w4yt74w6zq2nvh6tcwqd4ytnl,E30D6CE861B82ECAA6984E7775C86943E826C039D7087E310A88FC3CF2CCE044,2026-09-14T22:25:39.182921738Z,pb1kx5k0nr068xhxgcmnzzef9523cxdcexlm3r29w,pb1rrwuxd65chqed6t0c5z8z505daw0rvsveyl0eq,com.figure.los.contract.origination.RecordPropertyLoanContract,HELOC/Property-Secured,,10.6,figure-servicing-1-0,1,0,0,0.0,PAYMENT_FREQUENCY_MONTHLY,DAY_COUNT_CONVENTION_ACTUAL_ACTUAL,INTEREST_ACCRUAL_METHOD_SIMPLE_INTEREST,2026-09-15T02:48:33.104944+00:00
scope1qzupyymklqlydqdct9ysujnvrx3qr4m75f,9DB1088DC282BAAD748731F0F7DC8CBDA61220B29F2FDD5C56A61FB5389F0C82,2026-09-14T22:25:21.536047846Z,pb13knswfs6ack05wveq5nua7jgc5jnld3zg8xl52,pb1rrwuxd65chqed6t0c5z8z505daw0rvsveyl0eq,com.figure.los.contract.origination.RecordPropertyLoanContract,HELOC/Property-Secured,,8.75,figure-servicing-1-0,1,0,0,0.0,PAYMENT_FREQUENCY_MONTHLY,DAY_COUNT_CONVENTION_ACTUAL_ACTUAL,INTEREST_ACCRUAL_METHOD_SIMPLE_INTEREST,2026-09-15T02:48:34.209838+00:00
scope1qrxd7l3nk5g5ge534a4drzrrn0mqa8nhhq,F421F136E699FC39A80151E9546DB735621457E2FE227B9839240C4E011BFD87,2026-09-14T22:25:17.222699594Z,pb1xvd4k9jg5h0d4dhzr4z0txtwe9p5zxf58xcmxd,pb1rrwuxd65chqed6t0c5z8z505daw0rvsveyl0eq,com.figure.los.contract.origination.RecordPropertyLoanContract,HELOC/Property-Secured,,8.2,figure-servicing-1-0,1,0,0,0.0,PAYMENT_FREQUENCY_MONTHLY,DAY_COUNT_CONVENTION_ACTUAL_ACTUAL,INTEREST_ACCRUAL_METHOD_SIMPLE_INTEREST,2026-09-15T02:48:34.787251+00:00
scope1qzt3zp8l6ky5525k8n2d8z50lctspnhawz,C212216029C494A6193602524A3BDF32EEF04FD8516810E62A88245B43935F06,2026-09-14T22:24:38.108916419Z,pb1xvd4k9jg5h0d4dhzr4z0txtwe9p5zxf58xcmxd,pb1rrwuxd65chqed6t0c5z8z505daw0rvsveyl0eq,com.figure.los.contract.origination.RecordLoanContract,Consumer/Unsecured,9000000.0,8.5,figure-servicing-1-0,1,0,0,0.0,PAYMENT_FREQUENCY_MONTHLY,DAY_COUNT_CONVENTION_ACTUAL_ACTUAL,INTEREST_ACCRUAL_METHOD_SIMPLE_INTEREST,2026-09-15T02:48:35.343382+00:00
scope1qp8v2jkyprw55h9xvhzzgp9dsvfsasmv2r,9DEFEA39170CAFC5EE9B715428D162557163E4E016562A9C1EDD1571464F5212,2026-09-14T22:24:03.411309608Z,pb1xvd4k9jg5h0d4dhzr4z0txtwe9p5zxf58xcmxd,pb1rrwuxd65chqed6t0c5z8z505daw0rvsveyl0eq,com.figure.los.contract.origination.RecordPropertyLoanContract,HELOC/Property-Secured,,8.7,figure-servicing-1-0,1,31671,0,0.0,PAYMENT_FREQUENCY_MONTHLY,DAY_COUNT_CONVENTION_ACTUAL_ACTUAL,INTEREST_ACCRUAL_METHOD_SIMPLE_INTEREST,2026-09-15T02:48:35.904546+00:00
scope1qpefpxnk5p3yynu233k8ghz7tj4q0hn5yg,94A60791AF9EBAEA830E6592C49CEF2DDD496242A1DAF82A66E72D12299F7C8A,2026-09-14T22:23:37.104667209Z,pb14ep8k6jtc338c00t9khyrydpw7vywagdzqntwz,pb1rrwuxd65chqed6t0c5z8z505daw0rvsveyl0eq,com.figure.los.contract.origination.UpdateValidationResultContract,Other,,9.1,figure-servicing-1-0,1,31669,0,0.0,PAYMENT_FREQUENCY_MONTHLY,DAY_COUNT_CONVENTION_ACTUAL_ACTUAL,INTEREST_ACCRUAL_METHOD_SIMPLE_INTEREST,2026-09-15T02:48:36.460925+00:00
scope1qpq2zqtx4705w7v0y943agav829shew67a,43299870B1964C899EEEDD02A77C685470076D07DDD9C56DC872F5681D335786,2026-09-14T22:22:45.459994737Z,pb17e03lfm0sxjkf860l4n2j2h5yh4s9etq5l9laq,pb1rrwuxd65chqed6t0c5z8z505daw0rvsveyl0eq,com.figure.los.contract.origination.UpdateFundingContract,Other,,9.3,figure-servicing-1-0,1,31671,0,0.0,PAYMENT_FREQUENCY_MONTHLY,DAY_COUNT_CONVENTION_ACTUAL_ACTUAL,INTEREST_ACCRUAL_METHOD_SIMPLE_INTEREST,2026-09-15T02:48:37.012558+00:00
scope1qq4a7ln9k8y50e9yk9tltzrj65mq8swreu,3EA15BDE10CE6D22C95E2A5E20B38DC88DBAB679940491D95386084B114622C9,2026-09-14T22:22:23.881457811Z,pb13knswfs6ack05wveq5nua7jgc5jnld3zg8xl52,pb1rrwuxd65chqed6t0c5z8z505daw0rvsveyl0eq,com.figure.los.contract.origination.RecordPropertyLoanContract,HELOC/Property-Secured,,9.4,figure-servicing-1-0,1,0,0,0.0,PAYMENT_FREQUENCY_MONTHLY,DAY_COUNT_CONVENTION_ACTUAL_ACTUAL,INTEREST_ACCRUAL_METHOD_SIMPLE_INTEREST,2026-09-15T02:48:37.572404+00:00
scope1qpdvxxlk0lp5a0a0s7mvfaf9qmxst6mx9x,54CF53505D88CDA0315CCC95D9C93973163F180F4CA2B481F08A0267AF37E8A0,2026-09-14T22:22:15.246314894Z,pb1xvd4k9jg5h0d4dhzr4z0txtwe9p5zxf58xcmxd,pb1rrwuxd65chqed6t0c5z8z505daw0rvsveyl0eq,com.figure.los.contract.origination.UpdateValidationResultContract,Other,,11.0,figure-servicing-1-0,1,24364,0,0.0,PAYMENT_FREQUENCY_MONTHLY,DAY_COUNT_CONVENTION_ACTUAL_ACTUAL,INTEREST_ACCRUAL_METHOD_SIMPLE_INTEREST,2026-09-15T02:48:38.125634+00:00
scope1qzs8adaun605jmymln5yuvgg7rzsk2dqax,B1272022ECF1F826021FB630C93494AC2371D09853B73B0424695D17454AC731,2026-09-14T22:22:02.498513826Z,pb1xvd4k9jg5h0d4dhzr4z0txtwe9p5zxf58xcmxd,pb1rrwuxd65chqed6t0c5z8z505daw0rvsveyl0eq,com.figure.los.contract.origination.UpdateFundingContract,Other,,8.35,figure-servicing-1-0,1,27723,0,0.0,PAYMENT_FREQUENCY_MONTHLY,DAY_COUNT_CONVENTION_ACTUAL_ACTUAL,INTEREST_ACCRUAL_METHOD_SIMPLE_INTEREST,2026-09-15T02:48:38.679501+00:00
scope1qp6k3rhyk9055culdqhntjd5sljqca6zsa,05D8861B23C6072A7FC211A2D213F3FF052D75930828AB6C9C926A7AA85C4102,2026-09-14T22:21:31.726611397Z,pb1xvd4k9jg5h0d4dhzr4z0txtwe9p5zxf58xcmxd,pb1rrwuxd65chqed6t0c5z8z505daw0rvsveyl0eq,com.figure.los.contract.origination.UpdateFundingContract,Other,,10.05,figure-servicing-1-0,1,31083,0,0.0,PAYMENT_FREQUENCY_MONTHLY,DAY_COUNT_CONVENTION_ACTUAL_ACTUAL,INTEREST_ACCRUAL_METHOD_SIMPLE_INTEREST,2026-09-15T02:48:39.226295+00:00
scope1qq6xwyknyjkytcvkxyx8gwq2md6shtxdqq,95415168A3CF9D13EC5EB9292392BFDFF2B0B1B7B3E71822417F225A0DF05049,2026-09-14T22:21:14.429943491Z,pb1k38pa6rgnepcs592n4mvr3hxucw8tslprcmlvk,pb1rrwuxd65chqed6t0c5z8z505daw0rvsveyl0eq,com.figure.los.contract.origination.RecordPropertyLoanContract,HELOC/Property-Secured,,8.35,figure-servicing-1-0,1,28018,0,0.0,PAYMENT_FREQUENCY_MONTHLY,DAY_COUNT_CONVENTION_ACTUAL_ACTUAL,INTEREST_ACCRUAL_METHOD_SIMPLE_INTEREST,2026-09-15T02:48:39.781098+00:00
scope1qrj2r66783pyz6um7f2cfy60yyesf6fzxj,867E21857268C507CA40814E71B8103D7C641A6C9533A6B9D54683455E30F067,2026-09-14T22:20:27.011467402Z,pb1awn7unm6pv3rd9s0wzg4vje357dn3pn8ua530c,pb1rrwuxd65chqed6t0c5z8z505daw0rvsveyl0eq,com.figure.los.contract.origination.RecordPropertyLoanContract,HELOC/Property-Secured,,10.5,figure-servicing-1-0,1,0,0,0.0,PAYMENT_FREQUENCY_MONTHLY,DAY_COUNT_CONVENTION_ACTUAL_ACTUAL,INTEREST_ACCRUAL_METHOD_SIMPLE_INTEREST,2026-09-15T02:48:40.897616+00:00
scope1qpkpz9q3245yvp4awlcy3z50d4usxlhpgn,45555785FD6ABE5A008784F824F3062D7C62D32D44EE35103904264B577A6C2D,2026-09-14T22:20:27.011467402Z,pb1xvd4k9jg5h0d4dhzr4z0txtwe9p5zxf58xcmxd,pb1rrwuxd65chqed6t0c5z8z505daw0rvsveyl0eq,com.figure.los.contract.origination.RecordPropertyLoanContract,HELOC/Property-Secured,,8.95,figure-servicing-1-0,1,0,0,0.0,PAYMENT_FREQUENCY_MONTHLY,DAY_COUNT_CONVENTION_ACTUAL_ACTUAL,INTEREST_ACCRUAL_METHOD_SIMPLE_INTEREST,2026-09-15T02:48:40.339235+00:00
scope1qzwn3trakd8yfk50qgjqcsu8vk7q2ap4dw,FC6593E3ECA3F58E8292373BA1B89A02C326501EF1AF08EFDDD0B2AB33EC173C,2026-09-14T22:20:18.240659228Z,pb1urn5mj5trz3m24qf8fj73udy55gla6eunt4ha4,pb1rrwuxd65chqed6t0c5z8z505daw0rvsveyl0eq,com.figure.los.contract.origination.RecordPropertyLoanContract,HELOC/Property-Secured,,9.9,figure-servicing-1-0,1,0,0,0.0,PAYMENT_FREQUENCY_MONTHLY,DAY_COUNT_CONVENTION_ACTUAL_ACTUAL,INTEREST_ACCRUAL_METHOD_SIMPLE_INTEREST,2026-09-15T02:48:41.451966+00:00
scope1qqmf3ja0rqj5ft9t2qn4r2gytr6q6pj6m6,ECA970BBD0A638079796B64E1176AE0FE21B2F9A85B5204A965CE8B727721F80,2026-09-14T22:19:56.634644185Z,pb13knswfs6ack05wveq5nua7jgc5jnld3zg8xl52,pb1rrwuxd65chqed6t0c5z8z505daw0rvsveyl0eq,com.figure.los.contract.origination.UpdateFundingContract,Other,,7.15,figure-servicing-1-0,1,28016,0,0.0,PAYMENT_FREQUENCY_MONTHLY,DAY_COUNT_CONVENTION_ACTUAL_ACTUAL,INTEREST_ACCRUAL_METHOD_SIMPLE_INTEREST,2026-09-15T02:48:42.012347+00:00
scope1qzge5gjkcrky0pvex940k4kl4q0skadjnh,D162E706330318F19A2C9390200BC060746B35A4168C5756AEB7203A6F4CB1F6,2026-09-14T22:19:43.299288829Z,pb1k38pa6rgnepcs592n4mvr3hxucw8tslprcmlvk,pb1rrwuxd65chqed6t0c5z8z505daw0rvsveyl0eq,com.figure.los.contract.origination.UpdateFundingContract,Other,,8.65,figure-servicing-1-0,1,31670,0,0.0,PAYMENT_FREQUENCY_MONTHLY,DAY_COUNT_CONVENTION_ACTUAL_ACTUAL,INTEREST_ACCRUAL_METHOD_SIMPLE_INTEREST,2026-09-15T02:48:42.568028+00:00
scope1qz56jl0l3975kkartfs47dxax0eq2wgpjn,03755404A36509F5B3EE75591309DF2CA21BA27DFF00D7E6BAC089467824A75C,2026-09-14T22:19:38.879929693Z,pb1589kxggzm5sd82dzre47zpp9wjnr4fr229srtj,pb1rrwuxd65chqed6t0c5z8z505daw0rvsveyl0eq,com.figure.los.contract.origination.UpdateFundingContract,Other,,9.85,figure-servicing-1-0,1,31670,0,0.0,PAYMENT_FREQUENCY_MONTHLY,DAY_COUNT_CONVENTION_ACTUAL_ACTUAL,INTEREST_ACCRUAL_METHOD_SIMPLE_INTEREST,2026-09-15T02:48:43.126991+00:00
scope1qq3s3a7hze45nka48gdsua6pwfysfn9eea,7A000E65FC147C7483B7DEAC2839E51CFE9605FDDD95286629880E24C6DAD581,2026-09-14T22:19:21.489147477Z,pb1kx5k0nr068xhxgcmnzzef9523cxdcexlm3r29w,pb1rrwuxd65chqed6t0c5z8z505daw0rvsveyl0eq,com.figure.los.contract.origination.RecordPropertyLoanContract,HELOC/Property-Secured,,6.9,figure-servicing-1-0,1,28017,0,0.0,PAYMENT_FREQUENCY_MONTHLY,DAY_COUNT_CONVENTION_ACTUAL_ACTUAL,INTEREST_ACCRUAL_METHOD_SIMPLE_INTEREST,2026-09-15T02:48:43.689907+00:00
scope1qp4e52tzxrz5gn44jd0nhhg6f0csw0dfx0,D0A5F833E536DF0C898446603C0D226696722C1F563C728A2CDA895E6099DA78,2026-09-14T22:19:04.262529012Z,pb16j3hxhr0m56h9u9ptdtz2qpmtd7333f77h64m6,pb1rrwuxd65chqed6t0c5z8z505daw0rvsveyl0eq,com.figure.los.contract.origination.UpdatePropertyLoanContract,HELOC/Property-Secured,,7.65,figure-servicing-1-0,1,28016,0,0.0,PAYMENT_FREQUENCY_MONTHLY,DAY_COUNT_CONVENTION_ACTUAL_ACTUAL,INTEREST_ACCRUAL_METHOD_SIMPLE_INTEREST,2026-09-15T02:48:44.266782+00:00
scope1qpgce00tx6z5txdznpxz6g3rpylq48w36u,F23ABC2907BF104456B3CC0AFC3EA97DDDDB7264E43C3CB6F88463AD10B3FD0A,2026-09-14T22:18:12.417511916Z,pb1xvd4k9jg5h0d4dhzr4z0txtwe9p5zxf58xcmxd,pb1rrwuxd65chqed6t0c5z8z505daw0rvsveyl0eq,com.figure.los.contract.origination.RecordLoanContract,Consumer/Unsecured,,9.0,figure-servicing-1-0,1,27843,0,0.0,PAYMENT_FREQUENCY_MONTHLY,DAY_COUNT_CONVENTION_ACTUAL_ACTUAL,INTEREST_ACCRUAL_METHOD_SIMPLE_INTEREST,2026-09-15T02:48:44.831075+00:00
scope1qqksm3yyz9cyq3ydj8xffy9pgt3qkpg5r4,0F78546F0A373D8E6466B7C82005C59E47CD8E5B81D75CBF01AA44CFE3CE5AEF,2026-09-14T22:18:08.088379035Z,pb13knswfs6ack05wveq5nua7jgc5jnld3zg8xl52,pb1rrwuxd65chqed6t0c5z8z505daw0rvsveyl0eq,com.figure.los.contract.origination.UpdateFundingContract,Other,,13.1,figure-servicing-1-0,1,31669,0,0.0,PAYMENT_FREQUENCY_MONTHLY,DAY_COUNT_CONVENTION_ACTUAL_ACTUAL,INTEREST_ACCRUAL_METHOD_SIMPLE_INTEREST,2026-09-15T02:48:45.385699+00:00
scope1qz563t6699pysyaep0hajwgk740q82kypn,529FCBDF27A31AADE651DC287D416E010F3BD5B57D91E233226B713C9D3B00E2,2026-09-14T22:17:07.663235554Z,pb1589kxggzm5sd82dzre47zpp9wjnr4fr229srtj,pb1rrwuxd65chqed6t0c5z8z505daw0rvsveyl0eq,com.figure.los.contract.origination.RecordPropertyLoanContract,HELOC/Property-Secured,,13.45,figure-servicing-1-0,1,24364,0,0.0,PAYMENT_FREQUENCY_MONTHLY,DAY_COUNT_CONVENTION_ACTUAL_ACTUAL,INTEREST_ACCRUAL_METHOD_SIMPLE_INTEREST,2026-09-15T02:48:45.950177+00:00
scope1qrh5glhkn49ydx5z52wjn3q3zjssk423vr,CE9E31011E024936A0EA8789F08D1D05F8B59B318C1510977BA7993770C2038C,2026-09-14T22:16:32.848461555Z,pb14ep8k6jtc338c00t9khyrydpw7vywagdzqntwz,pb1rrwuxd65chqed6t0c5z8z505daw0rvsveyl0eq,com.figure.los.contract.origination.UpdateValidationResultContract,Other,,9.45,figure-servicing-1-0,1,31669,0,0.0,PAYMENT_FREQUENCY_MONTHLY,DAY_COUNT_CONVENTION_ACTUAL_ACTUAL,INTEREST_ACCRUAL_METHOD_SIMPLE_INTEREST,2026-09-15T02:48:46.509333+00:00
scope1qzh9gn2mtn057vykrtxxx4x722ps9flec6,7E81BCF30C10136078FB3B4DE841A14064EE66D0AF8A5D450A278EF337636365,2026-09-14T22:15:39.585262160Z,pb14ep8k6jtc338c00t9khyrydpw7vywagdzqntwz,pb1rrwuxd65chqed6t0c5z8z505daw0rvsveyl0eq,com.figure.los.contract.origination.RecordPropertyLoanContract,HELOC/Property-Secured,,7.1,figure-servicing-1-0,1,0,0,0.0,PAYMENT_FREQUENCY_MONTHLY,DAY_COUNT_CONVENTION_ACTUAL_ACTUAL,INTEREST_ACCRUAL_METHOD_SIMPLE_INTEREST,2026-09-15T02:48:47.065511+00:00
scope1qps88hjr0weyj8vddmxfzcglzjfssapp98,327E6B936318FC0BD6DB1D98D4E3E3E2565154722FB79A2D87F5D8FAA085C90A,2026-09-14T22:15:31.000427482Z,pb13knswfs6ack05wveq5nua7jgc5jnld3zg8xl52,pb1rrwuxd65chqed6t0c5z8z505daw0rvsveyl0eq,com.figure.los.contract.origination.RecordPropertyLoanContract,HELOC/Property-Secured,,7.9,figure-servicing-1-0,1,0,0,0.0,PAYMENT_FREQUENCY_MONTHLY,DAY_COUNT_CONVENTION_ACTUAL_ACTUAL,INTEREST_ACCRUAL_METHOD_SIMPLE_INTEREST,2026-09-15T02:48:47.625418+00:00
scope1qpq7cw6gg0j5xw9qumpj2dvllm5q6k9y6t,2428EE9A1020AA62452E3A454AFAB9E78EFF50D37C03F969129743BB6EDDF95A,2026-09-14T22:15:26.576682935Z,pb134yg6h3g0vjq9ct2lpmx6sdxv3yuz942wrpxuu,pb1rrwuxd65chqed6t0c5z8z505daw0rvsveyl0eq,com.figure.los.contract.origination.RecordPropertyLoanContract,HELOC/Property-Secured,,11.05,figure-servicing-1-0,1,0,0,0.0,PAYMENT_FREQUENCY_MONTHLY,DAY_COUNT_CONVENTION_ACTUAL_ACTUAL,INTEREST_ACCRUAL_METHOD_SIMPLE_INTEREST,2026-09-15T02:48:48.178326+00:00
scope1qrj4xqhw78x5u9u52dj8gnl556tsn94ruc,10334425A76DD5A946C3170D08B71081E5822A8F5F7975C49B5C4FC3F0EEA831,2026-09-14T22:15:09.508543728Z,pb109v8r0nk4du3k7vw3yf5dt8cjnhp9dtmaqahaa,pb1rrwuxd65chqed6t0c5z8z505daw0rvsveyl0eq,com.figure.los.contract.origination.UpdateFundingContract,Other,,7.3,figure-servicing-1-0,1,31669,0,0.0,PAYMENT_FREQUENCY_MONTHLY,DAY_COUNT_CONVENTION_ACTUAL_ACTUAL,INTEREST_ACCRUAL_METHOD_SIMPLE_INTEREST,2026-09-15T02:48:48.745223+00:00
scope1qq2hf46ctmc5fr9wps63mam5kuwsh38k3n,975DDE0C38DBA74319E115AC42CE54EA46C9E103DA4D87ADFE601E56196899CB,2026-09-14T22:15:05.185425511Z,pb1xvd4k9jg5h0d4dhzr4z0txtwe9p5zxf58xcmxd,pb1rrwuxd65chqed6t0c5z8z505daw0rvsveyl0eq,com.figure.los.contract.origination.UpdateFundingContract,Other,,7.85,figure-servicing-1-0,1,27836,0,0.0,PAYMENT_FREQUENCY_MONTHLY,DAY_COUNT_CONVENTION_ACTUAL_ACTUAL,INTEREST_ACCRUAL_METHOD_SIMPLE_INTEREST,2026-09-15T02:48:49.302191+00:00
scope1qq70j93aszuyq8dkhcqfafvahjpqmu9dze,211C52E797360D6DA57737A37E3F1ECC0F86A7ABF6780A50CA227C42BDFB13E8,2026-09-14T22:15:00.509217515Z,pb13knswfs6ack05wveq5nua7jgc5jnld3zg8xl52,pb1rrwuxd65chqed6t0c5z8z505daw0rvsveyl0eq,com.figure.los.contract.origination.UpdateValidationResultContract,Other,,8.0,figure-servicing-1-0,1,28016,0,0.0,PAYMENT_FREQUENCY_MONTHLY,DAY_COUNT_CONVENTION_ACTUAL_ACTUAL,INTEREST_ACCRUAL_METHOD_SIMPLE_INTEREST,2026-09-15T02:48:49.862529+00:00
scope1qz4dfkrsq7zy9x5aka2ce83nxp5s52748w,ABBE212216E58C3EDE89834F99EEA8F0F4ED8EF293F0D9F973A4A319A58006B4,2026-09-14T22:14:56.087342916Z,pb13knswfs6ack05wveq5nua7jgc5jnld3zg8xl52,pb1rrwuxd65chqed6t0c5z8z505daw0rvsveyl0eq,com.figure.los.contract.origination.RecordPropertyLoanContract,HELOC/Property-Secured,,9.7,figure-servicing-1-0,1,24364,0,0.0,PAYMENT_FREQUENCY_MONTHLY,DAY_COUNT_CONVENTION_ACTUAL_ACTUAL,INTEREST_ACCRUAL_METHOD_SIMPLE_INTEREST,2026-09-15T02:48:50.424753+00:00
scope1qqsl38w930qyel93s6enpanrsflqqpggls,CD56B6EA4E8F96C2882A7E92C0298C5D50F1EBC99C0F64C5B8E82AF6C43293B3,2026-09-14T22:13:03.617964547Z,pb1kx5k0nr068xhxgcmnzzef9523cxdcexlm3r29w,pb1rrwuxd65chqed6t0c5z8z505daw0rvsveyl0eq,com.figure.los.contract.origination.RecordPropertyLoanContract,HELOC/Property-Secured,,7.4,figure-servicing-1-0,1,0,0,0.0,PAYMENT_FREQUENCY_MONTHLY,DAY_COUNT_CONVENTION_ACTUAL_ACTUAL,INTEREST_ACCRUAL_METHOD_SIMPLE_INTEREST,2026-09-15T02:48:50.991017+00:00
scope1qqdc4pufkyf52svvg2zt9fec0w3skh8jlz,B85073E357B37B0D39C40B4D6836B96D87A9F50B0FA80FD4E8404776C79FAB3A,2026-09-14T22:12:42.043560617Z,pb1k38pa6rgnepcs592n4mvr3hxucw8tslprcmlvk,pb1rrwuxd65chqed6t0c5z8z505daw0rvsveyl0eq,com.figure.los.contract.origination.UpdateFundingContract,Other,,14.84,figure-servicing-1-0,1,28017,0,0.0,PAYMENT_FREQUENCY_MONTHLY,DAY_COUNT_CONVENTION_ACTUAL_ACTUAL,INTEREST_ACCRUAL_METHOD_SIMPLE_INTEREST,2026-09-15T02:48:51.549126+00:00
scope1qryuk5ewnf8y5qd4xwqf2qxxqd5s732tdd,A23E2A1556C65189F291EC99AE8EEBCC666FDCDFE3F4D0B764C8759FAD610F23,2026-09-14T22:11:37.064190903Z,pb1xvd4k9jg5h0d4dhzr4z0txtwe9p5zxf58xcmxd,pb1rrwuxd65chqed6t0c5z8z505daw0rvsveyl0eq,com.figure.los.contract.origination.UpdateFundingContract,Other,,8.75,figure-servicing-1-0,1,31669,0,0.0,PAYMENT_FREQUENCY_MONTHLY,DAY_COUNT_CONVENTION_ACTUAL_ACTUAL,INTEREST_ACCRUAL_METHOD_SIMPLE_INTEREST,2026-09-15T02:48:52.103610+00:00
scope1qz5q0gu8ul25zadt35stpc98lqfsr53ya0,9903320B89001F552A5B83A765D5DDD532411E5CFBFE72DB9B1451F4A7FF4BD5,2026-09-14T22:11:19.746937193Z,pb16j3hxhr0m56h9u9ptdtz2qpmtd7333f77h64m6,pb1rrwuxd65chqed6t0c5z8z505daw0rvsveyl0eq,com.figure.los.contract.origination.UpdateFundingContract,Other,,8.45,figure-servicing-1-0,1,28017,0,0.0,PAYMENT_FREQUENCY_MONTHLY,DAY_COUNT_CONVENTION_ACTUAL_ACTUAL,INTEREST_ACCRUAL_METHOD_SIMPLE_INTEREST,2026-09-15T02:48:52.667175+00:00
scope1qq03glz2287yvjuc9xnfwqeq8wtqesmqrd,C53E3B0AAC20042BFA08C639CAC38A1DDCBB6E0A0DC29F379C8BA07DC05A9890,2026-09-14T22:10:49.537576059Z,pb1k38pa6rgnepcs592n4mvr3hxucw8tslprcmlvk,pb1rrwuxd65chqed6t0c5z8z505daw0rvsveyl0eq,com.figure.los.contract.origination.RecordPropertyLoanContract,HELOC/Property-Secured,,14.83,figure-servicing-1-0,1,28017,0,0.0,PAYMENT_FREQUENCY_MONTHLY,DAY_COUNT_CONVENTION_ACTUAL_ACTUAL,INTEREST_ACCRUAL_METHOD_SIMPLE_INTEREST,2026-09-15T02:48:53.770081+00:00
scope1qr9jg4vezu0yq64uldyut0udv2asmyvp8c,B967C789228A5F2A13C257E80925478FBFA40A319356E4C98EAF4321F6B8DF5F,2026-09-14T22:10:49.537576059Z,pb13knswfs6ack05wveq5nua7jgc5jnld3zg8xl52,pb1rrwuxd65chqed6t0c5z8z505daw0rvsveyl0eq,com.figure.los.contract.origination.RecordPropertyLoanContract,HELOC/Property-Secured,,9.85,figure-servicing-1-0,1,28016,0,0.0,PAYMENT_FREQUENCY_MONTHLY,DAY_COUNT_CONVENTION_ACTUAL_ACTUAL,INTEREST_ACCRUAL_METHOD_SIMPLE_INTEREST,2026-09-15T02:48:53.219374+00:00
scope1qz27um7ehpt5vnyp5tptmyese8lqpkzhsp,5704AC485A74A323D8905AE6C2149B2C5B64B691E49CDCEE177D5ADF1F926915,2026-09-14T22:10:40.802577253Z,pb13knswfs6ack05wveq5nua7jgc5jnld3zg8xl52,pb1rrwuxd65chqed6t0c5z8z505daw0rvsveyl0eq,com.figure.los.contract.origination.RecordPropertyLoanContract,HELOC/Property-Secured,,7.35,figure-servicing-1-0,1,0,0,0.0,PAYMENT_FREQUENCY_MONTHLY,DAY_COUNT_CONVENTION_ACTUAL_ACTUAL,INTEREST_ACCRUAL_METHOD_SIMPLE_INTEREST,2026-09-15T02:48:54.329095+00:00
scope1qrf4099ravp5j74qxe8r40rfc8cslulrm2,6278C74CF23061B854385E26D400A3C4805A023323B3708CF6B5A1512159651D,2026-09-14T22:10:36.230766876Z,pb1awn7unm6pv3rd9s0wzg4vje357dn3pn8ua530c,pb1rrwuxd65chqed6t0c5z8z505daw0rvsveyl0eq,com.figure.los.contract.origination.RecordPropertyLoanContract,HELOC/Property-Secured,,11.9,figure-servicing-1-0,1,0,0,0.0,PAYMENT_FREQUENCY_MONTHLY,DAY_COUNT_CONVENTION_ACTUAL_ACTUAL,INTEREST_ACCRUAL_METHOD_SIMPLE_INTEREST,2026-09-15T02:48:55.450463+00:00
scope1qzm3glgntcqytyuxaf4y02v0s8hsj6aadn,E9A47C5B247EB2EED29B274A6FF3E5CB67F888B305CD76167D89AF62E8DDFB47,2026-09-14T22:10:36.230766876Z,pb13knswfs6ack05wveq5nua7jgc5jnld3zg8xl52,pb1rrwuxd65chqed6t0c5z8z505daw0rvsveyl0eq,com.figure.los.contract.origination.RecordPropertyLoanContract,HELOC/Property-Secured,,12.75,figure-servicing-1-0,1,0,0,0.0,PAYMENT_FREQUENCY_MONTHLY,DAY_COUNT_CONVENTION_ACTUAL_ACTUAL,INTEREST_ACCRUAL_METHOD_SIMPLE_INTEREST,2026-09-15T02:48:54.890792+00:00
scope1qrc7s7prkvfyg94ky8ezp38tw29sy76wz9,3F805EE161CADE8AC4C747FB48F1D5FAB9F8DAC8C1FD8F5FD9C630790191E4EE,2026-09-14T22:10:31.824447099Z,pb1awn7unm6pv3rd9s0wzg4vje357dn3pn8ua530c,pb1rrwuxd65chqed6t0c5z8z505daw0rvsveyl0eq,com.figure.los.contract.origination.RecordPropertyLoanContract,HELOC/Property-Secured,,11.85,figure-servicing-1-0,1,0,0,0.0,PAYMENT_FREQUENCY_MONTHLY,DAY_COUNT_CONVENTION_ACTUAL_ACTUAL,INTEREST_ACCRUAL_METHOD_SIMPLE_INTEREST,2026-09-15T02:48:56.565141+00:00
scope1qrnxs66vwhjy8edz57rg0m5dn3lscltc8k,A7F01A0119CFB4C1EBA9C7956E14F8DAF9D4781944B3D997A05D28C44906B40A,2026-09-14T22:10:31.824447099Z,pb1qqzphpm5wlnere7ctv65zef82vgfjq2vppvefg,pb1rrwuxd65chqed6t0c5z8z505daw0rvsveyl0eq,com.figure.los.contract.origination.RecordPropertyLoanContract,HELOC/Property-Secured,,9.55,figure-servicing-1-0,1,0,0,0.0,PAYMENT_FREQUENCY_MONTHLY,DAY_COUNT_CONVENTION_ACTUAL_ACTUAL,INTEREST_ACCRUAL_METHOD_SIMPLE_INTEREST,2026-09-15T02:48:56.013065+00:00
scope1qr7y2r6zdhtytjv6k5jn7mcewmass0tnpa,1DFD57D72C056FE8403DFD5F4BD64475699ED491536123CE6F3BB6D66A910785,2026-09-14T22:10:27.393215452Z,pb1xvd4k9jg5h0d4dhzr4z0txtwe9p5zxf58xcmxd,pb1rrwuxd65chqed6t0c5z8z505daw0rvsveyl0eq,com.figure.los.contract.origination.RecordPropertyLoanContract,HELOC/Property-Secured,,11.45,figure-servicing-1-0,1,0,0,0.0,PAYMENT_FREQUENCY_MONTHLY,DAY_COUNT_CONVENTION_ACTUAL_ACTUAL,INTEREST_ACCRUAL_METHOD_SIMPLE_INTEREST,2026-09-15T02:48:57.121928+00:00
scope1qpmgqm0uv9wyg54a73nmz663h8kq5kh2j9,81F2E0E252EDA9F744FF2ACE829F5A7E4FCB1BC9EE8D9233E009D2AB91166AEF,2026-09-14T22:10:09.772143186Z,pb17e03lfm0sxjkf860l4n2j2h5yh4s9etq5l9laq,pb1rrwuxd65chqed6t0c5z8z505daw0rvsveyl0eq,com.figure.los.contract.origination.UpdateFundingContract,Other,,12.5,figure-servicing-1-0,1,28016,0,0.0,PAYMENT_FREQUENCY_MONTHLY,DAY_COUNT_CONVENTION_ACTUAL_ACTUAL,INTEREST_ACCRUAL_METHOD_SIMPLE_INTEREST,2026-09-15T02:48:57.681347+00:00
scope1qqmtcpum8styyk5egqz63ukjlncscuy90v,B4BF68870BE5A5D15B3FFE4A2BCC7A2F8FBF83A13A8A7B254D499B9600F816E3,2026-09-14T22:07:45.380441510Z,pb1awn7unm6pv3rd9s0wzg4vje357dn3pn8ua530c,pb1rrwuxd65chqed6t0c5z8z505daw0rvsveyl0eq,com.figure.los.contract.origination.UpdateFundingContract,Other,,7.95,figure-servicing-1-0,1,31671,0,0.0,PAYMENT_FREQUENCY_MONTHLY,DAY_COUNT_CONVENTION_ACTUAL_ACTUAL,INTEREST_ACCRUAL_METHOD_SIMPLE_INTEREST,2026-09-15T02:48:58.240954+00:00
scope1qrdkp0s2tna5mhvyf2965tq6wdpsumddp5,2CDB4EFF4B4FE2B9A5570EF97235BEFF8E72D53A3D6AA4BDEAAB7D4D3861CD3B,2026-09-14T22:07:32.316629111Z,pb1awn7unm6pv3rd9s0wzg4vje357dn3pn8ua530c,pb1rrwuxd65chqed6t0c5z8z505daw0rvsveyl0eq,com.figure.los.contract.origination.RecordPropertyLoanContract,HELOC/Property-Secured,,7.8,figure-servicing-1-0,1,0,0,0.0,PAYMENT_FREQUENCY_MONTHLY,DAY_COUNT_CONVENTION_ACTUAL_ACTUAL,INTEREST_ACCRUAL_METHOD_SIMPLE_INTEREST,2026-09-15T02:48:58.809894+00:00
scope1qrvw88l0236yw69xnsw2kffjdp4qmwhy00,76C53664D0AC10AEE09EFD519D19BB781C0D88E31531BBCC44E6A570DEE43CB4,2026-09-14T22:07:27.919396969Z,pb1xvd4k9jg5h0d4dhzr4z0txtwe9p5zxf58xcmxd,pb1rrwuxd65chqed6t0c5z8z505daw0rvsveyl0eq,com.figure.los.contract.origination.RecordPropertyLoanContract,HELOC/Property-Secured,,11.55,figure-servicing-1-0,1,31669,0,0.0,PAYMENT_FREQUENCY_MONTHLY,DAY_COUNT_CONVENTION_ACTUAL_ACTUAL,INTEREST_ACCRUAL_METHOD_SIMPLE_INTEREST,2026-09-15T02:48:59.367345+00:00
scope1qqlkmg2thpcyn8ag6t9ya7gp4sxqmcqacu,4A71C7996D1936512656B72088E4B1903CB5BB72D7F477C8BE3A93BA3B3CB680,2026-09-14T22:05:48.454290149Z,pb1xvd4k9jg5h0d4dhzr4z0txtwe9p5zxf58xcmxd,pb1rrwuxd65chqed6t0c5z8z505daw0rvsveyl0eq,com.figure.los.contract.origination.RecordPropertyLoanContract,HELOC/Property-Secured,,6.2,figure-servicing-1-0,1,28016,0,0.0,PAYMENT_FREQUENCY_MONTHLY,DAY_COUNT_CONVENTION_ACTUAL_ACTUAL,INTEREST_ACCRUAL_METHOD_SIMPLE_INTEREST,2026-09-15T02:48:59.929906+00:00
scope1qqf70kq2fh9yggyntt382rmt3zsql2fkmv,63980285CA13FFB983560D1E41F1B000E6621BC8C943DAB86608F1397562E8A1,2026-09-14T22:05:31.222775316Z,pb13knswfs6ack05wveq5nua7jgc5jnld3zg8xl52,pb1rrwuxd65chqed6t0c5z8z505daw0rvsveyl0eq,com.figure.los.contract.origination.RecordPropertyLoanContract,HELOC/Property-Secured,,7.85,figure-servicing-1-0,1,0,0,0.0,PAYMENT_FREQUENCY_MONTHLY,DAY_COUNT_CONVENTION_ACTUAL_ACTUAL,INTEREST_ACCRUAL_METHOD_SIMPLE_INTEREST,2026-09-15T02:49:00.485448+00:00
scope1qqencay7aj25tc55d9vtksf5zmuqc73h2n,63980285CA13FFB983560D1E41F1B000E6621BC8C943DAB86608F1397562E8A1,2026-09-14T22:05:31.222775316Z,pb13knswfs6ack05wveq5nua7jgc5jnld3zg8xl52,pb1rrwuxd65chqed6t0c5z8z505daw0rvsveyl0eq,com.figure.los.contract.origination.RecordPropertyLoanContract,HELOC/Property-Secured,,8.15,figure-servicing-1-0,1,0,0,0.0,PAYMENT_FREQUENCY_MONTHLY,DAY_COUNT_CONVENTION_ACTUAL_ACTUAL,INTEREST_ACCRUAL_METHOD_SIMPLE_INTEREST,2026-09-15T02:49:00.485394+00:00
scope1qzfun9v88045ctv0l05cnu6xukeqyrqpnj,BA99DC17CE748E3C99DF5BDF8118F46BBE354F2DB7088CD0066A5A2792622EC3,2026-09-14T22:05:22.337319622Z,pb13knswfs6ack05wveq5nua7jgc5jnld3zg8xl52,pb1rrwuxd65chqed6t0c5z8z505daw0rvsveyl0eq,com.figure.los.contract.origination.RecordPropertyLoanContract,HELOC/Property-Secured,,7.95,figure-servicing-1-0,1,0,0,0.0,PAYMENT_FREQUENCY_MONTHLY,DAY_COUNT_CONVENTION_ACTUAL_ACTUAL,INTEREST_ACCRUAL_METHOD_SIMPLE_INTEREST,2026-09-15T02:49:01.041695+00:00
scope1qz2wuvnreehyd4ahvumxn3y65eqqj9hy0z,E5EEDF6494A754EEF56D9452C803620699BC245ADC9EAFF425F696A9F34F17C5,2026-09-14T22:05:13.784984578Z,pb1awn7unm6pv3rd9s0wzg4vje357dn3pn8ua530c,pb1rrwuxd65chqed6t0c5z8z505daw0rvsveyl0eq,com.figure.los.contract.origination.UpdateValidationResultContract,Other,,10.55,figure-servicing-1-0,1,31669,0,0.0,PAYMENT_FREQUENCY_MONTHLY,DAY_COUNT_CONVENTION_ACTUAL_ACTUAL,INTEREST_ACCRUAL_METHOD_SIMPLE_INTEREST,2026-09-15T02:49:01.602566+00:00
scope1qqgrucfnwhs5s5de72ph5t09r8tqwcz50t,A9836292D41F46C79967B24F2094635B74F53A6314B5CEBE97D4A47187E19490,2026-09-14T22:05:09.488332409Z,pb1xvd4k9jg5h0d4dhzr4z0txtwe9p5zxf58xcmxd,pb1rrwuxd65chqed6t0c5z8z505daw0rvsveyl0eq,com.figure.los.contract.origination.UpdateFundingContract,Other,,8.4,figure-servicing-1-0,1,27904,0,0.0,PAYMENT_FREQUENCY_MONTHLY,DAY_COUNT_CONVENTION_ACTUAL_ACTUAL,INTEREST_ACCRUAL_METHOD_SIMPLE_INTEREST,2026-09-15T02:49:02.154434+00:00
scope1qqs8kld365gyae9pnwn7a6wg3rsqwhkt2x,9661CBFC31FFFE6A54D565466BDCF4D1D3E844C4D0083E662C0CAD75551EC103,2026-09-14T22:04:43.206024678Z,pb1kx5k0nr068xhxgcmnzzef9523cxdcexlm3r29w,pb1rrwuxd65chqed6t0c5z8z505daw0rvsveyl0eq,com.figure.los.contract.origination.RecordPropertyLoanContract,HELOC/Property-Secured,,14.45,figure-servicing-1-0,1,31670,0,0.0,PAYMENT_FREQUENCY_MONTHLY,DAY_COUNT_CONVENTION_ACTUAL_ACTUAL,INTEREST_ACCRUAL_METHOD_SIMPLE_INTEREST,2026-09-15T02:49:02.720987+00:00
scope1qqmk3w53vcpyswu74ytlaswkc7ys4wxg5j,33F3B58E48A0B4795EBDDBA94148F76EF46081A2EFFF739726D93B7A348BD2EF,2026-09-14T22:03:56.107966853Z,pb1xvd4k9jg5h0d4dhzr4z0txtwe9p5zxf58xcmxd,pb1rrwuxd65chqed6t0c5z8z505daw0rvsveyl0eq,com.figure.los.contract.origination.RecordLoanContract,Consumer/Unsecured,,14.2,figure-servicing-1-0,1,25313,0,0.0,PAYMENT_FREQUENCY_MONTHLY,DAY_COUNT_CONVENTION_ACTUAL_ACTUAL,INTEREST_ACCRUAL_METHOD_SIMPLE_INTEREST,2026-09-15T02:49:03.277589+00:00
scope1qztjs062a5ryr7dh73cmfss0yjfquhkvea,0C4BE4CF8CB21178029D0C701D7F09679C981E5A24F9AF64362B7E00A0E9E53F,2026-09-14T22:03:30.391976153Z,pb13knswfs6ack05wveq5nua7jgc5jnld3zg8xl52,pb1rrwuxd65chqed6t0c5z8z505daw0rvsveyl0eq,com.figure.los.contract.origination.UpdateValidationResultContract,Other,,7.3,figure-servicing-1-0,1,31669,0,0.0,PAYMENT_FREQUENCY_MONTHLY,DAY_COUNT_CONVENTION_ACTUAL_ACTUAL,INTEREST_ACCRUAL_METHOD_SIMPLE_INTEREST,2026-09-15T02:49:03.840282+00:00
scope1qz89zy4tn3s5hxafqe75thqxaggscel2su,F205E70EC3E4C6D82A13DCB1671FE9BECA3FB128429577C661F7E840F3B3D336,2026-09-14T22:02:03.318533279Z,pb13knswfs6ack05wveq5nua7jgc5jnld3zg8xl52,pb1rrwuxd65chqed6t0c5z8z505daw0rvsveyl0eq,com.figure.los.contract.origination.RecordPropertyLoanContract,HELOC/Property-Secured,,7.75,figure-servicing-1-0,1,31670,0,0.0,PAYMENT_FREQUENCY_MONTHLY,DAY_COUNT_CONVENTION_ACTUAL_ACTUAL,INTEREST_ACCRUAL_METHOD_SIMPLE_INTEREST,2026-09-15T02:49:04.394986+00:00
scope1qrsxg6ncupzylf5jeyy06yucm87s0pgvgc,AE9A8DAD331BD2B755B01921CC55C0B1B4CC7EB7F96146C0D34D794358FA67BC,2026-09-14T22:00:32.630156020Z,pb1xvd4k9jg5h0d4dhzr4z0txtwe9p5zxf58xcmxd,pb1rrwuxd65chqed6t0c5z8z505daw0rvsveyl0eq,com.figure.los.contract.origination.RecordPropertyLoanContract,HELOC/Property-Secured,,7.9,figure-servicing-1-0,1,0,0,0.0,PAYMENT_FREQUENCY_MONTHLY,DAY_COUNT_CONVENTION_ACTUAL_ACTUAL,INTEREST_ACCRUAL_METHOD_SIMPLE_INTEREST,2026-09-15T02:49:05.516231+00:00
scope1qzpzsy4nx0uynt4aged74mu68nzqh7cx60,409CE2AF589C063797863E19229E8C8AF8D507FC272383CBD4758304A6567DF6,2026-09-14T22:00:32.630156020Z,pb13knswfs6ack05wveq5nua7jgc5jnld3zg8xl52,pb1rrwuxd65chqed6t0c5z8z505daw0rvsveyl0eq,com.figure.los.contract.origination.RecordPropertyLoanContract,HELOC/Property-Secured,,10.2,figure-servicing-1-0,1,0,0,0.0,PAYMENT_FREQUENCY_MONTHLY,DAY_COUNT_CONVENTION_ACTUAL_ACTUAL,INTEREST_ACCRUAL_METHOD_SIMPLE_INTEREST,2026-09-15T02:49:04.952919+00:00
scope1qzc2tg7ljag5ygy3g6g5wxj5lvqs5cszge,67AA0261784B2CF4BF645E5B50E6B019928FF828F7687C0E535BF4FF67FA7353,2026-09-14T22:00:28.353539677Z,pb1fmxzuzx5c4ja50vu94nt0aessnuedzmppde8qr,pb1rrwuxd65chqed6t0c5z8z505daw0rvsveyl0eq,com.figure.los.contract.origination.RecordPropertyLoanContract,HELOC/Property-Secured,,12.4,figure-servicing-1-0,1,0,0,0.0,PAYMENT_FREQUENCY_MONTHLY,DAY_COUNT_CONVENTION_ACTUAL_ACTUAL,INTEREST_ACCRUAL_METHOD_SIMPLE_INTEREST,2026-09-15T02:49:06.626015+00:00
scope1qrxs82sza2p5uydqtuqrhrdmw47q3sa4h3,AE57B62BBD2534962A9DDD02263EDDC7433BD368030BB74792A652D7D32CFB66,2026-09-14T22:00:28.353539677Z,pb1xvd4k9jg5h0d4dhzr4z0txtwe9p5zxf58xcmxd,pb1rrwuxd65chqed6t0c5z8z505daw0rvsveyl0eq,com.figure.los.contract.origination.RecordPropertyLoanContract,HELOC/Property-Secured,,7.0,figure-servicing-1-0,1,0,0,0.0,PAYMENT_FREQUENCY_MONTHLY,DAY_COUNT_CONVENTION_ACTUAL_ACTUAL,INTEREST_ACCRUAL_METHOD_SIMPLE_INTEREST,2026-09-15T02:49:06.074517+00:00
scope1qz2zawlrqq7yucygaxmgp6v7ggdqd2hez8,BC306BD05C4B1A9D960070F331739499FC4E8810164A981BDA43868396FBAD49,2026-09-14T22:00:23.899705266Z,pb1xvd4k9jg5h0d4dhzr4z0txtwe9p5zxf58xcmxd,pb1rrwuxd65chqed6t0c5z8z505daw0rvsveyl0eq,com.figure.los.contract.origination.RecordPropertyLoanContract,HELOC/Property-Secured,,8.65,figure-servicing-1-0,1,0,0,0.0,PAYMENT_FREQUENCY_MONTHLY,DAY_COUNT_CONVENTION_ACTUAL_ACTUAL,INTEREST_ACCRUAL_METHOD_SIMPLE_INTEREST,2026-09-15T02:49:20.995847+00:00
scope1qr4w5wytlvdyuhydg07t3rmufdcsykfnzh,BC306BD05C4B1A9D960070F331739499FC4E8810164A981BDA43868396FBAD49,2026-09-14T22:00:23.899705266Z,pb1xvd4k9jg5h0d4dhzr4z0txtwe9p5zxf58xcmxd,pb1rrwuxd65chqed6t0c5z8z505daw0rvsveyl0eq,com.figure.los.contract.origination.UpdateValidationResultContract,Other,,8.1,figure-servicing-1-0,1,31669,0,0.0,PAYMENT_FREQUENCY_MONTHLY,DAY_COUNT_CONVENTION_ACTUAL_ACTUAL,INTEREST_ACCRUAL_METHOD_SIMPLE_INTEREST,2026-09-15T02:49:20.995756+00:00
scope1qpzx7e44uee5a8attdhq8xj5nafqsc4mej,8BB31003D94D65EF71CBAC2F94E2D99C7F2A3B2095A3812E88C5060999FB54C0,2026-09-14T21:59:27.629861189Z,pb13knswfs6ack05wveq5nua7jgc5jnld3zg8xl52,pb1rrwuxd65chqed6t0c5z8z505daw0rvsveyl0eq,com.figure.los.contract.origination.UpdateValidationResultContract,Other,,9.1,figure-servicing-1-0,1,28016,0,0.0,PAYMENT_FREQUENCY_MONTHLY,DAY_COUNT_CONVENTION_ACTUAL_ACTUAL,INTEREST_ACCRUAL_METHOD_SIMPLE_INTEREST,2026-09-15T02:49:21.549507+00:00
scope1qq33d99dxney4r9a3dewuuppk3jq32xcly,1792B83C271901CCC338FEAD2DE3B01E51348411EF4ED33B9091E9A326B9D2CC,2026-09-14T21:58:26.590807348Z,pb1xvd4k9jg5h0d4dhzr4z0txtwe9p5zxf58xcmxd,pb1rrwuxd65chqed6t0c5z8z505daw0rvsveyl0eq,com.figure.los.contract.origination.RecordPropertyLoanContract,HELOC/Property-Secured,,11.15,figure-servicing-1-0,1,24364,0,0.0,PAYMENT_FREQUENCY_MONTHLY,DAY_COUNT_CONVENTION_ACTUAL_ACTUAL,INTEREST_ACCRUAL_METHOD_SIMPLE_INTEREST,2026-09-15T02:49:22.140828+00:00
scope1qptvxd6dumgydmdx3hej7g0g3qzq95zfch,C84DDB3077F85393A84DD0A7FBC16BF18964D357B3EE8792C5A276F5C318B31E,2026-09-14T21:57:39.476084478Z,pb1kx5k0nr068xhxgcmnzzef9523cxdcexlm3r29w,pb1rrwuxd65chqed6t0c5z8z505daw0rvsveyl0eq,com.figure.los.contract.origination.UpdatePropertyLoanContract,HELOC/Property-Secured,,6.55,figure-servicing-1-0,1,28017,0,0.0,PAYMENT_FREQUENCY_MONTHLY,DAY_COUNT_CONVENTION_ACTUAL_ACTUAL,INTEREST_ACCRUAL_METHOD_SIMPLE_INTEREST,2026-09-15T02:49:22.703451+00:00
scope1qq5k8c6czzt5m2vfjaugntlvxf6ssczxzj,774D439493EE5A59ACB68AF08DE6828288DD9F4D44A9E27A1A31B3FE139F4186,2026-09-14T21:57:13.484865013Z,pb1xvd4k9jg5h0d4dhzr4z0txtwe9p5zxf58xcmxd,pb1rrwuxd65chqed6t0c5z8z505daw0rvsveyl0eq,com.figure.los.contract.origination.UpdateValidationResultContract,Other,,8.4,figure-servicing-1-0,1,31669,0,0.0,PAYMENT_FREQUENCY_MONTHLY,DAY_COUNT_CONVENTION_ACTUAL_ACTUAL,INTEREST_ACCRUAL_METHOD_SIMPLE_INTEREST,2026-09-15T02:49:23.250310+00:00
scope1qz70lcwd3rd5kzy6lz382ywl8esqlv9sml,2835B1C9F39EC6EBF07968CB24EEB930E9970645F18AA2F4D7449930AB23AE6C,2026-09-14T21:57:08.975486978Z,pb1kx5k0nr068xhxgcmnzzef9523cxdcexlm3r29w,pb1rrwuxd65chqed6t0c5z8z505daw0rvsveyl0eq,com.figure.los.contract.origination.UpdateFundingContract,Other,,9.1,figure-servicing-1-0,1,31669,0,0.0,PAYMENT_FREQUENCY_MONTHLY,DAY_COUNT_CONVENTION_ACTUAL_ACTUAL,INTEREST_ACCRUAL_METHOD_SIMPLE_INTEREST,2026-09-15T02:49:23.806356+00:00
scope1qpg24g7rd235xla6hvkyfgzc93qs0t6wxg,4D6FB9751197052579B33AB06E8E8C3E7B8FC023F0C0E5DDD73AAF9EB5F506E8,2026-09-14T21:55:59.802526013Z,pb1xvd4k9jg5h0d4dhzr4z0txtwe9p5zxf58xcmxd,pb1rrwuxd65chqed6t0c5z8z505daw0rvsveyl0eq,com.figure.los.contract.origination.RecordPropertyLoanContract,HELOC/Property-Secured,,10.6,figure-servicing-1-0,1,31669,0,0.0,PAYMENT_FREQUENCY_MONTHLY,DAY_COUNT_CONVENTION_ACTUAL_ACTUAL,INTEREST_ACCRUAL_METHOD_SIMPLE_INTEREST,2026-09-15T02:49:24.364957+00:00
scope1qrxgrdzy7h4yyx9t5qd8594qkddstunrmr,6AF55BAF8CB2BF03462413D2F2C7C451646078160B04BF741EA46627185BF85D,2026-09-14T21:55:46.612219448Z,pb13knswfs6ack05wveq5nua7jgc5jnld3zg8xl52,pb1rrwuxd65chqed6t0c5z8z505daw0rvsveyl0eq,com.figure.los.contract.origination.RecordPropertyLoanContract,HELOC/Property-Secured,,7.15,figure-servicing-1-0,1,0,0,0.0,PAYMENT_FREQUENCY_MONTHLY,DAY_COUNT_CONVENTION_ACTUAL_ACTUAL,INTEREST_ACCRUAL_METHOD_SIMPLE_INTEREST,2026-09-15T02:49:24.915104+00:00
scope1qzy6y95dwx8ygu48juraa8y8sthslms2l6,B6AC167B5BDB076D58849BEC8D453CFF1BEA0EA9931B55DEF63633FCBA194777,2026-09-14T21:55:42.101999359Z,pb13knswfs6ack05wveq5nua7jgc5jnld3zg8xl52,pb1rrwuxd65chqed6t0c5z8z505daw0rvsveyl0eq,com.figure.los.contract.origination.RecordPropertyLoanContract,HELOC/Property-Secured,,9.0,figure-servicing-1-0,1,0,0,0.0,PAYMENT_FREQUENCY_MONTHLY,DAY_COUNT_CONVENTION_ACTUAL_ACTUAL,INTEREST_ACCRUAL_METHOD_SIMPLE_INTEREST,2026-09-15T02:49:25.469724+00:00
scope1qpc9swcly3yyk95pyy7mppv4uvtsrn0rqf,DCEF8B4D88BAE0B872EC9D7974286EBB580C9932131EBAE2337F5B719D759EA8,2026-09-14T21:55:37.425327767Z,pb1kx5k0nr068xhxgcmnzzef9523cxdcexlm3r29w,pb1rrwuxd65chqed6t0c5z8z505daw0rvsveyl0eq,com.figure.los.contract.origination.UpdateValidationResultContract,Other,,9.0,figure-servicing-1-0,1,31669,0,0.0,PAYMENT_FREQUENCY_MONTHLY,DAY_COUNT_CONVENTION_ACTUAL_ACTUAL,INTEREST_ACCRUAL_METHOD_SIMPLE_INTEREST,2026-09-15T02:49:26.020526+00:00
scope1qz7p4h469y35xz5sw9tltsp7wdkqy8j9d3,CE185EDBB14E4BD5619563D5B17F3761760DA2062335D98037CE653A27F90664,2026-09-14T21:55:33.133742127Z,pb13knswfs6ack05wveq5nua7jgc5jnld3zg8xl52,pb1rrwuxd65chqed6t0c5z8z505daw0rvsveyl0eq,com.figure.los.contract.origination.RecordPropertyLoanContract,HELOC/Property-Secured,,8.2,figure-servicing-1-0,1,0,0,0.0,PAYMENT_FREQUENCY_MONTHLY,DAY_COUNT_CONVENTION_ACTUAL_ACTUAL,INTEREST_ACCRUAL_METHOD_SIMPLE_INTEREST,2026-09-15T02:49:26.585680+00:00
scope1qqjut6ulrcwyk6vazmmhkfj25hpqwemwrj,CE185EDBB14E4BD5619563D5B17F3761760DA2062335D98037CE653A27F90664,2026-09-14T21:55:33.133742127Z,pb13knswfs6ack05wveq5nua7jgc5jnld3zg8xl52,pb1rrwuxd65chqed6t0c5z8z505daw0rvsveyl0eq,com.figure.los.contract.origination.RecordPropertyLoanContract,HELOC/Property-Secured,,10.05,figure-servicing-1-0,1,0,0,0.0,PAYMENT_FREQUENCY_MONTHLY,DAY_COUNT_CONVENTION_ACTUAL_ACTUAL,INTEREST_ACCRUAL_METHOD_SIMPLE_INTEREST,2026-09-15T02:49:26.585615+00:00
scope1qqcxd0apde0y665a8lagvghnn7zstd35gk,443F4EA186FBDBB4671CC34501B5F4E44C0941DEF2A4E2C152C2B6A31D0C5D13,2026-09-14T21:55:28.784770600Z,pb1xvd4k9jg5h0d4dhzr4z0txtwe9p5zxf58xcmxd,pb1rrwuxd65chqed6t0c5z8z505daw0rvsveyl0eq,com.figure.los.contract.origination.RecordPropertyLoanContract,HELOC/Property-Secured,,8.25,figure-servicing-1-0,1,0,0,0.0,PAYMENT_FREQUENCY_MONTHLY,DAY_COUNT_CONVENTION_ACTUAL_ACTUAL,INTEREST_ACCRUAL_METHOD_SIMPLE_INTEREST,2026-09-15T02:49:27.150645+00:00
scope1qrqq22sm46s54vd05k2nw8kf8v0qddgzrn,287ED87C870176C2D0BFFAA05853CA7AB714CA7EC85A345E0E332B05F7081D0E,2026-09-14T21:55:20.049578988Z,pb13knswfs6ack05wveq5nua7jgc5jnld3zg8xl52,pb1rrwuxd65chqed6t0c5z8z505daw0rvsveyl0eq,com.figure.los.contract.origination.RecordPropertyLoanContract,HELOC/Property-Secured,,10.7,figure-servicing-1-0,1,0,0,0.0,PAYMENT_FREQUENCY_MONTHLY,DAY_COUNT_CONVENTION_ACTUAL_ACTUAL,INTEREST_ACCRUAL_METHOD_SIMPLE_INTEREST,2026-09-15T02:49:27.709062+00:00
scope1qqr4duhh5385radxu4crsj8pvfgs8rmgua,C2B179EA1F444AF35C7D9F3DD5E7E9D21E3D4BA5BB46D0067DA10236015EEF65,2026-09-14T21:54:49.857483719Z,pb1589kxggzm5sd82dzre47zpp9wjnr4fr229srtj,pb1rrwuxd65chqed6t0c5z8z505daw0rvsveyl0eq,com.figure.los.contract.origination.RecordPropertyLoanContract,HELOC/Property-Secured,,9.45,figure-servicing-1-0,1,0,0,0.0,PAYMENT_FREQUENCY_MONTHLY,DAY_COUNT_CONVENTION_ACTUAL_ACTUAL,INTEREST_ACCRUAL_METHOD_SIMPLE_INTEREST,2026-09-15T02:49:28.261897+00:00
scope1qzepehw7uq6ypdum2mpryhavrvvq2gzyw3,0128E0D4EEAE5B22F030691094A384B783813E8ECFB7B81873D6DEC610B975E8,2026-09-14T21:54:45.392555800Z,pb1xvd4k9jg5h0d4dhzr4z0txtwe9p5zxf58xcmxd,pb1rrwuxd65chqed6t0c5z8z505daw0rvsveyl0eq,com.figure.los.contract.origination.UpdateValidationResultContract,Other,,8.05,figure-servicing-1-0,1,31671,0,0.0,PAYMENT_FREQUENCY_MONTHLY,DAY_COUNT_CONVENTION_ACTUAL_ACTUAL,INTEREST_ACCRUAL_METHOD_SIMPLE_INTEREST,2026-09-15T02:49:28.820304+00:00
scope1qpq0duaf2nn5e9v6tc9npqqw45espsd766,32E336138CDAEFF8ABF20A46C18E6E2073BC38052F447C274386A36B0FC56AFA,2026-09-14T21:53:53.487396472Z,pb1xvd4k9jg5h0d4dhzr4z0txtwe9p5zxf58xcmxd,pb1rrwuxd65chqed6t0c5z8z505daw0rvsveyl0eq,com.figure.los.contract.origination.RecordLoanContract,Consumer/Unsecured,,9.6,figure-servicing-1-0,1,25749,0,0.0,PAYMENT_FREQUENCY_MONTHLY,DAY_COUNT_CONVENTION_ACTUAL_ACTUAL,INTEREST_ACCRUAL_METHOD_SIMPLE_INTEREST,2026-09-15T02:49:29.381383+00:00
scope1qr6nq0hkvaa5vavvkq3wup9crmsq6ncjx5,7DE550BC7ED356A310607D9E6780E636CD6012CCAE355A75B48F9DA08E9490CF,2026-09-14T21:53:44.648593769Z,pb13knswfs6ack05wveq5nua7jgc5jnld3zg8xl52,pb1rrwuxd65chqed6t0c5z8z505daw0rvsveyl0eq,com.figure.los.contract.origination.RecordPropertyLoanContract,HELOC/Property-Secured,,8.05,figure-servicing-1-0,1,0,0,0.0,PAYMENT_FREQUENCY_MONTHLY,DAY_COUNT_CONVENTION_ACTUAL_ACTUAL,INTEREST_ACCRUAL_METHOD_SIMPLE_INTEREST,2026-09-15T02:49:29.942538+00:00
scope1qqe2pwejj905f65kgyg0v3d7dzqsard00h,D7055CDE4B6E32DA4C31846D3B1D7EF7219E17B46E53857B5DB2B7676D322E18,2026-09-14T21:52:39.566587991Z,pb13knswfs6ack05wveq5nua7jgc5jnld3zg8xl52,pb1rrwuxd65chqed6t0c5z8z505daw0rvsveyl0eq,com.figure.los.contract.origination.UpdateValidationResultContract,Other,,12.6,figure-servicing-1-0,1,28016,0,0.0,PAYMENT_FREQUENCY_MONTHLY,DAY_COUNT_CONVENTION_ACTUAL_ACTUAL,INTEREST_ACCRUAL_METHOD_SIMPLE_INTEREST,2026-09-15T02:49:31.071333+00:00
scope1qr6ntvr26ftyjtar7faz6tf40uts3guds2,01B59DAE1B9F2BABAC312C7BC10EA505705823B383FAFCCFB60631A558F8D01E,2026-09-14T21:52:39.566587991Z,pb150y6qkszzccf4gapvywe6lvaaraant8acjk6t4,pb1rrwuxd65chqed6t0c5z8z505daw0rvsveyl0eq,com.figure.los.contract.origination.RecordPropertyLoanContract,HELOC/Property-Secured,,8.6,figure-servicing-1-0,1,24366,0,0.0,PAYMENT_FREQUENCY_MONTHLY,DAY_COUNT_CONVENTION_ACTUAL_ACTUAL,INTEREST_ACCRUAL_METHOD_SIMPLE_INTEREST,2026-09-15T02:49:30.501608+00:00
scope1qra2pqf3xc0y93vrzntm9l6jjl6s053dvm,56282BF472D3F9A39FCC453B5D82CF55809D356E63E83DF6786877D5B68C711A,2026-09-14T21:51:21.403278280Z,pb1kx5k0nr068xhxgcmnzzef9523cxdcexlm3r29w,pb1rrwuxd65chqed6t0c5z8z505daw0rvsveyl0eq,com.figure.los.contract.origination.RecordPropertyLoanContract,HELOC/Property-Secured,,7.9,figure-servicing-1-0,1,28016,0,0.0,PAYMENT_FREQUENCY_MONTHLY,DAY_COUNT_CONVENTION_ACTUAL_ACTUAL,INTEREST_ACCRUAL_METHOD_SIMPLE_INTEREST,2026-09-15T02:49:31.634770+00:00
scope1qrzpahyyhr3ypxvtjs36axnjrjgsu2jg2f,5E09477BB82E3315A4ED261FF0D1CF972F23748BA684B4D3E4E583B7FFDF1466,2026-09-14T21:50:51.235070521Z,pb13knswfs6ack05wveq5nua7jgc5jnld3zg8xl52,pb1rrwuxd65chqed6t0c5z8z505daw0rvsveyl0eq,com.figure.los.contract.origination.RecordPropertyLoanContract,HELOC/Property-Secured,,7.75,figure-servicing-1-0,1,0,0,0.0,PAYMENT_FREQUENCY_MONTHLY,DAY_COUNT_CONVENTION_ACTUAL_ACTUAL,INTEREST_ACCRUAL_METHOD_SIMPLE_INTEREST,2026-09-15T02:49:32.193478+00:00
scope1qzgnrjq6tzz54y9r58cajldr9uyqa9epka,8579FA2B7C9433C7E85DCE9E5FD24527F78F4F50E116C6735A4F8C7EFE3AA6C0,2026-09-14T21:50:46.860684521Z,pb16j3hxhr0m56h9u9ptdtz2qpmtd7333f77h64m6,pb1rrwuxd65chqed6t0c5z8z505daw0rvsveyl0eq,com.figure.los.contract.origination.RecordPropertyLoanContract,HELOC/Property-Secured,,8.35,figure-servicing-1-0,1,0,0,0.0,PAYMENT_FREQUENCY_MONTHLY,DAY_COUNT_CONVENTION_ACTUAL_ACTUAL,INTEREST_ACCRUAL_METHOD_SIMPLE_INTEREST,2026-09-15T02:49:33.303075+00:00
scope1qqwvyxful22yhmutyl9gh9qpqz4q2ju0g7,5B07214CDF6CD6AB33B9B169A7DF2CBAA33D72CF1260511B016BB42DB09FD26B,2026-09-14T21:50:46.860684521Z,pb1xvd4k9jg5h0d4dhzr4z0txtwe9p5zxf58xcmxd,pb1rrwuxd65chqed6t0c5z8z505daw0rvsveyl0eq,com.figure.los.contract.origination.RecordPropertyLoanContract,HELOC/Property-Secured,,14.81,figure-servicing-1-0,1,31670,0,0.0,PAYMENT_FREQUENCY_MONTHLY,DAY_COUNT_CONVENTION_ACTUAL_ACTUAL,INTEREST_ACCRUAL_METHOD_SIMPLE_INTEREST,2026-09-15T02:49:32.755157+00:00
scope1qqe54kc9ps4y3x53ty4qnwhz7f7s6zg5ex,9E91A75891BB5432200F32329F3B1A08D65030AEAE3B85A79B5C145DDF8161A1,2026-09-14T21:50:42.415923345Z,pb13knswfs6ack05wveq5nua7jgc5jnld3zg8xl52,pb1rrwuxd65chqed6t0c5z8z505daw0rvsveyl0eq,com.figure.los.contract.origination.RecordPropertyLoanContract,HELOC/Property-Secured,,9.25,figure-servicing-1-0,1,0,0,0.0,PAYMENT_FREQUENCY_MONTHLY,DAY_COUNT_CONVENTION_ACTUAL_ACTUAL,INTEREST_ACCRUAL_METHOD_SIMPLE_INTEREST,2026-09-15T02:49:33.854234+00:00
scope1qr3cu047wn752ta2l07faesk8lns50rcjk,1B0BF99E0B58E0907243795427677B78CE7969311247FC2A22BDA530532571FE,2026-09-14T21:50:37.759683343Z,pb1fmxzuzx5c4ja50vu94nt0aessnuedzmppde8qr,pb1rrwuxd65chqed6t0c5z8z505daw0rvsveyl0eq,com.figure.los.contract.origination.UpdatePropertyLoanContract,HELOC/Property-Secured,,8.95,figure-servicing-1-0,1,28016,0,0.0,PAYMENT_FREQUENCY_MONTHLY,DAY_COUNT_CONVENTION_ACTUAL_ACTUAL,INTEREST_ACCRUAL_METHOD_SIMPLE_INTEREST,2026-09-15T02:49:34.975414+00:00
scope1qrl707gxnhxyw0auqrkvevw29y8srxuyek,BD0A224562CEEED31D90B48B26C27183C7B5D440720B13CC495752B1DD2B3C0D,2026-09-14T21:50:37.759683343Z,pb1kx5k0nr068xhxgcmnzzef9523cxdcexlm3r29w,pb1rrwuxd65chqed6t0c5z8z505daw0rvsveyl0eq,com.figure.los.contract.origination.RecordPropertyLoanContract,HELOC/Property-Secured,,7.85,figure-servicing-1-0,1,0,0,0.0,PAYMENT_FREQUENCY_MONTHLY,DAY_COUNT_CONVENTION_ACTUAL_ACTUAL,INTEREST_ACCRUAL_METHOD_SIMPLE_INTEREST,2026-09-15T02:49:34.415501+00:00
scope1qzvzkux2amdyp89fz2p0qy0cwa3qxzxlmz,168D68794668409C86428CADB129EBAD6F0CD5B9B49CDB6CCA42D9CEB7FC504C,2026-09-14T21:50:20.440023551Z,pb13knswfs6ack05wveq5nua7jgc5jnld3zg8xl52,pb1rrwuxd65chqed6t0c5z8z505daw0rvsveyl0eq,com.figure.los.contract.origination.UpdateValidationResultContract,Other,,7.85,figure-servicing-1-0,1,31669,0,0.0,PAYMENT_FREQUENCY_MONTHLY,DAY_COUNT_CONVENTION_ACTUAL_ACTUAL,INTEREST_ACCRUAL_METHOD_SIMPLE_INTEREST,2026-09-15T02:49:35.524290+00:00
scope1qq06tt26vp6yew448yx9umdcgf4qgt9n66,FC16D24602DABD0DA19029B65B6A25965765C6ED76CBD6DAC3A3C58A80BA7AB4,2026-09-14T21:50:16.122881531Z,pb1kx5k0nr068xhxgcmnzzef9523cxdcexlm3r29w,pb1rrwuxd65chqed6t0c5z8z505daw0rvsveyl0eq,com.figure.los.contract.origination.UpdateValidationResultContract,Other,,8.15,figure-servicing-1-0,1,31669,0,0.0,PAYMENT_FREQUENCY_MONTHLY,DAY_COUNT_CONVENTION_ACTUAL_ACTUAL,INTEREST_ACCRUAL_METHOD_SIMPLE_INTEREST,2026-09-15T02:49:36.083474+00:00
scope1qqzl79f8056yfk5sffehh795gz3qe89au0,C42242B01CE63FD6B68834177EE4ADAF42E0FF9423AF14A126FE1335A96BC0E2,2026-09-14T21:49:15.088569145Z,pb13knswfs6ack05wveq5nua7jgc5jnld3zg8xl52,pb1rrwuxd65chqed6t0c5z8z505daw0rvsveyl0eq,com.figure.los.contract.origination.UpdateFundingContract,Other,,7.15,figure-servicing-1-0,1,28017,0,0.0,PAYMENT_FREQUENCY_MONTHLY,DAY_COUNT_CONVENTION_ACTUAL_ACTUAL,INTEREST_ACCRUAL_METHOD_SIMPLE_INTEREST,2026-09-15T02:49:36.657604+00:00
scope1qrpyzst9shky5ja4u4g0d6pja92sv37nyj,8A1E093A5415192DD3C85CB5FD3027106D9588D33371DA60EE4BA5FA859F9899,2026-09-14T21:48:27.043017706Z,pb1xvd4k9jg5h0d4dhzr4z0txtwe9p5zxf58xcmxd,pb1rrwuxd65chqed6t0c5z8z505daw0rvsveyl0eq,com.figure.los.contract.origination.UpdateFundingContract,Other,,9.0,figure-servicing-1-0,1,28016,0,0.0,PAYMENT_FREQUENCY_MONTHLY,DAY_COUNT_CONVENTION_ACTUAL_ACTUAL,INTEREST_ACCRUAL_METHOD_SIMPLE_INTEREST,2026-09-15T02:49:37.776309+00:00
scope1qzqv8uwhl7cyfzywrv3cjv0m984qzzw0pm,354327323333FD28214DC4EA5189E4218BD9C0A3FB6350CAAF52260E44212C71,2026-09-14T21:48:27.043017706Z,pb1kx5k0nr068xhxgcmnzzef9523cxdcexlm3r29w,pb1rrwuxd65chqed6t0c5z8z505daw0rvsveyl0eq,com.figure.los.contract.origination.UpdateValidationResultContract,Other,,5.95,figure-servicing-1-0,1,24366,0,0.0,PAYMENT_FREQUENCY_MONTHLY,DAY_COUNT_CONVENTION_ACTUAL_ACTUAL,INTEREST_ACCRUAL_METHOD_SIMPLE_INTEREST,2026-09-15T02:49:37.219478+00:00
scope1qpm77u2r62xyz2afxu2yjprhsedqn5yv67,AC7380D7421C61058BCF91B1643FF1E02F3E45D4F44BA4E65EFA0843708668A1,2026-09-14T21:47:17.778507955Z,pb1xvd4k9jg5h0d4dhzr4z0txtwe9p5zxf58xcmxd,pb1rrwuxd65chqed6t0c5z8z505daw0rvsveyl0eq,com.figure.los.contract.origination.RecordLoanContract,Consumer/Unsecured,,9.9,figure-servicing-1-0,1,31563,0,0.0,PAYMENT_FREQUENCY_MONTHLY,DAY_COUNT_CONVENTION_ACTUAL_ACTUAL,INTEREST_ACCRUAL_METHOD_SIMPLE_INTEREST,2026-09-15T02:49:38.325203+00:00
scope1qqz5qm006kpyyw4wlrjsfapwdjtq3fw0e3,1344C15D7CF89768BC009427AB66921BC0BCB9DE03FB7D7787948D7F0A47E4A0,2026-09-14T21:47:09.206865799Z,pb1kx5k0nr068xhxgcmnzzef9523cxdcexlm3r29w,pb1rrwuxd65chqed6t0c5z8z505daw0rvsveyl0eq,com.figure.los.contract.origination.UpdateValidationResultContract,Other,,9.0,figure-servicing-1-0,1,31669,0,0.0,PAYMENT_FREQUENCY_MONTHLY,DAY_COUNT_CONVENTION_ACTUAL_ACTUAL,INTEREST_ACCRUAL_METHOD_SIMPLE_INTEREST,2026-09-15T02:49:38.882924+00:00
scope1qqyyauacrhx5xgavlkq28y9hj6nqpmt2hn,7891236BE7D31ECD66D6C87F743930E21DBEA6778F00ED1FEB9764F647C6C3E1,2026-09-14T21:46:30.075334806Z,pb1xvd4k9jg5h0d4dhzr4z0txtwe9p5zxf58xcmxd,pb1rrwuxd65chqed6t0c5z8z505daw0rvsveyl0eq,com.figure.los.contract.origination.UpdateFundingContract,Other,,14.05,figure-servicing-1-0,1,30604,0,0.0,PAYMENT_FREQUENCY_MONTHLY,DAY_COUNT_CONVENTION_ACTUAL_ACTUAL,INTEREST_ACCRUAL_METHOD_SIMPLE_INTEREST,2026-09-15T02:49:39.437307+00:00
scope1qpmragwmlldylfvwzxjknz9q5w3ss6y6ec,27FC3D53866E56322D971D13F7C341DBBA1EC4695B06F005F7939F412B7447BD,2026-09-14T21:46:21.256591294Z,pb13knswfs6ack05wveq5nua7jgc5jnld3zg8xl52,pb1rrwuxd65chqed6t0c5z8z505daw0rvsveyl0eq,com.figure.los.contract.origination.RecordPropertyLoanContract,HELOC/Property-Secured,,10.6,figure-servicing-1-0,1,28018,0,0.0,PAYMENT_FREQUENCY_MONTHLY,DAY_COUNT_CONVENTION_ACTUAL_ACTUAL,INTEREST_ACCRUAL_METHOD_SIMPLE_INTEREST,2026-09-15T02:49:40.020670+00:00
scope1qrmzlqpwwcvyu0ufv4zr2f4juqjsjjmvft,9CB9AE35ACDCA8EB6FF0AA59D4E18754D343F4A6C5A43EE5DCBD66E864CCB06B,2026-09-14T21:46:12.597339058Z,pb16j3hxhr0m56h9u9ptdtz2qpmtd7333f77h64m6,pb1rrwuxd65chqed6t0c5z8z505daw0rvsveyl0eq,com.figure.los.contract.origination.RecordPropertyLoanContract,HELOC/Property-Secured,,8.4,figure-servicing-1-0,1,31670,0,0.0,PAYMENT_FREQUENCY_MONTHLY,DAY_COUNT_CONVENTION_ACTUAL_ACTUAL,INTEREST_ACCRUAL_METHOD_SIMPLE_INTEREST,2026-09-15T02:49:41.129036+00:00
scope1qr7slwhkxc35v74sh8mg7znkgfrq3n6jw6,6CAA25154F4370B60550F3BD73EA636F37215E7EFDD09FE6FEC8F7C9F7698BD2,2026-09-14T21:46:12.597339058Z,pb13knswfs6ack05wveq5nua7jgc5jnld3zg8xl52,pb1rrwuxd65chqed6t0c5z8z505daw0rvsveyl0eq,com.figure.los.contract.origination.UpdateFundingContract,Other,,7.45,figure-servicing-1-0,1,28017,0,0.0,PAYMENT_FREQUENCY_MONTHLY,DAY_COUNT_CONVENTION_ACTUAL_ACTUAL,INTEREST_ACCRUAL_METHOD_SIMPLE_INTEREST,2026-09-15T02:49:40.570583+00:00
scope1qr05hhexm4854dag6u3jv0amhpaqm38w3u,B825F1ABA7B23D1B9E962A163411B22BF5CA0E9D61C1D3777159A28078A35094,2026-09-14T21:45:55.497146390Z,pb134yg6h3g0vjq9ct2lpmx6sdxv3yuz942wrpxuu,pb1rrwuxd65chqed6t0c5z8z505daw0rvsveyl0eq,com.figure.los.contract.origination.RecordPropertyLoanContract,HELOC/Property-Secured,,8.55,figure-servicing-1-0,1,31670,0,0.0,PAYMENT_FREQUENCY_MONTHLY,DAY_COUNT_CONVENTION_ACTUAL_ACTUAL,INTEREST_ACCRUAL_METHOD_SIMPLE_INTEREST,2026-09-15T02:49:41.685317+00:00
scope1qrqz7wqh6atyj4dnf7n9dt2kt2ms40es9p,E761D1314254F144031555666383A196DADA30A708D1B7AC07300D62368203B3,2026-09-14T21:45:42.608930702Z,pb1xvd4k9jg5h0d4dhzr4z0txtwe9p5zxf58xcmxd,pb1rrwuxd65chqed6t0c5z8z505daw0rvsveyl0eq,com.figure.los.contract.origination.RecordPropertyLoanContract,HELOC/Property-Secured,,9.2,figure-servicing-1-0,1,0,0,0.0,PAYMENT_FREQUENCY_MONTHLY,DAY_COUNT_CONVENTION_ACTUAL_ACTUAL,INTEREST_ACCRUAL_METHOD_SIMPLE_INTEREST,2026-09-15T02:49:42.236401+00:00
scope1qp8xc2udqhhy2a4srratr0gjv3lqxhml02,404260DDAF94991C38A2CB519900ACA85FC2009701E87663EC75F0DF3A830782,2026-09-14T21:45:34.014793907Z,pb1kx5k0nr068xhxgcmnzzef9523cxdcexlm3r29w,pb1rrwuxd65chqed6t0c5z8z505daw0rvsveyl0eq,com.figure.los.contract.origination.RecordPropertyLoanContract,HELOC/Property-Secured,,8.45,figure-servicing-1-0,1,0,0,0.0,PAYMENT_FREQUENCY_MONTHLY,DAY_COUNT_CONVENTION_ACTUAL_ACTUAL,INTEREST_ACCRUAL_METHOD_SIMPLE_INTEREST,2026-09-15T02:49:42.794704+00:00
scope1qz89ug30l5p5es9tauaaqmn22ptss7azk2,1A6C7887D08173097685A69BAFF8FD74B481144168994DEF2F094C5DDB453248,2026-09-14T21:45:29.498660128Z,pb1kx5k0nr068xhxgcmnzzef9523cxdcexlm3r29w,pb1rrwuxd65chqed6t0c5z8z505daw0rvsveyl0eq,com.figure.los.contract.origination.RecordPropertyLoanContract,HELOC/Property-Secured,,9.15,figure-servicing-1-0,1,0,0,0.0,PAYMENT_FREQUENCY_MONTHLY,DAY_COUNT_CONVENTION_ACTUAL_ACTUAL,INTEREST_ACCRUAL_METHOD_SIMPLE_INTEREST,2026-09-15T02:49:44.453401+00:00
scope1qr97kje57cmyksdk79n0sslwmhfqz792g5,992D749BBC6827FE3CBA6D467FCA9DF8A4F01F6086AF75073F16A15E604C2BB0,2026-09-14T21:45:29.498660128Z,pb1xvd4k9jg5h0d4dhzr4z0txtwe9p5zxf58xcmxd,pb1rrwuxd65chqed6t0c5z8z505daw0rvsveyl0eq,com.figure.los.contract.origination.RecordPropertyLoanContract,HELOC/Property-Secured,,7.9,figure-servicing-1-0,1,0,0,0.0,PAYMENT_FREQUENCY_MONTHLY,DAY_COUNT_CONVENTION_ACTUAL_ACTUAL,INTEREST_ACCRUAL_METHOD_SIMPLE_INTEREST,2026-09-15T02:49:43.902274+00:00
scope1qr24adksuhr5685y52kf2ufnfmcq9mn3qd,4937E7DA69120487C3AF4EA00AA55D3F26BB719FA1F7200F5453946D6E680190,2026-09-14T21:45:29.498660128Z,pb1xzl9wgh0ry2dma43f58vmuteqd3996j6mhqhgz,pb1rrwuxd65chqed6t0c5z8z505daw0rvsveyl0eq,com.figure.los.contract.origination.RecordPropertyLoanContract,HELOC/Property-Secured,,7.7,figure-servicing-1-0,1,0,0,0.0,PAYMENT_FREQUENCY_MONTHLY,DAY_COUNT_CONVENTION_ACTUAL_ACTUAL,INTEREST_ACCRUAL_METHOD_SIMPLE_INTEREST,2026-09-15T02:49:43.346948+00:00
scope1qrvzdmm5xecys24tdfux7qlu33lq04kkl2,8560F18E06E002B1C5F0F2A04D1964DCF59EC9FA25B5EBE9BC6CB6DC2B98D4A7,2026-09-14T21:45:25.015919440Z,pb1xvd4k9jg5h0d4dhzr4z0txtwe9p5zxf58xcmxd,pb1rrwuxd65chqed6t0c5z8z505daw0rvsveyl0eq,com.figure.los.contract.origination.RecordLoanContract,Consumer/Unsecured,,8.91,figure-servicing-1-0,1,21075,0,0.0,PAYMENT_FREQUENCY_MONTHLY,DAY_COUNT_CONVENTION_ACTUAL_ACTUAL,INTEREST_ACCRUAL_METHOD_SIMPLE_INTEREST,2026-09-15T02:49:45.004548+00:00
scope1qpt80p20h23yd2v5njuynj63h6lqq8kg5c,254BF9DAEA0F4779332351018E532AB4D3DEEC518427E28703A0FC95CCD4BAA1,2026-09-14T21:45:20.632513113Z,pb129e6pvjd4d289kkayjtev9gmyg0flj77qhgx6g,pb1rrwuxd65chqed6t0c5z8z505daw0rvsveyl0eq,com.figure.los.contract.origination.UpdateValidationResultContract,Other,,8.91,figure-servicing-1-0,1,21075,0,0.0,PAYMENT_FREQUENCY_MONTHLY,DAY_COUNT_CONVENTION_ACTUAL_ACTUAL,INTEREST_ACCRUAL_METHOD_SIMPLE_INTEREST,2026-09-15T02:49:45.564902+00:00
scope1qrwmy45kt3457la08glezy4fjkqqhl3yc3,55C3326070B8656C8B5FF3ED486E3921235AE840A68CA5D509BD7E82A13474F6,2026-09-14T21:44:54.698723429Z,pb17e03lfm0sxjkf860l4n2j2h5yh4s9etq5l9laq,pb1rrwuxd65chqed6t0c5z8z505daw0rvsveyl0eq,com.figure.los.contract.origination.UpdateValidationResultContract,Other,,8.2,figure-servicing-1-0,1,28016,0,0.0,PAYMENT_FREQUENCY_MONTHLY,DAY_COUNT_CONVENTION_ACTUAL_ACTUAL,INTEREST_ACCRUAL_METHOD_SIMPLE_INTEREST,2026-09-15T02:49:46.131054+00:00
scope1qzw8vll6wqm5k99ethnads2kk5aqhm9t42,4B386D45B7C41328CBAA2F269C69C34792373D31776B6EC9DD8FAEA201F15EF1,2026-09-14T21:43:49.429980969Z,pb1kx5k0nr068xhxgcmnzzef9523cxdcexlm3r29w,pb1rrwuxd65chqed6t0c5z8z505daw0rvsveyl0eq,com.figure.los.contract.origination.UpdateValidationResultContract,Other,,9.4,figure-servicing-1-0,1,31669,0,0.0,PAYMENT_FREQUENCY_MONTHLY,DAY_COUNT_CONVENTION_ACTUAL_ACTUAL,INTEREST_ACCRUAL_METHOD_SIMPLE_INTEREST,2026-09-15T02:49:46.680237+00:00
scope1qrh2cv86wd3y2jyakwkprdju87sqfedzge,46A98A86D9320E373EDA580FC36D237802636C33E1D535C2ED42016D7521145E,2026-09-14T21:43:14.785377152Z,pb13knswfs6ack05wveq5nua7jgc5jnld3zg8xl52,pb1rrwuxd65chqed6t0c5z8z505daw0rvsveyl0eq,com.figure.los.contract.origination.RecordPropertyLoanContract,HELOC/Property-Secured,,12.25,figure-servicing-1-0,1,26190,0,0.0,PAYMENT_FREQUENCY_MONTHLY,DAY_COUNT_CONVENTION_ACTUAL_ACTUAL,INTEREST_ACCRUAL_METHOD_SIMPLE_INTEREST,2026-09-15T02:49:47.240067+00:00
scope1qqml3uafjpk569uye66l444hjn3sr96302,12E487BED9E79D1C540E5BB0A8D5893703BD3665B71FA3220C0186359FD6B86F,2026-09-14T21:42:35.557500729Z,pb1awn7unm6pv3rd9s0wzg4vje357dn3pn8ua530c,pb1rrwuxd65chqed6t0c5z8z505daw0rvsveyl0eq,com.figure.los.contract.origination.UpdateFundingContract,Other,,7.25,figure-servicing-1-0,1,24365,0,0.0,PAYMENT_FREQUENCY_MONTHLY,DAY_COUNT_CONVENTION_ACTUAL_ACTUAL,INTEREST_ACCRUAL_METHOD_SIMPLE_INTEREST,2026-09-15T02:49:47.805173+00:00
scope1qrmgf7zyduzynf40un98tuq2g79sv350de,A37B9CE7C300E862AF5FBF84C52BBBA0DFCB4C46D57C55C147B739FA358E2064,2026-09-14T21:42:22.494210294Z,pb13knswfs6ack05wveq5nua7jgc5jnld3zg8xl52,pb1rrwuxd65chqed6t0c5z8z505daw0rvsveyl0eq,com.figure.los.contract.origination.UpdateValidationResultContract,Other,,7.4,figure-servicing-1-0,1,28017,0,0.0,PAYMENT_FREQUENCY_MONTHLY,DAY_COUNT_CONVENTION_ACTUAL_ACTUAL,INTEREST_ACCRUAL_METHOD_SIMPLE_INTEREST,2026-09-15T02:49:48.371008+00:00
scope1qqv6jdjyhry52uas043q0xe3atzsmp0fma,C997A499D38E2EB52538C279C6464C116AA983BD4AD2B98EDF4F236BB4BED118,2026-09-14T21:41:48.037707872Z,pb13knswfs6ack05wveq5nua7jgc5jnld3zg8xl52,pb1rrwuxd65chqed6t0c5z8z505daw0rvsveyl0eq,com.figure.los.contract.origination.RecordPropertyLoanContract,HELOC/Property-Secured,,8.05,figure-servicing-1-0,1,0,0,0.0,PAYMENT_FREQUENCY_MONTHLY,DAY_COUNT_CONVENTION_ACTUAL_ACTUAL,INTEREST_ACCRUAL_METHOD_SIMPLE_INTEREST,2026-09-15T02:49:49.005483+00:00
scope1qrg677mas6ty27dyv7lx9pt5l7vq9gn6fa,78D9401F433B73992D745472FCEC81DD49214283A63C096E592B7CC5FE5507C0,2026-09-14T21:41:12.938775978Z,pb1xvd4k9jg5h0d4dhzr4z0txtwe9p5zxf58xcmxd,pb1rrwuxd65chqed6t0c5z8z505daw0rvsveyl0eq,com.figure.los.contract.origination.RecordLoanContract,Consumer/Unsecured,,8.91,figure-servicing-1-0,1,21075,0,0.0,PAYMENT_FREQUENCY_MONTHLY,DAY_COUNT_CONVENTION_ACTUAL_ACTUAL,INTEREST_ACCRUAL_METHOD_SIMPLE_INTEREST,2026-09-15T02:49:49.577548+00:00
scope1qpq8qtt5tk9557vqrwrz2t7ykgrsh5xqu6,86BFEFEF12F911AEAA98046A3A4BD5D4ED112F9893F146726EC89D70D1BA664C,2026-09-14T21:41:00.098174061Z,pb13knswfs6ack05wveq5nua7jgc5jnld3zg8xl52,pb1rrwuxd65chqed6t0c5z8z505daw0rvsveyl0eq,com.figure.los.contract.origination.RecordPropertyLoanContract,HELOC/Property-Secured,,7.1,figure-servicing-1-0,1,31670,0,0.0,PAYMENT_FREQUENCY_MONTHLY,DAY_COUNT_CONVENTION_ACTUAL_ACTUAL,INTEREST_ACCRUAL_METHOD_SIMPLE_INTEREST,2026-09-15T02:49:50.131120+00:00
scope1qrc2zs0js6s5s6ywrpj23ftx8arsgvzqk0,C38D4A4068CE89288B489505C526A1747A88372F458E62D278DA746600121C95,2026-09-14T21:40:51.534848270Z,pb1xvd4k9jg5h0d4dhzr4z0txtwe9p5zxf58xcmxd,pb1rrwuxd65chqed6t0c5z8z505daw0rvsveyl0eq,com.figure.los.contract.origination.UpdateValidationResultContract,Other,,7.8,figure-servicing-1-0,1,31669,0,0.0,PAYMENT_FREQUENCY_MONTHLY,DAY_COUNT_CONVENTION_ACTUAL_ACTUAL,INTEREST_ACCRUAL_METHOD_SIMPLE_INTEREST,2026-09-15T02:49:50.693832+00:00
scope1qrk7w8w3lfp5m79d5gg78tu42ykqvuf5kw,6614988427DEEE8AECF42F0346CB0D115729AD0BF4C2600101C35B9516D483CC,2026-09-14T21:40:47.208512766Z,pb13knswfs6ack05wveq5nua7jgc5jnld3zg8xl52,pb1rrwuxd65chqed6t0c5z8z505daw0rvsveyl0eq,com.figure.los.contract.origination.RecordPropertyLoanContract,HELOC/Property-Secured,,6.15,figure-servicing-1-0,1,0,0,0.0,PAYMENT_FREQUENCY_MONTHLY,DAY_COUNT_CONVENTION_ACTUAL_ACTUAL,INTEREST_ACCRUAL_METHOD_SIMPLE_INTEREST,2026-09-15T02:49:51.256746+00:00
scope1qq74nvpj0ka55vyavz274z7dq2sq7pt57h,037B9A3AE6FC545D46108BB5462819F01A5062A8E108D826EAE32F05361C297D,2026-09-14T21:40:38.569728703Z,pb1v3uda8qgxv69tx6wclsp0jn4n8xxa5h7gpt2jp,pb1rrwuxd65chqed6t0c5z8z505daw0rvsveyl0eq,com.figure.los.contract.origination.RecordPropertyLoanContract,HELOC/Property-Secured,,8.55,figure-servicing-1-0,1,0,0,0.0,PAYMENT_FREQUENCY_MONTHLY,DAY_COUNT_CONVENTION_ACTUAL_ACTUAL,INTEREST_ACCRUAL_METHOD_SIMPLE_INTEREST,2026-09-15T02:49:51.814601+00:00
scope1qrf76vlhp2fynyy3qvc8w7dt8ussq4ngsz,CAA5AF380C129BB0EEF70A07DF669CA592A9952DD3990881102226E20F235C52,2026-09-14T21:40:25.260203184Z,pb13knswfs6ack05wveq5nua7jgc5jnld3zg8xl52,pb1rrwuxd65chqed6t0c5z8z505daw0rvsveyl0eq,com.figure.los.contract.origination.RecordPropertyLoanContract,HELOC/Property-Secured,,8.3,figure-servicing-1-0,1,0,0,0.0,PAYMENT_FREQUENCY_MONTHLY,DAY_COUNT_CONVENTION_ACTUAL_ACTUAL,INTEREST_ACCRUAL_METHOD_SIMPLE_INTEREST,2026-09-15T02:49:52.940341+00:00
scope1qqp6n2qj5dmygka8uc66amhgc2lsmcn93t,122500DD30A5D1E52AF162C972F97620BFF7C62E8935B80808D51EEAF07F8E90,2026-09-14T21:40:25.260203184Z,pb1xvd4k9jg5h0d4dhzr4z0txtwe9p5zxf58xcmxd,pb1rrwuxd65chqed6t0c5z8z505daw0rvsveyl0eq,com.figure.los.contract.origination.RecordPropertyLoanContract,HELOC/Property-Secured,,8.8,figure-servicing-1-0,1,0,0,0.0,PAYMENT_FREQUENCY_MONTHLY,DAY_COUNT_CONVENTION_ACTUAL_ACTUAL,INTEREST_ACCRUAL_METHOD_SIMPLE_INTEREST,2026-09-15T02:49:52.372519+00:00
scope1qqfrwltxkw0yv858ysl5km5fzjqqzlezvk,EE0746E5D4FA9D610CE29E77BE57552C6796B22B01E974592A5992A3B4DCEBD9,2026-09-14T21:40:20.902543488Z,pb1xvd4k9jg5h0d4dhzr4z0txtwe9p5zxf58xcmxd,pb1rrwuxd65chqed6t0c5z8z505daw0rvsveyl0eq,com.figure.los.contract.origination.UpdateValidationResultContract,Other,,8.7,figure-servicing-1-0,1,31669,0,0.0,PAYMENT_FREQUENCY_MONTHLY,DAY_COUNT_CONVENTION_ACTUAL_ACTUAL,INTEREST_ACCRUAL_METHOD_SIMPLE_INTEREST,2026-09-15T02:49:53.496204+00:00
scope1qzyh73m2v8j5cevkr7nmgn972pgsn0tntg,E7892D0FE48C15FE9A388D66A2C4E064F31F029F2048C6049C342BDB6B25589E,2026-09-14T21:40:16.391072014Z,pb1xvd4k9jg5h0d4dhzr4z0txtwe9p5zxf58xcmxd,pb1rrwuxd65chqed6t0c5z8z505daw0rvsveyl0eq,com.figure.los.contract.origination.UpdatePropertyLoanContract,HELOC/Property-Secured,,8.75,figure-servicing-1-0,1,31669,0,0.0,PAYMENT_FREQUENCY_MONTHLY,DAY_COUNT_CONVENTION_ACTUAL_ACTUAL,INTEREST_ACCRUAL_METHOD_SIMPLE_INTEREST,2026-09-15T02:49:54.094353+00:00
scope1qzwk89udpyl5gvvm5u5mrtq54e2qzd908g,A3064BD5A6F05B791FB14317E6187AA22FF06F9B7ECB8335463BF10195CD7384,2026-09-14T21:40:03.331910762Z,pb1xn26pu6csqg4vj2apq4x4muvc8g2vgazea9ack,pb1rrwuxd65chqed6t0c5z8z505daw0rvsveyl0eq,com.figure.los.contract.origination.RecordPropertyLoanContract,HELOC/Property-Secured,,7.125,figure-servicing-1-0,1,0,0,0.0,PAYMENT_FREQUENCY_MONTHLY,DAY_COUNT_CONVENTION_ACTUAL_ACTUAL,INTEREST_ACCRUAL_METHOD_SIMPLE_INTEREST,2026-09-15T02:49:54.658669+00:00
scope1qqthscegukk5dd5tc2rh6vyhtzesaxs0vc,AA08583EF527221D23E71D289DF4238AF3B53E301C446CAD1B21764BA70F97DA,2026-09-14T21:38:44.914435979Z,pb1xvd4k9jg5h0d4dhzr4z0txtwe9p5zxf58xcmxd,pb1rrwuxd65chqed6t0c5z8z505daw0rvsveyl0eq,com.figure.los.contract.origination.RecordLoanContract,Consumer/Unsecured,,8.35,figure-servicing-1-0,1,27963,0,0.0,PAYMENT_FREQUENCY_MONTHLY,DAY_COUNT_CONVENTION_ACTUAL_ACTUAL,INTEREST_ACCRUAL_METHOD_SIMPLE_INTEREST,2026-09-15T02:49:55.221816+00:00
scope1qzhg66um6nay2pdwugpwmt2vyvvq8l423e,D98B7BD6CC5344D885B9DF0A739C6FA82A65EDB2E7221BBC7FB71F61DC003564,2026-09-14T21:38:22.923024102Z,pb13knswfs6ack05wveq5nua7jgc5jnld3zg8xl52,pb1rrwuxd65chqed6t0c5z8z505daw0rvsveyl0eq,com.figure.los.contract.origination.RecordPropertyLoanContract,HELOC/Property-Secured,,8.7,figure-servicing-1-0,1,0,0,0.0,PAYMENT_FREQUENCY_MONTHLY,DAY_COUNT_CONVENTION_ACTUAL_ACTUAL,INTEREST_ACCRUAL_METHOD_SIMPLE_INTEREST,2026-09-15T02:49:55.788895+00:00
scope1qrr994khxy6y5gu30ecgqaql0vaqmd8j6d,4CC6F5DD4A9961E4C0FB48A48686B2DC7D5CC8846D59F1749F3D7E439E64E521,2026-09-14T21:38:05.771095654Z,pb1qqzphpm5wlnere7ctv65zef82vgfjq2vppvefg,pb1rrwuxd65chqed6t0c5z8z505daw0rvsveyl0eq,com.figure.los.contract.origination.RecordPropertyLoanContract,HELOC/Property-Secured,,10.75,figure-servicing-1-0,1,0,0,0.0,PAYMENT_FREQUENCY_MONTHLY,DAY_COUNT_CONVENTION_ACTUAL_ACTUAL,INTEREST_ACCRUAL_METHOD_SIMPLE_INTEREST,2026-09-15T02:49:56.346537+00:00
scope1qqjdm36u52g5c0axs0qg6suuxf0svpaly4,92BF2DF9F6AC1BB601231149F9C394252C160F2C09DF60F2F5E2CD639BAE6C27,2026-09-14T21:37:48.133489507Z,pb1kx5k0nr068xhxgcmnzzef9523cxdcexlm3r29w,pb1rrwuxd65chqed6t0c5z8z505daw0rvsveyl0eq,com.figure.los.contract.origination.UpdateValidationResultContract,Other,,9.8,figure-servicing-1-0,1,26191,0,0.0,PAYMENT_FREQUENCY_MONTHLY,DAY_COUNT_CONVENTION_ACTUAL_ACTUAL,INTEREST_ACCRUAL_METHOD_SIMPLE_INTEREST,2026-09-15T02:49:56.896145+00:00
scope1qr7gwr45wz85cpumc4wtn00edz5sz24678,C671A2A2B0FAD0F718D6C0501583BE29C1D826BB5D59C3619307C73A9447CFAB,2026-09-14T21:37:43.579115436Z,pb13knswfs6ack05wveq5nua7jgc5jnld3zg8xl52,pb1rrwuxd65chqed6t0c5z8z505daw0rvsveyl0eq,com.figure.los.contract.origination.UpdatePropertyLoanContract,HELOC/Property-Secured,,8.2,figure-servicing-1-0,1,31671,0,0.0,PAYMENT_FREQUENCY_MONTHLY,DAY_COUNT_CONVENTION_ACTUAL_ACTUAL,INTEREST_ACCRUAL_METHOD_SIMPLE_INTEREST,2026-09-15T02:49:57.463576+00:00
scope1qpntd5pcanjyl0u5zdevfez4slcsd7jvl8,DA5F0E0379220E3E36539648FF60E6D8EF16DD6C1646565F8CF13E45D526A1BD,2026-09-14T21:36:59.786609617Z,pb13knswfs6ack05wveq5nua7jgc5jnld3zg8xl52,pb1rrwuxd65chqed6t0c5z8z505daw0rvsveyl0eq,com.figure.los.contract.origination.UpdateValidationResultContract,Other,,9.95,figure-servicing-1-0,1,28017,0,0.0,PAYMENT_FREQUENCY_MONTHLY,DAY_COUNT_CONVENTION_ACTUAL_ACTUAL,INTEREST_ACCRUAL_METHOD_SIMPLE_INTEREST,2026-09-15T02:49:58.016656+00:00
scope1qrc378ghf225pj5ph2jtq4djnk8q9n9nr2,B947D9AA8A1609B05ED1E9F443B82365C403CCBF0B14068520DC6762523E4D8F,2026-09-14T21:35:54.566020937Z,pb1xvd4k9jg5h0d4dhzr4z0txtwe9p5zxf58xcmxd,pb1rrwuxd65chqed6t0c5z8z505daw0rvsveyl0eq,com.figure.los.contract.origination.RecordPropertyLoanContract,HELOC/Property-Secured,,9.55,figure-servicing-1-0,1,0,0,0.0,PAYMENT_FREQUENCY_MONTHLY,DAY_COUNT_CONVENTION_ACTUAL_ACTUAL,INTEREST_ACCRUAL_METHOD_SIMPLE_INTEREST,2026-09-15T02:49:58.587298+00:00
scope1qrjasxxzfaf56vusg02njq8w5aastrrq7g,B947D9AA8A1609B05ED1E9F443B82365C403CCBF0B14068520DC6762523E4D8F,2026-09-14T21:35:54.566020937Z,pb1xvd4k9jg5h0d4dhzr4z0txtwe9p5zxf58xcmxd,pb1rrwuxd65chqed6t0c5z8z505daw0rvsveyl0eq,com.figure.los.contract.origination.RecordPropertyLoanContract,HELOC/Property-Secured,,8.75,figure-servicing-1-0,1,0,0,0.0,PAYMENT_FREQUENCY_MONTHLY,DAY_COUNT_CONVENTION_ACTUAL_ACTUAL,INTEREST_ACCRUAL_METHOD_SIMPLE_INTEREST,2026-09-15T02:49:58.587242+00:00
scope1qruhtqjz9ley3l59hx4lv2zgsgdspkp66c,BE08F82C54F8E70EBA2F18CBA5A9A20A91271A9607F9051801D87A0330743216,2026-09-14T21:35:50.241416882Z,pb1xvd4k9jg5h0d4dhzr4z0txtwe9p5zxf58xcmxd,pb1rrwuxd65chqed6t0c5z8z505daw0rvsveyl0eq,com.figure.los.contract.origination.RecordPropertyLoanContract,HELOC/Property-Secured,,9.3,figure-servicing-1-0,1,0,0,0.0,PAYMENT_FREQUENCY_MONTHLY,DAY_COUNT_CONVENTION_ACTUAL_ACTUAL,INTEREST_ACCRUAL_METHOD_SIMPLE_INTEREST,2026-09-15T02:50:00.259997+00:00
scope1qz6hegm85ycy24yv8qfj9qy8kr9qek2nah,4C1567891A5A1049AAF14D6E34DD51C7B3F6AB3132418271C122F90DD5F40367,2026-09-14T21:35:50.241416882Z,pb13knswfs6ack05wveq5nua7jgc5jnld3zg8xl52,pb1rrwuxd65chqed6t0c5z8z505daw0rvsveyl0eq,com.figure.los.contract.origination.RecordPropertyLoanContract,HELOC/Property-Secured,,8.2,figure-servicing-1-0,1,0,0,0.0,PAYMENT_FREQUENCY_MONTHLY,DAY_COUNT_CONVENTION_ACTUAL_ACTUAL,INTEREST_ACCRUAL_METHOD_SIMPLE_INTEREST,2026-09-15T02:49:59.698033+00:00
scope1qpxkjr0wrp9y8fadd674kxtd4lqszazje8,D0145E4A3B3E083777D767203902D60312C91E69CFE295E989F5B2938C1C6169,2026-09-14T21:35:50.241416882Z,pb1kx5k0nr068xhxgcmnzzef9523cxdcexlm3r29w,pb1rrwuxd65chqed6t0c5z8z505daw0rvsveyl0eq,com.figure.los.contract.origination.RecordPropertyLoanContract,HELOC/Property-Secured,,8.35,figure-servicing-1-0,1,0,0,0.0,PAYMENT_FREQUENCY_MONTHLY,DAY_COUNT_CONVENTION_ACTUAL_ACTUAL,INTEREST_ACCRUAL_METHOD_SIMPLE_INTEREST,2026-09-15T02:49:59.141930+00:00
scope1qpeuxzaz0pdyhq5llvekj70rrupqv34qf9,92F3F3893BFAF23CA1CCD8EEF31F9A9375E2CE505110A9DCA69274D59EB0419B,2026-09-14T21:35:45.756441633Z,pb1awn7unm6pv3rd9s0wzg4vje357dn3pn8ua530c,pb1rrwuxd65chqed6t0c5z8z505daw0rvsveyl0eq,com.figure.los.contract.origination.RecordPropertyLoanContract,HELOC/Property-Secured,,7.55,figure-servicing-1-0,1,0,0,0.0,PAYMENT_FREQUENCY_MONTHLY,DAY_COUNT_CONVENTION_ACTUAL_ACTUAL,INTEREST_ACCRUAL_METHOD_SIMPLE_INTEREST,2026-09-15T02:50:00.862684+00:00
scope1qpwew9flaq0y8vv8gl56pyvar76qrcfzx3,02CBF2505322F8BF9EA267F4A0DD0D864D20D203CA1F8AE6B5EA5AD3F1483382,2026-09-14T21:35:37.188265253Z,pb13knswfs6ack05wveq5nua7jgc5jnld3zg8xl52,pb1rrwuxd65chqed6t0c5z8z505daw0rvsveyl0eq,com.figure.los.contract.origination.RecordPropertyLoanContract,HELOC/Property-Secured,,8.6,figure-servicing-1-0,1,0,0,0.0,PAYMENT_FREQUENCY_MONTHLY,DAY_COUNT_CONVENTION_ACTUAL_ACTUAL,INTEREST_ACCRUAL_METHOD_SIMPLE_INTEREST,2026-09-15T02:50:02.006830+00:00
scope1qrf7qx3j5hy54m5cv6fsgv9yvqhsvdsa5m,4A99CE60B0CCE08E19600789AB43F780A1757C68211828A032DF24616BFC4EC9,2026-09-14T21:35:37.188265253Z,pb1kx5k0nr068xhxgcmnzzef9523cxdcexlm3r29w,pb1rrwuxd65chqed6t0c5z8z505daw0rvsveyl0eq,com.figure.los.contract.origination.RecordPropertyLoanContract,HELOC/Property-Secured,,9.4,figure-servicing-1-0,1,0,0,0.0,PAYMENT_FREQUENCY_MONTHLY,DAY_COUNT_CONVENTION_ACTUAL_ACTUAL,INTEREST_ACCRUAL_METHOD_SIMPLE_INTEREST,2026-09-15T02:50:01.431485+00:00
scope1qrm0mer32fc5nxvg0lw7gv3nys4s0ehwgv,CCD219C75196B6F6F073DF2E001934BC57DC8D1594F179584943EA03773C6BA0,2026-09-14T21:35:32.828923887Z,pb1xvd4k9jg5h0d4dhzr4z0txtwe9p5zxf58xcmxd,pb1rrwuxd65chqed6t0c5z8z505daw0rvsveyl0eq,com.figure.los.contract.origination.RecordPropertyLoanContract,HELOC/Property-Secured,,8.85,figure-servicing-1-0,1,0,0,0.0,PAYMENT_FREQUENCY_MONTHLY,DAY_COUNT_CONVENTION_ACTUAL_ACTUAL,INTEREST_ACCRUAL_METHOD_SIMPLE_INTEREST,2026-09-15T02:50:03.194270+00:00
scope1qqp70zmy5r0ysdaf48gsfn0gqncqe6k5kv,94DA279ADBC0F1F55B92E0C0D2AA25B41CCFA25A6A1C70FED70F2A78A7E87C77,2026-09-14T21:35:32.828923887Z,pb1awn7unm6pv3rd9s0wzg4vje357dn3pn8ua530c,pb1rrwuxd65chqed6t0c5z8z505daw0rvsveyl0eq,com.figure.los.contract.origination.RecordPropertyLoanContract,HELOC/Property-Secured,,9.2,figure-servicing-1-0,1,0,0,0.0,PAYMENT_FREQUENCY_MONTHLY,DAY_COUNT_CONVENTION_ACTUAL_ACTUAL,INTEREST_ACCRUAL_METHOD_SIMPLE_INTEREST,2026-09-15T02:50:02.607574+00:00
scope1qpulsyp94rgywhyqg7nyav29t62sz0426g,32C27AA49D11C32F144181783F9C2510CC748165A1A12EAA2431CC8C6C8D01E8,2026-09-14T21:35:24.235420685Z,pb1k38pa6rgnepcs592n4mvr3hxucw8tslprcmlvk,pb1rrwuxd65chqed6t0c5z8z505daw0rvsveyl0eq,com.figure.los.contract.origination.UpdateValidationResultContract,Other,,7.3,figure-servicing-1-0,1,28017,0,0.0,PAYMENT_FREQUENCY_MONTHLY,DAY_COUNT_CONVENTION_ACTUAL_ACTUAL,INTEREST_ACCRUAL_METHOD_SIMPLE_INTEREST,2026-09-15T02:50:03.745683+00:00
scope1qqvenwu40jr50wa0vd309tzz4f8swp9dqw,02EA09DB1FF5717B18FAE953A272CFB27D34F8B3B885D460EF27CF60902D01C6,2026-09-14T21:35:19.955489052Z,pb150y6qkszzccf4gapvywe6lvaaraant8acjk6t4,pb1rrwuxd65chqed6t0c5z8z505daw0rvsveyl0eq,com.figure.los.contract.origination.RecordPropertyLoanContract,HELOC/Property-Secured,,9.6,figure-servicing-1-0,1,0,0,0.0,PAYMENT_FREQUENCY_MONTHLY,DAY_COUNT_CONVENTION_ACTUAL_ACTUAL,INTEREST_ACCRUAL_METHOD_SIMPLE_INTEREST,2026-09-15T02:50:04.300506+00:00
scope1qpsudrmdc87yd45tsfaqmctxc29qr2qgxz,17CCF2F01AD829B347BE7A4A67B19B14AE4AB62BEFF0EB364CB151A2AC192989,2026-09-14T21:34:09.633032594Z,pb1kx5k0nr068xhxgcmnzzef9523cxdcexlm3r29w,pb1rrwuxd65chqed6t0c5z8z505daw0rvsveyl0eq,com.figure.los.contract.origination.UpdateValidationResultContract,Other,,9.55,figure-servicing-1-0,1,28017,0,0.0,PAYMENT_FREQUENCY_MONTHLY,DAY_COUNT_CONVENTION_ACTUAL_ACTUAL,INTEREST_ACCRUAL_METHOD_SIMPLE_INTEREST,2026-09-15T02:50:04.874451+00:00
scope1qzpmrm38en7y8euwg6c5nytwkans8vvhj6,E37CAB2361CA6890A305C3EC398C17B9645FC642A16AF7117D1C801433386130,2026-09-14T21:33:43.636144139Z,pb16j3hxhr0m56h9u9ptdtz2qpmtd7333f77h64m6,pb1rrwuxd65chqed6t0c5z8z505daw0rvsveyl0eq,com.figure.los.contract.origination.RecordPropertyLoanContract,HELOC/Property-Secured,,8.25,figure-servicing-1-0,1,0,0,0.0,PAYMENT_FREQUENCY_MONTHLY,DAY_COUNT_CONVENTION_ACTUAL_ACTUAL,INTEREST_ACCRUAL_METHOD_SIMPLE_INTEREST,2026-09-15T02:50:05.433203+00:00
scope1qprmwhl08yuy94vrdtrxlq7443hsm3w0tx,0CDC9B3288CA6B29654AFE1C670B48625115467B12D53ACC3065234717E3689B,2026-09-14T21:32:47.332109184Z,pb1tntasskkhfuaeataw3qj6ed7u4gmlcxz69tppu,pb1rrwuxd65chqed6t0c5z8z505daw0rvsveyl0eq,com.figure.los.contract.origination.UpdateFundingContract,Other,,10.6,figure-servicing-1-0,1,28016,0,0.0,PAYMENT_FREQUENCY_MONTHLY,DAY_COUNT_CONVENTION_ACTUAL_ACTUAL,INTEREST_ACCRUAL_METHOD_SIMPLE_INTEREST,2026-09-15T02:50:05.987079+00:00
scope1qpgkzsnkvpkyzt9j9654wdqyykms0ps2zy,F43888619F1EA3E4DDD72827CB2C62355127049462EA550F8E4295FD731911D9,2026-09-14T21:31:42.414848663Z,pb1awn7unm6pv3rd9s0wzg4vje357dn3pn8ua530c,pb1rrwuxd65chqed6t0c5z8z505daw0rvsveyl0eq,com.figure.los.contract.origination.UpdateFundingContract,Other,,7.95,figure-servicing-1-0,1,28018,0,0.0,PAYMENT_FREQUENCY_MONTHLY,DAY_COUNT_CONVENTION_ACTUAL_ACTUAL,INTEREST_ACCRUAL_METHOD_SIMPLE_INTEREST,2026-09-15T02:50:06.545576+00:00
scope1qzdxfvhazh5yrnulhu6zldvl8sdqv9xuh8,22871EB49D5804AFDD973488489EEC82979EC626C94E14C419C9BB374085EB9B,2026-09-14T21:30:41.145558709Z,pb1v3uda8qgxv69tx6wclsp0jn4n8xxa5h7gpt2jp,pb1rrwuxd65chqed6t0c5z8z505daw0rvsveyl0eq,com.figure.los.contract.origination.UpdateValidationResultContract,Other,,9.35,figure-servicing-1-0,1,28017,0,0.0,PAYMENT_FREQUENCY_MONTHLY,DAY_COUNT_CONVENTION_ACTUAL_ACTUAL,INTEREST_ACCRUAL_METHOD_SIMPLE_INTEREST,2026-09-15T02:50:07.105881+00:00
scope1qzvkmc3ctpc5vcaeaujv9njk0xrsp5epmd,4D6854348CC4DD290901772EF321602764F3CC3C7BF45E5BA3B4E457D043E3B4,2026-09-14T21:30:36.469141231Z,pb1xvd4k9jg5h0d4dhzr4z0txtwe9p5zxf58xcmxd,pb1rrwuxd65chqed6t0c5z8z505daw0rvsveyl0eq,com.figure.los.contract.origination.RecordPropertyLoanContract,HELOC/Property-Secured,,13.15,figure-servicing-1-0,1,0,0,0.0,PAYMENT_FREQUENCY_MONTHLY,DAY_COUNT_CONVENTION_ACTUAL_ACTUAL,INTEREST_ACCRUAL_METHOD_SIMPLE_INTEREST,2026-09-15T02:50:08.214043+00:00
scope1qr5nm5j0mnf5ply7xzuj2cgpvzxqek5zng,DA19F5AA50CE3CB7ED19EDC1718F6FB50336ECF5450F45BC039D681B0A8CE4E5,2026-09-14T21:30:36.469141231Z,pb16j3hxhr0m56h9u9ptdtz2qpmtd7333f77h64m6,pb1rrwuxd65chqed6t0c5z8z505daw0rvsveyl0eq,com.figure.los.contract.origination.RecordPropertyLoanContract,HELOC/Property-Secured,,7.8,figure-servicing-1-0,1,0,0,0.0,PAYMENT_FREQUENCY_MONTHLY,DAY_COUNT_CONVENTION_ACTUAL_ACTUAL,INTEREST_ACCRUAL_METHOD_SIMPLE_INTEREST,2026-09-15T02:50:07.661696+00:00
scope1qzam3g7w4qd5ws4zsvlvmvw84svq5fp7hd,1F5CC5F59C544AFD0C1C2F56261C2C3BBB296F193F1C91F982625054451DD12D,2026-09-14T21:30:32.104845424Z,pb12dyqf6zh3g8tqvk5hp8mqavj75700yy04xud59,pb1rrwuxd65chqed6t0c5z8z505daw0rvsveyl0eq,com.figure.los.contract.origination.RecordPropertyLoanContract,HELOC/Property-Secured,,14.4,figure-servicing-1-0,1,0,0,0.0,PAYMENT_FREQUENCY_MONTHLY,DAY_COUNT_CONVENTION_ACTUAL_ACTUAL,INTEREST_ACCRUAL_METHOD_SIMPLE_INTEREST,2026-09-15T02:50:09.344954+00:00
scope1qp95hfjp2g0yfl98sm7ardhvja3q79d6rj,200A0944A014F750E68C3A237E170CEE06BBE40F039CB930D9E676D78211B332,2026-09-14T21:30:32.104845424Z,pb1589kxggzm5sd82dzre47zpp9wjnr4fr229srtj,pb1rrwuxd65chqed6t0c5z8z505daw0rvsveyl0eq,com.figure.los.contract.origination.RecordPropertyLoanContract,HELOC/Property-Secured,,10.5,figure-servicing-1-0,1,0,0,0.0,PAYMENT_FREQUENCY_MONTHLY,DAY_COUNT_CONVENTION_ACTUAL_ACTUAL,INTEREST_ACCRUAL_METHOD_SIMPLE_INTEREST,2026-09-15T02:50:08.771641+00:00
scope1qz994cglgpuytn95e87e27g9nwjs42rtcn,E27529C64EBC17736AD382B042A6CF8043E0EA5BF657FC6B47F6DDB5B1554308,2026-09-14T21:30:23.322211194Z,pb13knswfs6ack05wveq5nua7jgc5jnld3zg8xl52,pb1rrwuxd65chqed6t0c5z8z505daw0rvsveyl0eq,com.figure.los.contract.origination.RecordPropertyLoanContract,HELOC/Property-Secured,,8.4,figure-servicing-1-0,1,0,0,0.0,PAYMENT_FREQUENCY_MONTHLY,DAY_COUNT_CONVENTION_ACTUAL_ACTUAL,INTEREST_ACCRUAL_METHOD_SIMPLE_INTEREST,2026-09-15T02:50:09.914269+00:00
scope1qrk3yp26frryfs9mh2294aw0akqqmf39n3,E27529C64EBC17736AD382B042A6CF8043E0EA5BF657FC6B47F6DDB5B1554308,2026-09-14T21:30:23.322211194Z,pb13knswfs6ack05wveq5nua7jgc5jnld3zg8xl52,pb1rrwuxd65chqed6t0c5z8z505daw0rvsveyl0eq,com.figure.los.contract.origination.RecordPropertyLoanContract,HELOC/Property-Secured,,7.15,figure-servicing-1-0,1,0,0,0.0,PAYMENT_FREQUENCY_MONTHLY,DAY_COUNT_CONVENTION_ACTUAL_ACTUAL,INTEREST_ACCRUAL_METHOD_SIMPLE_INTEREST,2026-09-15T02:50:09.914216+00:00
scope1qp6lsr60swjyw69p9deama00ne2sj7meht,2AD545BC95140EE51563AFB25F57441CD6E007A7B29DFA4DFA65DC9DE5EECC0F,2026-09-14T21:30:06.118518026Z,pb1xvd4k9jg5h0d4dhzr4z0txtwe9p5zxf58xcmxd,pb1rrwuxd65chqed6t0c5z8z505daw0rvsveyl0eq,com.figure.los.contract.origination.UpdateFundingContract,Other,,9.55,figure-servicing-1-0,1,28017,0,0.0,PAYMENT_FREQUENCY_MONTHLY,DAY_COUNT_CONVENTION_ACTUAL_ACTUAL,INTEREST_ACCRUAL_METHOD_SIMPLE_INTEREST,2026-09-15T02:50:10.494655+00:00
scope1qrdez7g0ja654evlrw29jy2t7vts6760zl,62652E806EC73792C2D6C2F68CC7812FCFCE16DDB0F238EF8D72B94F8EE3185B,2026-09-14T21:29:57.420023904Z,pb1xvd4k9jg5h0d4dhzr4z0txtwe9p5zxf58xcmxd,pb1rrwuxd65chqed6t0c5z8z505daw0rvsveyl0eq,,,,,,,,,,,,,2026-09-15T02:50:11.059882+00:00
scope1qqd3d0und8nytq9c97yaadrj9ptq2fvea6,31935BD2A20752F9AA92029614D5255BE5B6B0D5539A8B7BC90C7E91FDE7B3EF,2026-09-14T21:28:22.640396427Z,pb13knswfs6ack05wveq5nua7jgc5jnld3zg8xl52,pb1rrwuxd65chqed6t0c5z8z505daw0rvsveyl0eq,,,,,,,,,,,,,2026-09-15T02:50:11.636107+00:00
scope1qrhrwu04fe6y8xutd3wcrzfznrpq8jal5e,9A4C524AA5FA006E0A04F3C263C67AD6A8B4A0764D4521D3F24BC3C35A1C6396,2026-09-14T21:28:04.839182257Z,pb1xvd4k9jg5h0d4dhzr4z0txtwe9p5zxf58xcmxd,pb1rrwuxd65chqed6t0c5z8z505daw0rvsveyl0eq,,,,,,,,,,,,,2026-09-15T02:50:12.194456+00:00
scope1qrujhaa4tgxynh930rltyxdytvcs4fhkq4,6327CB489184B3A8773EDAED86913C1EFA7A8DFB53B8EA4AF25F63CC6D9A23B5,2026-09-14T21:28:00.496148662Z,pb1xvd4k9jg5h0d4dhzr4z0txtwe9p5zxf58xcmxd,pb1rrwuxd65chqed6t0c5z8z505daw0rvsveyl0eq,,,,,,,,,,,,,2026-09-15T02:50:12.753291+00:00
scope1qr34avwst745hnvhdc7wk8jume7shcvzmc,6082B1B318E39E415BD9724CDE49B8D9268281B4D9275EBB3DD338956B864C57,2026-09-14T21:26:55.459407587Z,pb1awn7unm6pv3rd9s0wzg4vje357dn3pn8ua530c,pb1rrwuxd65chqed6t0c5z8z505daw0rvsveyl0eq,,,,,,,,,,,,,2026-09-15T02:50:13.309578+00:00
scope1qzyf9v0dwhp546vcfxfxtlvvhwtqnwcza6,290840C77A44A690F810F286ACADAD3DB9FF39CB737C630AB843A06D780C6917,2026-09-14T21:25:59.119484890Z,pb13knswfs6ack05wveq5nua7jgc5jnld3zg8xl52,pb1rrwuxd65chqed6t0c5z8z505daw0rvsveyl0eq,,,,,,,,,,,,,2026-09-15T02:50:13.873644+00:00
scope1qrm0glpqv28ymvv3a4wqry29m34spdfp5v,6707162DF17D1E527F8FF03EE43776CA346383C6D07E1F2F7846E72AB616DD14,2026-09-14T21:25:45.992570211Z,pb134yg6h3g0vjq9ct2lpmx6sdxv3yuz942wrpxuu,pb1rrwuxd65chqed6t0c5z8z505daw0rvsveyl0eq,,,,,,,,,,,,,2026-09-15T02:50:14.430390+00:00
scope1qqvnx35tclsyl9aacuphwykjgmvq7p7k7c,ADBC6FDA81E894685F3BDF24A30DCCE666CFA99423C9F4AC4C647DC5ABFDCD20,2026-09-14T21:25:37.295822904Z,pb1ktdq0qzdkxeafxuagteyelv2cagwpn0ulwp4lp,pb1rrwuxd65chqed6t0c5z8z505daw0rvsveyl0eq,,,,,,,,,,,,,2026-09-15T02:50:16.113276+00:00
scope1qp2uq0y9utny80utmgkwl0j20s6qhstmge,DB220A5961F362002AB6E740F408EDFD081D7A85D513E52BF4BC148696317D75,2026-09-14T21:25:37.295822904Z,pb1yanv2m82r4j90len04gf8hftqgelhtu885ekw8,pb1rrwuxd65chqed6t0c5z8z505daw0rvsveyl0eq,,,,,,,,,,,,,2026-09-15T02:50:15.554685+00:00
scope1qqw37u43j2aymjvm53fgn69uj67q64n2gm,FEA25C5A37B3500ED0B2456A17143BF46C86AABDDD48A5B3907014B0442460B5,2026-09-14T21:25:37.295822904Z,pb1xvd4k9jg5h0d4dhzr4z0txtwe9p5zxf58xcmxd,pb1rrwuxd65chqed6t0c5z8z505daw0rvsveyl0eq,,,,,,,,,,,,,2026-09-15T02:50:14.990034+00:00
scope1qqh6w8g8kdd5tmdrkyjskf8wq6yqsaga20,04F29487FE3B40563777711CE99439F47FFD2D2627398DBB394C2ED5E89A685B,2026-09-14T21:25:28.613709124Z,pb17e03lfm0sxjkf860l4n2j2h5yh4s9etq5l9laq,pb1rrwuxd65chqed6t0c5z8z505daw0rvsveyl0eq,,,,,,,,,,,,,2026-09-15T02:50:29.845950+00:00
scope1qqz4dya8pk2yw6akssmvvfz2gxcqh5x6j2,54C215C5E052E778B2349600697C7B14E4F50905C976233F85CB968004455773,2026-09-14T21:25:28.613709124Z,pb13knswfs6ack05wveq5nua7jgc5jnld3zg8xl52,pb1rrwuxd65chqed6t0c5z8z505daw0rvsveyl0eq,,,,,,,,,,,,,2026-09-15T02:50:29.264944+00:00
scope1qp03500nd425y25n2jke9zdnfxvqcnm85t,43E97A99993FE5A4978D74A2A7FD9D487EB68966629F9905BC972ECACB21DCE8,2026-09-14T21:25:24.272177638Z,pb1xvd4k9jg5h0d4dhzr4z0txtwe9p5zxf58xcmxd,pb1rrwuxd65chqed6t0c5z8z505daw0rvsveyl0eq,,,,,,,,,,,,,2026-09-15T02:50:30.416979+00:00
scope1qq34mat3nrd5n95wcs8h02s34tssv3j7x7,406F74D948AB8B3C86D1F3A5A578BBDBDC93BC422A85B620B5C14C6660B154B3,2026-09-14T21:24:36.445033803Z,pb13knswfs6ack05wveq5nua7jgc5jnld3zg8xl52,pb1rrwuxd65chqed6t0c5z8z505daw0rvsveyl0eq,,,,,,,,,,,,,2026-09-15T02:50:30.975696+00:00
scope1qzljvnucv8n5qtv4uyx8fmk6zvxsuwdgfx,DC94038E75411F64545ABF61EA52F270A518F8D551A4038A592F2EF739A134D4,2026-09-14T21:24:19.030952099Z,pb1kx5k0nr068xhxgcmnzzef9523cxdcexlm3r29w,pb1rrwuxd65chqed6t0c5z8z505daw0rvsveyl0eq,,,,,,,,,,,,,2026-09-15T02:50:31.537123+00:00
scope1qztt5tezdgx55qa7suywqvdpyhusd83n7k,E8F9075059A4994394636883AD0D9976F9B9F3222304F20624E6741AFF39F974,2026-09-14T21:24:14.700752283Z,pb13knswfs6ack05wveq5nua7jgc5jnld3zg8xl52,pb1rrwuxd65chqed6t0c5z8z505daw0rvsveyl0eq,,,,,,,,,,,,,2026-09-15T02:50:32.092962+00:00
scope1qzr088dgapc5mwd76cxl9lychfhqr4z9dl,1ADF1DAFA5B73D262F024008B21F6A20A14730366A5B531D6A11AA320F79D2F8,2026-09-14T21:23:52.898752627Z,pb13knswfs6ack05wveq5nua7jgc5jnld3zg8xl52,pb1rrwuxd65chqed6t0c5z8z505daw0rvsveyl0eq,,,,,,,,,,,,,2026-09-15T02:50:32.662418+00:00
scope1qp4d5p09cdy5f5d4382f9zjsg3qsr7tsl8,10B3919C0D81437A5B7A430BFC345BE18800D7152759A319E9EB8D7D5C60DFEC,2026-09-14T21:23:31.287325866Z,pb1xvd4k9jg5h0d4dhzr4z0txtwe9p5zxf58xcmxd,pb1rrwuxd65chqed6t0c5z8z505daw0rvsveyl0eq,,,,,,,,,,,,,2026-09-15T02:50:33.217435+00:00
scope1qpsqmj27xkv5cw542pja8seugzpq5ukpyj,9330443A3FE5B0D5F72F118B61B8C5D72A26BCA15DC190C4610D7A65D4AACF5E,2026-09-14T21:21:51.447241760Z,pb134yg6h3g0vjq9ct2lpmx6sdxv3yuz942wrpxuu,pb1rrwuxd65chqed6t0c5z8z505daw0rvsveyl0eq,,,,,,,,,,,,,2026-09-15T02:50:33.769106+00:00
scope1qz0entcdekc5kwv9z8c2x9cgaa5sqfgqh9,0AC00C786E600EEDCFA07942DC4AA20C0F48E399748AD242187AF3FF51BD8AED,2026-09-14T21:21:34.157680007Z,pb1xvd4k9jg5h0d4dhzr4z0txtwe9p5zxf58xcmxd,pb1rrwuxd65chqed6t0c5z8z505daw0rvsveyl0eq,,,,,,,,,,,,,2026-09-15T02:50:34.349500+00:00
scope1qzlx2l0x9u9yuh92qza8p7d8exqsd5za58,736FFD7DA432442402A06AF9EEBF9B8C416DABFE041AF7AAFDCB09C1D705988C,2026-09-14T21:20:55.193349702Z,pb1k38pa6rgnepcs592n4mvr3hxucw8tslprcmlvk,pb1rrwuxd65chqed6t0c5z8z505daw0rvsveyl0eq,,,,,,,,,,,,,2026-09-15T02:50:34.908417+00:00
scope1qq7sls8xrsy5tlvnku5jvy0z6tcqf52nz9,ACB6D7B358814E82C67C66FAC4FE440C111D179D9D4639C2F581909A4CEDE78F,2026-09-14T21:20:42.060542125Z,pb13knswfs6ack05wveq5nua7jgc5jnld3zg8xl52,pb1rrwuxd65chqed6t0c5z8z505daw0rvsveyl0eq,,,,,,,,,,,,,2026-09-15T02:50:36.075147+00:00
scope1qzm2fjka8ug5flvffjklc3wfzd8svvzlsq,5D83526345C06F66653C813FCFED5B89E64536343A26C52F8D61E8317C5F7559,2026-09-14T21:20:42.060542125Z,pb1awn7unm6pv3rd9s0wzg4vje357dn3pn8ua530c,pb1rrwuxd65chqed6t0c5z8z505daw0rvsveyl0eq,,,,,,,,,,,,,2026-09-15T02:50:35.489214+00:00
scope1qzz3zc0l3f6ydxupllplamq4jjrsj3h0rg,22477E1852802B5E09E872E00C89C80080EC0F8F0CE7EE5FFB0D4EB8863311FF,2026-09-14T21:20:37.532098355Z,pb13knswfs6ack05wveq5nua7jgc5jnld3zg8xl52,pb1rrwuxd65chqed6t0c5z8z505daw0rvsveyl0eq,,,,,,,,,,,,,2026-09-15T02:50:36.638296+00:00
scope1qpt0exljqfxyp9vpu9jcfwpewa3q5yjt79,961A0389EC09ACDE0073467D982C6C21268F89DE1F66D99E4EF24DAAA828167C,2026-09-14T21:20:33.222758696Z,pb1awn7unm6pv3rd9s0wzg4vje357dn3pn8ua530c,pb1rrwuxd65chqed6t0c5z8z505daw0rvsveyl0eq,,,,,,,,,,,,,2026-09-15T02:50:37.192829+00:00
scope1qqa3gcztvv3y3054cua6kkrkm60qrwj87m,8BD0BF8C27B5892B58A85780FF9941D47FB1BCC04071F3D0A32C4AD56251267A,2026-09-14T21:20:28.892433302Z,pb1xzl9wgh0ry2dma43f58vmuteqd3996j6mhqhgz,pb1rrwuxd65chqed6t0c5z8z505daw0rvsveyl0eq,,,,,,,,,,,,,2026-09-15T02:50:37.747310+00:00
scope1qp5a8lza0jj5u093q46qgknz59sq8hfa2g,D3A1233D3AD613FCF09C30A70477A6E2738018A2EB2F7A0A75D5CF67624020CD,2026-09-14T21:20:24.477757245Z,pb1awn7unm6pv3rd9s0wzg4vje357dn3pn8ua530c,pb1rrwuxd65chqed6t0c5z8z505daw0rvsveyl0eq,,,,,,,,,,,,,2026-09-15T02:50:38.865383+00:00
scope1qze9fc9n02j5l597g27m086awmws66spmj,35C95B6BA790481E345594AC153DA65BE781998EBD5E323EDD61246025D764CA,2026-09-14T21:20:24.477757245Z,pb1xvd4k9jg5h0d4dhzr4z0txtwe9p5zxf58xcmxd,pb1rrwuxd65chqed6t0c5z8z505daw0rvsveyl0eq,,,,,,,,,,,,,2026-09-15T02:50:38.297177+00:00
scope1qzkeyr7wsmn5rfurgaxvyny98k3sga7mt2,FCB496EF2F69BA6E0AD50678B5A963B8180C1519C944D3E396A4080EA8F70B84,2026-09-14T21:20:10.922346608Z,pb1xvd4k9jg5h0d4dhzr4z0txtwe9p5zxf58xcmxd,pb1rrwuxd65chqed6t0c5z8z505daw0rvsveyl0eq,,,,,,,,,,,,,2026-09-15T02:50:39.421340+00:00
scope1qqpzu9delmz5aad796wr29cdez7qzux85s,C5FD6F4FB3C69134606EEE1D492D9F70D2D541A847FD69824C7FDB22DDA253DB,2026-09-14T21:19:40.519020076Z,pb13knswfs6ack05wveq5nua7jgc5jnld3zg8xl52,pb1rrwuxd65chqed6t0c5z8z505daw0rvsveyl0eq,,,,,,,,,,,,,2026-09-15T02:50:39.974504+00:00
scope1qzffaxe5fjzyaty477d59rvd6gmsqu3dyu,B6E190683FA45B1AFD6BA51CB77404DDDF9AFEF614EEC43F81E0B99CC5F5983C,2026-09-14T21:19:01.492160387Z,pb140pagg090ymlw468s8qurj3guknn6xhpkyyxkf,pb1rrwuxd65chqed6t0c5z8z505daw0rvsveyl0eq,,,,,,,,,,,,,2026-09-15T02:50:40.529133+00:00
scope1qpax66sj44vy8w58e0tjw6tzyujq3ex08w,62C098EACF9100A6B7ECC9719D2167610B8218C24AA67F9EC12C1FEA692D4D2E,2026-09-14T21:18:52.859749389Z,pb13knswfs6ack05wveq5nua7jgc5jnld3zg8xl52,pb1rrwuxd65chqed6t0c5z8z505daw0rvsveyl0eq,,,,,,,,,,,,,2026-09-15T02:50:41.087281+00:00
scope1qq9dpx4d8a55465h5fzm0h9xmppsgsc9rl,CCA09ACFA896166717D6693BE4B70D6571F7A034A8F7D723674E697BAF666CD3,2026-09-14T21:17:52.435681771Z,pb1awn7unm6pv3rd9s0wzg4vje357dn3pn8ua530c,pb1rrwuxd65chqed6t0c5z8z505daw0rvsveyl0eq,,,,,,,,,,,,,2026-09-15T02:50:41.641413+00:00
scope1qqvw4t5yun7yw256zx0larjre5mqwc7fen,CBDD120CC34792C1BE6BE22A25261C3625B8CBB8AA1BD9E9DC03343BA1CEE1D3,2026-09-14T21:17:21.581549549Z,pb1xvd4k9jg5h0d4dhzr4z0txtwe9p5zxf58xcmxd,pb1rrwuxd65chqed6t0c5z8z505daw0rvsveyl0eq,,,,,,,,,,,,,2026-09-15T02:50:42.202120+00:00
scope1qz7x5t7e2yf5tqveclth6xqw79qqx8j2ap,DDA3EED26C84A96378E8B3C048E64AFB394CC726F53A28D4EE5627DF92A66B99,2026-09-14T21:16:07.826886011Z,pb1xvd4k9jg5h0d4dhzr4z0txtwe9p5zxf58xcmxd,pb1rrwuxd65chqed6t0c5z8z505daw0rvsveyl0eq,,,,,,,,,,,,,2026-09-15T02:50:42.775940+00:00
scope1qq9hn7mure45hqvggzd942xcgk8qdjegce,A3C795F3F71C1C89B1A21831D2C0330BE653921DBB929CE6CDD064B66DB90BB3,2026-09-14T21:16:03.514995193Z,pb13knswfs6ack05wveq5nua7jgc5jnld3zg8xl52,pb1rrwuxd65chqed6t0c5z8z505daw0rvsveyl0eq,,,,,,,,,,,,,2026-09-15T02:50:43.336242+00:00
scope1qrghwzewje45f3dmh76psak8qezsgjrjjp,2B748D378F4D984EE59AAE5DF0A245499E02A59FD060E7B2EC4468A1402D94AA,2026-09-14T21:15:41.953130622Z,pb1xvd4k9jg5h0d4dhzr4z0txtwe9p5zxf58xcmxd,pb1rrwuxd65chqed6t0c5z8z505daw0rvsveyl0eq,,,,,,,,,,,,,2026-09-15T02:50:43.894660+00:00
scope1qz72kruvnj05efuwwj9lqc7p2uasat0zen,2B748D378F4D984EE59AAE5DF0A245499E02A59FD060E7B2EC4468A1402D94AA,2026-09-14T21:15:41.953130622Z,pb1xvd4k9jg5h0d4dhzr4z0txtwe9p5zxf58xcmxd,pb1rrwuxd65chqed6t0c5z8z505daw0rvsveyl0eq,,,,,,,,,,,,,2026-09-15T02:50:43.894602+00:00
scope1qrh04sx0kcu5pzyjynxqeyq4dz0s0ul4hh,C2D5284D06BBA82BC4828FDA49D9595FA744113494BA6928505CF350255F7435,2026-09-14T21:15:33.082758404Z,pb1kx5k0nr068xhxgcmnzzef9523cxdcexlm3r29w,pb1rrwuxd65chqed6t0c5z8z505daw0rvsveyl0eq,,,,,,,,,,,,,2026-09-15T02:50:44.452518+00:00
scope1qpe8xhmskk3yrrywmaf8mnxrhrqs7nvvt3,EB664688204A6AB222F22305A7E7E07ECF35A7FB3B136980DA3BDDC07E3004F2,2026-09-14T21:15:24.419024143Z,pb13knswfs6ack05wveq5nua7jgc5jnld3zg8xl52,pb1rrwuxd65chqed6t0c5z8z505daw0rvsveyl0eq,,,,,,,,,,,,,2026-09-15T02:50:45.015876+00:00
scope1qzzdlduu40j5lm9xeatq80f5ywtqjnnvj2,60A699FD06B252FA032B467005F56933E114335E94F02EC05B83EEBEE03F41A3,2026-09-14T21:15:20.173836863Z,pb1xvd4k9jg5h0d4dhzr4z0txtwe9p5zxf58xcmxd,pb1rrwuxd65chqed6t0c5z8z505daw0rvsveyl0eq,,,,,,,,,,,,,2026-09-15T02:50:45.576243+00:00
scope1qzg49z9jeen5usyzm9akls604ghqr20kvj,E23C73E795E38FD167B9A9C55A0953BA5B4F737E3CE1E93970DA09F709BE575C,2026-09-14T21:15:07.304784648Z,pb16j3hxhr0m56h9u9ptdtz2qpmtd7333f77h64m6,pb1rrwuxd65chqed6t0c5z8z505daw0rvsveyl0eq,,,,,,,,,,,,,2026-09-15T02:50:46.135161+00:00
scope1qre7033glxp5t9a2ycye8lvwx4zqwyf4ee,AA775DBFC604CF00BA8B1DABE73B89B96B872E8CF7FC1F9FF45B040238466FC1,2026-09-14T21:14:32.352359985Z,pb1kx5k0nr068xhxgcmnzzef9523cxdcexlm3r29w,pb1rrwuxd65chqed6t0c5z8z505daw0rvsveyl0eq,,,,,,,,,,,,,2026-09-15T02:50:46.704207+00:00
scope1qp3dqul5hdr5nf945rthy84jah8srua8kl,524CEDBDF56DC2F34BB6E84F21981B5D4A05061C37622745FF1B6F6A2E10CA36,2026-09-14T21:14:01.691173121Z,pb13knswfs6ack05wveq5nua7jgc5jnld3zg8xl52,pb1rrwuxd65chqed6t0c5z8z505daw0rvsveyl0eq,,,,,,,,,,,,,2026-09-15T02:50:47.254645+00:00
scope1qrpn0m6r2vdyq29pdccc9jpjvv2q40hqdu,C35B789722B1101BEB28EB3D9C38178F3F64DFA45F1B5DA9ABCDF8EAB81898B9,2026-09-14T21:11:56.138693733Z,pb1awn7unm6pv3rd9s0wzg4vje357dn3pn8ua530c,pb1rrwuxd65chqed6t0c5z8z505daw0rvsveyl0eq,,,,,,,,,,,,,2026-09-15T02:50:47.807598+00:00
scope1qz683cxt56gyyv5xrglk9vwz5dkshutn07,943A0BAA3763882BE490B2EC02FDDAADB8775E355086530BB6FB2F92577DD95B,2026-09-14T21:11:51.869209385Z,pb1589kxggzm5sd82dzre47zpp9wjnr4fr229srtj,pb1rrwuxd65chqed6t0c5z8z505daw0rvsveyl0eq,,,,,,,,,,,,,2026-09-15T02:50:48.370342+00:00
scope1qp8lh0vpamy5vndj2fvgsszywmtqt4qepw,F6F947B0AC9B32BF17C59A2974B2E04A6357922572AD58816B18341364D4C89D,2026-09-14T21:11:38.997338990Z,pb1xvd4k9jg5h0d4dhzr4z0txtwe9p5zxf58xcmxd,pb1rrwuxd65chqed6t0c5z8z505daw0rvsveyl0eq,,,,,,,,,,,,,2026-09-15T02:50:48.937925+00:00
scope1qqeyy2s5wd9ypmyu6w63a6egjp2qh7zf35,08F2C9BBC9A1CDC4C24A18AF0B22C118AE593599CBBA13AEFD0860189261E33D,2026-09-14T21:10:29.600047595Z,pb1awn7unm6pv3rd9s0wzg4vje357dn3pn8ua530c,pb1rrwuxd65chqed6t0c5z8z505daw0rvsveyl0eq,,,,,,,,,,,,,2026-09-15T02:50:49.499265+00:00
scope1qpkwc0a75jsytk4ndws4a3yfh8uqltj9p0,6810419431DCB7D498DD0B2F58BF7412B287244A65EB3FA7898108C78FD223CC,2026-09-14T21:10:21.059798320Z,pb1xvd4k9jg5h0d4dhzr4z0txtwe9p5zxf58xcmxd,pb1rrwuxd65chqed6t0c5z8z505daw0rvsveyl0eq,,,,,,,,,,,,,2026-09-15T02:50:50.622563+00:00
scope1qz09ugkrpmqyrd9kjlaxs0sqyd7sjyfxew,37DBEBE78EBB305D98AD6BB629B800F5DCA2513037AEF0777C373F21F1D71AA9,2026-09-14T21:10:21.059798320Z,pb1kx5k0nr068xhxgcmnzzef9523cxdcexlm3r29w,pb1rrwuxd65chqed6t0c5z8z505daw0rvsveyl0eq,,,,,,,,,,,,,2026-09-15T02:50:50.058484+00:00
scope1qpfag3573hg5nm92fufv58xa5kvs4wkrh9,767FA1853197E457B499115BB4DF2A4CC3B84553451490F44F833F141F9146E3,2026-09-14T21:10:16.766394181Z,pb13knswfs6ack05wveq5nua7jgc5jnld3zg8xl52,pb1rrwuxd65chqed6t0c5z8z505daw0rvsveyl0eq,,,,,,,,,,,,,2026-09-15T02:50:51.179943+00:00
scope1qqvrfmmc7p55yn44vl46a3f6ux0s6lwuk6,7A05B9205A27C6F3E9C9F46F919C50E041D43EFA432562D72F66A243F1CA69AF,2026-09-14T21:09:28.915179137Z,pb1xvd4k9jg5h0d4dhzr4z0txtwe9p5zxf58xcmxd,pb1rrwuxd65chqed6t0c5z8z505daw0rvsveyl0eq,,,,,,,,,,,,,2026-09-15T02:50:51.732334+00:00
scope1qp8t8027hws5e3d9rehgpavlwu4su0q2fk,B09D8F1814E1FAAFB06BE17542A02303C17F4FD67DE060730DD3D2D1755EB3F5,2026-09-14T21:09:02.751038930Z,pb1kx5k0nr068xhxgcmnzzef9523cxdcexlm3r29w,pb1rrwuxd65chqed6t0c5z8z505daw0rvsveyl0eq,,,,,,,,,,,,,2026-09-15T02:50:52.285928+00:00
scope1qzlak3kfz0dykpyq225rdzzn2htqdlgev4,E84702ED177DD33B5F0000AF49FEBA28DF4F162D8BB39B807E7533A9FA385277,2026-09-14T21:08:53.921868009Z,pb1k38pa6rgnepcs592n4mvr3hxucw8tslprcmlvk,pb1rrwuxd65chqed6t0c5z8z505daw0rvsveyl0eq,,,,,,,,,,,,,2026-09-15T02:50:52.856450+00:00
scope1qqpwxdekfxm5utvkfjc4730a92vq2uh8xn,D6B9282DB81B7C72989B263C5A68C84C6B0BEB12B4676BD833CBC2EB0AD92F22,2026-09-14T21:08:06.251597876Z,pb1kx5k0nr068xhxgcmnzzef9523cxdcexlm3r29w,pb1rrwuxd65chqed6t0c5z8z505daw0rvsveyl0eq,,,,,,,,,,,,,2026-09-15T02:50:53.424724+00:00
scope1qrf76zpyyltyfuv9a0pnlsmakz4srzukje,D1A4F9C2EDED3B40C95A748B116915505A721418F55AAFC3050263C4FFD628FF,2026-09-14T21:07:49.051077180Z,pb1awn7unm6pv3rd9s0wzg4vje357dn3pn8ua530c,pb1rrwuxd65chqed6t0c5z8z505daw0rvsveyl0eq,,,,,,,,,,,,,2026-09-15T02:50:53.984904+00:00
scope1qz683zlc4lj5ddyhrgx0x982zc4s723xv0,874860B59A4251B4F9498C7534919C937820BA9549541102922D47FB2A4EAE7D,2026-09-14T21:07:44.669630870Z,pb1zxmqmr8euz8lu6q8yvr6m2udm77xqcyn7tk0yy,pb1rrwuxd65chqed6t0c5z8z505daw0rvsveyl0eq,,,,,,,,,,,,,2026-09-15T02:50:54.546032+00:00
scope1qzcyakqjk6h5nsylhwraq7rkqlhsujrlhd,D2EE5CB3523EEF13BE8866D4D0769F41F8076405FD60DA1A2FA569767092916A,2026-09-14T21:07:35.967952253Z,pb13knswfs6ack05wveq5nua7jgc5jnld3zg8xl52,pb1rrwuxd65chqed6t0c5z8z505daw0rvsveyl0eq,,,,,,,,,,,,,2026-09-15T02:50:55.101587+00:00
scope1qrdrhuexzm8yrr9nfnzs030xea2qqasvux,DF2C6262009CB41B192AD5E12DE29A219C993D75A97CD5EF46CB744817D58C43,2026-09-14T21:06:43.553018035Z,pb1xvd4k9jg5h0d4dhzr4z0txtwe9p5zxf58xcmxd,pb1rrwuxd65chqed6t0c5z8z505daw0rvsveyl0eq,,,,,,,,,,,,,2026-09-15T02:50:55.672199+00:00
scope1qr2tt4xe45d57z9ncrqw03un09jsd729kc,A455BC82351B85D7598A6579394F347B92E70E37E0EB250C363428476F98B511,2026-09-14T21:06:21.545384151Z,pb1xvd4k9jg5h0d4dhzr4z0txtwe9p5zxf58xcmxd,pb1rrwuxd65chqed6t0c5z8z505daw0rvsveyl0eq,,,,,,,,,,,,,2026-09-15T02:50:56.226170+00:00
scope1qrns3hny3wqyl79096k07uykvtxsf3cdq0,BE127684E046E57DBBAF0F03203D86DE70E36199BB00541F780C6E34C1DA8F6B,2026-09-14T21:06:17.261402408Z,pb1awn7unm6pv3rd9s0wzg4vje357dn3pn8ua530c,pb1rrwuxd65chqed6t0c5z8z505daw0rvsveyl0eq,,,,,,,,,,,,,2026-09-15T02:50:56.788413+00:00
scope1qrh0hqy3famyex98que7mv8kdd9stwr9dg,0CE0B5E8CBC47BD67A6432DF3A71506CB54D0558F839828D3C405C4D746EE159,2026-09-14T21:05:25.439434910Z,pb1xvd4k9jg5h0d4dhzr4z0txtwe9p5zxf58xcmxd,pb1rrwuxd65chqed6t0c5z8z505daw0rvsveyl0eq,,,,,,,,,,,,,2026-09-15T02:50:57.342759+00:00
scope1qqd8lnunspn5afvuhzqfm5dkqe0s08hj6p,7E7FC993653B0B3C2AF44BC94B9B6B934C33795C5BCF17CE1628D2A830D6505B,2026-09-14T21:04:59.556211686Z,pb1xvd4k9jg5h0d4dhzr4z0txtwe9p5zxf58xcmxd,pb1rrwuxd65chqed6t0c5z8z505daw0rvsveyl0eq,,,,,,,,,,,,,2026-09-15T02:50:57.901678+00:00
scope1qq6kkahy9ngyk74ehczfhwc24awqjyvgej,B2C8B19786EE2C8AF8DF9B1843353BA304F53CA73781FAB6D0C047B25821840C,2026-09-14T21:04:55.283496230Z,pb1xvd4k9jg5h0d4dhzr4z0txtwe9p5zxf58xcmxd,pb1rrwuxd65chqed6t0c5z8z505daw0rvsveyl0eq,,,,,,,,,,,,,2026-09-15T02:50:58.453422+00:00
scope1qqpxz6uwqfeygp5ys3l5a5dw5fnsgvwlj4,0EEA9F11229D250ED8825754A4E1543F9F6856BBCF75790861432F28FA323B4C,2026-09-14T21:04:29.224529483Z,pb13knswfs6ack05wveq5nua7jgc5jnld3zg8xl52,pb1rrwuxd65chqed6t0c5z8z505daw0rvsveyl0eq,,,,,,,,,,,,,2026-09-15T02:50:59.014317+00:00
scope1qrsy9tydkmt54rvkk33k6vny6wtq5ahke5,B10497E61F739FF664669EB696BDFF7D314E8AC51B824CC7915E567F21C0F8BB,2026-09-14T21:04:07.030682627Z,pb1xvd4k9jg5h0d4dhzr4z0txtwe9p5zxf58xcmxd,pb1rrwuxd65chqed6t0c5z8z505daw0rvsveyl0eq,,,,,,,,,,,,,2026-09-15T02:50:59.572712+00:00
scope1qqgep2qqe4qyc6vy4nyl5q9nr34qkgyn48,CCCB76AAF37E64A16420144973C546E7BE3FFAFEAA41DE1C8F7FCAD61CE1A9B7,2026-09-14T21:03:31.970520969Z,pb1xvd4k9jg5h0d4dhzr4z0txtwe9p5zxf58xcmxd,pb1rrwuxd65chqed6t0c5z8z505daw0rvsveyl0eq,,,,,,,,,,,,,2026-09-15T02:51:00.136443+00:00
scope1qzzg9zjnmgqym050uf5qxxwd39zqcwf42c,E82680D555BD13FEA5CD2CFEA497BD4182153C8DEAAA032A36C016AC10A68B07,2026-09-14T21:03:06.263659595Z,pb1kx5k0nr068xhxgcmnzzef9523cxdcexlm3r29w,pb1rrwuxd65chqed6t0c5z8z505daw0rvsveyl0eq,,,,,,,,,,,,,2026-09-15T02:51:00.695568+00:00
scope1qzwv9hcgd5cyuzujcvjfau63te2qngjxc4,430C07D29C9F1ED288A2DEB2C116DF295CF3446D8442869BAB83ACBE0EF4F67C,2026-09-14T21:02:26.628948158Z,pb1xvd4k9jg5h0d4dhzr4z0txtwe9p5zxf58xcmxd,pb1rrwuxd65chqed6t0c5z8z505daw0rvsveyl0eq,,,,,,,,,,,,,2026-09-15T02:51:01.253305+00:00
scope1qrqtdh02c745zky6z3gqghup3pns9zfjs7,726D9986C7650A6B2DD31778D152EA2E41641763043E75132A7A2FD88BEFBBE2,2026-09-14T21:01:52.089803216Z,pb1xvd4k9jg5h0d4dhzr4z0txtwe9p5zxf58xcmxd,pb1rrwuxd65chqed6t0c5z8z505daw0rvsveyl0eq,,,,,,,,,,,,,2026-09-15T02:51:01.818671+00:00
scope1qzgjem8k39y5yvvqp6qcesrl3s8qnc3t5s,5BEEFC63A68E5F0AE162F160E7FE7DC51F8D7996464ADE2E03CC79A4C538DE89,2026-09-14T21:01:21.643541952Z,pb1xvd4k9jg5h0d4dhzr4z0txtwe9p5zxf58xcmxd,pb1rrwuxd65chqed6t0c5z8z505daw0rvsveyl0eq,,,,,,,,,,,,,2026-09-15T02:51:02.369444+00:00
scope1qrly4ye8lzeylj43wec4mz80n8es4y6hs4,2B917356D8F32213098B2F12860B7A20A50B58FB7EA6B6B52FFE4148A2605F46,2026-09-14T21:01:08.665260711Z,pb1xvd4k9jg5h0d4dhzr4z0txtwe9p5zxf58xcmxd,pb1rrwuxd65chqed6t0c5z8z505daw0rvsveyl0eq,,,,,,,,,,,,,2026-09-15T02:51:02.928870+00:00
scope1qz9gn7tq5tvyy2uhyurjphg30pasvrewu6,2B917356D8F32213098B2F12860B7A20A50B58FB7EA6B6B52FFE4148A2605F46,2026-09-14T21:01:08.665260711Z,pb1xvd4k9jg5h0d4dhzr4z0txtwe9p5zxf58xcmxd,pb1rrwuxd65chqed6t0c5z8z505daw0rvsveyl0eq,,,,,,,,,,,,,2026-09-15T02:51:02.928754+00:00
scope1qpy65zs2xvvyp9dm3p88sl8v6erq6dp7fh,EB65036A473EA0296BADA5A0C10553F6550E0F9F29CF6AEA880B8D3DE7AC3041,2026-09-14T21:00:46.870744171Z,pb13knswfs6ack05wveq5nua7jgc5jnld3zg8xl52,pb1rrwuxd65chqed6t0c5z8z505daw0rvsveyl0eq,,,,,,,,,,,,,2026-09-15T02:51:03.488883+00:00
scope1qz3lemp2e4kyuy4mclvnenldru6svxp0uc,7C0A8FC66A5C222EAD743F8E3A20EA24B63E96652D1DA1283317C9CA2EA6533B,2026-09-14T21:00:37.932333453Z,pb13knswfs6ack05wveq5nua7jgc5jnld3zg8xl52,pb1rrwuxd65chqed6t0c5z8z505daw0rvsveyl0eq,,,,,,,,,,,,,2026-09-15T02:51:04.035958+00:00
scope1qpwmp0qav8pymxusw6kd8cpu3sls0tc2ek,4E0A31982657E9CA06DC9A5151CB3E7DF01BF9DC6D8767C7CAF138DAB4C8C40F,2026-09-14T21:00:33.376961695Z,pb1xvd4k9jg5h0d4dhzr4z0txtwe9p5zxf58xcmxd,pb1rrwuxd65chqed6t0c5z8z505daw0rvsveyl0eq,,,,,,,,,,,,,2026-09-15T02:51:04.596555+00:00
scope1qzh3kllnn3dymga2gkyv63l5cres55mjja,53763BBBFC9B4626C5B62C5DD391AC7D29ECDBC26840EC26E6E35841C4D99576,2026-09-14T21:00:28.866214641Z,pb13knswfs6ack05wveq5nua7jgc5jnld3zg8xl52,pb1rrwuxd65chqed6t0c5z8z505daw0rvsveyl0eq,,,,,,,,,,,,,2026-09-15T02:51:05.152136+00:00
scope1qp9qadxyjj35s5aqxfkuurf0cumsgr7qad,BFF80CC36149905DC34E23D2518430B19732B041699AD558765C9F096DAF1F26,2026-09-14T21:00:15.590089981Z,pb13knswfs6ack05wveq5nua7jgc5jnld3zg8xl52,pb1rrwuxd65chqed6t0c5z8z505daw0rvsveyl0eq,,,,,,,,,,,,,2026-09-15T02:51:05.717689+00:00
scope1qqsntw7dsut5heu9g9ry5ynhghks9xhxvn,60AAB7B0908EC495B8DBC2101A2C7378F9452A9763C439CFC4FEE8061B6DB10C,2026-09-14T20:59:44.793986631Z,pb1kx5k0nr068xhxgcmnzzef9523cxdcexlm3r29w,pb1rrwuxd65chqed6t0c5z8z505daw0rvsveyl0eq,,,,,,,,,,,,,2026-09-15T02:51:06.275846+00:00
scope1qpuskggfpnk5hjyqk4p3zu9tvlpszkehp0,BA166843475B6A226AC309ADA1006F674EB5E920B73A44C82B323599C0F3A36B,2026-09-14T20:58:57.459938973Z,pb13knswfs6ack05wveq5nua7jgc5jnld3zg8xl52,pb1rrwuxd65chqed6t0c5z8z505daw0rvsveyl0eq,,,,,,,,,,,,,2026-09-15T02:51:07.397780+00:00
scope1qqa0jl22v7lyea9at70tenjxf5fqgw8mhd,ECC06F6564E2CF2499F709515220BD3102E428ECB13122E341E5813846B2F877,2026-09-14T20:58:57.459938973Z,pb14ep8k6jtc338c00t9khyrydpw7vywagdzqntwz,pb1rrwuxd65chqed6t0c5z8z505daw0rvsveyl0eq,,,,,,,,,,,,,2026-09-15T02:51:06.835606+00:00
scope1qpkr49z0ae5yvqv7kvvhufwgdlwqlhvlu8,5A63E454144A9C8FD8EF7AAD98639A6D45077AD882FF29E2F1DCF6E257A4C996,2026-09-14T20:58:35.956800917Z,pb1sdentsz7ymu9qv3rvyscnseqyj02z2dvrakywv,pb1rrwuxd65chqed6t0c5z8z505daw0rvsveyl0eq,,,,,,,,,,,,,2026-09-15T02:51:07.962528+00:00
scope1qrj8wjdfswqy5p4gyhp4vgcg5kfszgfzf9,E60C26B261EB1E560F1142972C2AED4273682153A808F859A25A27D9A62DECB8,2026-09-14T20:58:23.010789694Z,pb1xvd4k9jg5h0d4dhzr4z0txtwe9p5zxf58xcmxd,pb1rrwuxd65chqed6t0c5z8z505daw0rvsveyl0eq,,,,,,,,,,,,,2026-09-15T02:51:08.521486+00:00
scope1qrrnyedxafkyl7yay5wdfg6d3d7srdc53j,BC0F5F1A6D90118BA17D0CD457667BF54A1D2728AF52C7D9CC8814C39337700B,2026-09-14T20:57:56.998298808Z,pb1xvd4k9jg5h0d4dhzr4z0txtwe9p5zxf58xcmxd,pb1rrwuxd65chqed6t0c5z8z505daw0rvsveyl0eq,,,,,,,,,,,,,2026-09-15T02:51:09.077023+00:00
scope1qrechdx2dpz5hsyjqz0kucyuwnfqedmrg6,7C2FFD0A98191ED46F8C28FFA094B66D22CC246CAAAFF74C53E79DD276C09B02,2026-09-14T20:57:34.893844185Z,pb1xvd4k9jg5h0d4dhzr4z0txtwe9p5zxf58xcmxd,pb1rrwuxd65chqed6t0c5z8z505daw0rvsveyl0eq,,,,,,,,,,,,,2026-09-15T02:51:09.646111+00:00
scope1qqykqh9f0mx5hnygvus06vnj9q4q73u6c7,6A9970C7624165A997216F21356F83DFA99EFF455444F7E9DADF754701BA87AF,2026-09-14T20:57:13.176149380Z,pb1589kxggzm5sd82dzre47zpp9wjnr4fr229srtj,pb1rrwuxd65chqed6t0c5z8z505daw0rvsveyl0eq,,,,,,,,,,,,,2026-09-15T02:51:10.195165+00:00
scope1qpqd8tlj2jcyu29t7xr8jhsu0kzqd96epe,0B34C4520F8B93EBEE529B61FB9EA8778ED1FF0DE84767133C6717E1A22BE5BB,2026-09-14T20:57:04.512476405Z,pb1xvd4k9jg5h0d4dhzr4z0txtwe9p5zxf58xcmxd,pb1rrwuxd65chqed6t0c5z8z505daw0rvsveyl0eq,,,,,,,,,,,,,2026-09-15T02:51:10.758565+00:00
scope1qr939kxpws65n54qvpwrpgzxwf4s3u2mx3,610340597205CE106E2FA436FF74C119F2C91E57D9642C503B7D6E1B0CD27843,2026-09-14T20:56:46.976877986Z,pb1xvd4k9jg5h0d4dhzr4z0txtwe9p5zxf58xcmxd,pb1rrwuxd65chqed6t0c5z8z505daw0rvsveyl0eq,,,,,,,,,,,,,2026-09-15T02:51:11.311231+00:00
scope1qpeddyvqkqvylra8932a0220umlsq5kge2,A9F134CA4696B21140E74E7105CC10A32E9FAE0D687019354B1E23F5DE8EE3DB,2026-09-14T20:55:59.252827033Z,pb1xvd4k9jg5h0d4dhzr4z0txtwe9p5zxf58xcmxd,pb1rrwuxd65chqed6t0c5z8z505daw0rvsveyl0eq,,,,,,,,,,,,,2026-09-15T02:51:11.870563+00:00
scope1qr6glph7enu5pmyynlueg02jrawq24amac,979F2E3197B64FD1D94E031ADC68E4038D74FFC94B5187E1F14CD8CA0FD6DABB,2026-09-14T20:55:54.810503806Z,pb1kx5k0nr068xhxgcmnzzef9523cxdcexlm3r29w,pb1rrwuxd65chqed6t0c5z8z505daw0rvsveyl0eq,,,,,,,,,,,,,2026-09-15T02:51:12.424944+00:00
scope1qzg0cds36th5ak45ztf0ranyzyes58ys80,AD13DB816AC563887D4028A10AA0E2F8A3EB9AEA4F46CE3E683F4FA242647482,2026-09-14T20:55:50.515242017Z,pb1xvd4k9jg5h0d4dhzr4z0txtwe9p5zxf58xcmxd,pb1rrwuxd65chqed6t0c5z8z505daw0rvsveyl0eq,,,,,,,,,,,,,2026-09-15T02:51:12.976453+00:00
scope1qrlvsu4kf0n54xylelpcue95x0ksw5e4yj,D4E66B162D45E8FDAF893A44CE35DEAB2217844B9A1337A905818B40E8438599,2026-09-14T20:55:46.142214495Z,pb13knswfs6ack05wveq5nua7jgc5jnld3zg8xl52,pb1rrwuxd65chqed6t0c5z8z505daw0rvsveyl0eq,,,,,,,,,,,,,2026-09-15T02:51:13.528958+00:00
scope1qpkf4aqpudd50c9a5p7s9akhgjas0mdnwq,EE64B68182128DC5788FFEFF8C1FC37F29781893DEEEE6BD4F18F887882DB977,2026-09-14T20:55:37.434733069Z,pb1xvd4k9jg5h0d4dhzr4z0txtwe9p5zxf58xcmxd,pb1rrwuxd65chqed6t0c5z8z505daw0rvsveyl0eq,,,,,,,,,,,,,2026-09-15T02:51:15.195525+00:00
scope1qzrsql3d0hv58x9yv7qcyqg9qw2s422lx2,ADEE3BFFC855F44B702D10883FB2ADFC13215D3B896F23E5875B3F6BBE1C9114,2026-09-14T20:55:37.434733069Z,pb12dyqf6zh3g8tqvk5hp8mqavj75700yy04xud59,pb1rrwuxd65chqed6t0c5z8z505daw0rvsveyl0eq,,,,,,,,,,,,,2026-09-15T02:51:14.638722+00:00
scope1qzkplaxnmxyyk8ujktu2vtens09spndmpr,D640238022DE3D5C2376524B0A5F2EDACBB641832C12DCF44EFCA06AB0932809,2026-09-14T20:55:37.434733069Z,pb1awn7unm6pv3rd9s0wzg4vje357dn3pn8ua530c,pb1rrwuxd65chqed6t0c5z8z505daw0rvsveyl0eq,,,,,,,,,,,,,2026-09-15T02:51:14.085183+00:00
scope1qr9rsleqg5e52rvke5z6wysdq9wsw99gz2,36980ACDFAE8F02484A48B405199FBC5A49B081C0588CA37FEACB49B61678C75,2026-09-14T20:55:32.992822659Z,pb1xzl9wgh0ry2dma43f58vmuteqd3996j6mhqhgz,pb1rrwuxd65chqed6t0c5z8z505daw0rvsveyl0eq,,,,,,,,,,,,,2026-09-15T02:51:16.304230+00:00
scope1qre0ryw999m55qagz3kj6x3yhqhqe6yt40,34B4B2F76821457F807A017FDD94F8393264A571EAFEA5297ECE0D4B8E0E2BB9,2026-09-14T20:55:32.992822659Z,pb16j3hxhr0m56h9u9ptdtz2qpmtd7333f77h64m6,pb1rrwuxd65chqed6t0c5z8z505daw0rvsveyl0eq,,,,,,,,,,,,,2026-09-15T02:51:15.743168+00:00
scope1qrasf8gd5v85k697y4h9wpv47pfqf5vj3v,47F5C98CB14BD853C704987EF08B4C9FC43E134B889974701F907E62B67D5123,2026-09-14T20:55:24.483641188Z,pb1kx5k0nr068xhxgcmnzzef9523cxdcexlm3r29w,pb1rrwuxd65chqed6t0c5z8z505daw0rvsveyl0eq,,,,,,,,,,,,,2026-09-15T02:51:17.425077+00:00
scope1qrd5uhdurylyedv5y2cakcg43fwq0nwumd,492AD7AF960DD7A51BACF89B99F5A42F4C30DDCC4422E2F3F441819B24611CCF,2026-09-14T20:55:24.483641188Z,pb14ep8k6jtc338c00t9khyrydpw7vywagdzqntwz,pb1rrwuxd65chqed6t0c5z8z505daw0rvsveyl0eq,,,,,,,,,,,,,2026-09-15T02:51:16.866607+00:00
scope1qpmsjwlxwxk5us404uf7qgvur9ns9xjswf,A6E83A79AB395D46398713709A08D9F786179E0732B9DD87ABF64A91CAEEAC3C,2026-09-14T20:54:54.169123929Z,pb1xvd4k9jg5h0d4dhzr4z0txtwe9p5zxf58xcmxd,pb1rrwuxd65chqed6t0c5z8z505daw0rvsveyl0eq,,,,,,,,,,,,,2026-09-15T02:51:17.984550+00:00
scope1qrydgkz66wryqy9n9vw57v87660sz79ne8,B83FA143AE0C5D9FAE171E217F1A24E11FB963B15A4F120F46B1C325EBD15500,2026-09-14T20:53:05.761391775Z,pb1xvd4k9jg5h0d4dhzr4z0txtwe9p5zxf58xcmxd,pb1rrwuxd65chqed6t0c5z8z505daw0rvsveyl0eq,,,,,,,,,,,,,2026-09-15T02:51:18.540886+00:00
scope1qreswh0h3fdykfdzadf5h2xk699sxwdtsg,5F1E0BE5E54BAF70BCE338C8E9DABEDAEAC04B57EE7C1FF163A728412E8FAE20,2026-09-14T20:52:39.565558369Z,pb1xvd4k9jg5h0d4dhzr4z0txtwe9p5zxf58xcmxd,pb1rrwuxd65chqed6t0c5z8z505daw0rvsveyl0eq,,,,,,,,,,,,,2026-09-15T02:51:19.095985+00:00
scope1qz2ug6c3lmr58l46ufzc8cy4790q73tete,BB8D411FA7E01115E3CA0E6078B71170E6C0FFC583FE04ED1E674E094F7E5AEF,2026-09-14T20:52:35.215636772Z,pb1v3uda8qgxv69tx6wclsp0jn4n8xxa5h7gpt2jp,pb1rrwuxd65chqed6t0c5z8z505daw0rvsveyl0eq,,,,,,,,,,,,,2026-09-15T02:51:19.652974+00:00
scope1qzsrg3ssj2tyj5ayhdjh3urd4huqfswt2q,93B475AC0CBB9E4A46372B8BEB5F8384C831C6AB9BDAB9B9B99D0D73D92937C8,2026-09-14T20:51:30.122670217Z,pb1xvd4k9jg5h0d4dhzr4z0txtwe9p5zxf58xcmxd,pb1rrwuxd65chqed6t0c5z8z505daw0rvsveyl0eq,,,,,,,,,,,,,2026-09-15T02:51:20.212735+00:00
scope1qrfz9f0dzheyg3vnqw3wmsllfrgqszc5xl,895AB1AE431B010D102F89185ABA4679CB56688659FAE15E1820FC303A21D004,2026-09-14T20:50:46.795888979Z,pb1kx5k0nr068xhxgcmnzzef9523cxdcexlm3r29w,pb1rrwuxd65chqed6t0c5z8z505daw0rvsveyl0eq,,,,,,,,,,,,,2026-09-15T02:51:20.761543+00:00
scope1qplhyhyktyr50kds5y8ppwuf0h8sjvyr0f,88BA2ACE9A93FE87496A8F55224546A13EA695E0AA0CDC3CE278499B0258C50A,2026-09-14T20:50:42.298525627Z,pb1k38pa6rgnepcs592n4mvr3hxucw8tslprcmlvk,pb1rrwuxd65chqed6t0c5z8z505daw0rvsveyl0eq,,,,,,,,,,,,,2026-09-15T02:51:21.331177+00:00
scope1qraywpxhx0wyms93htj8v9f4muuqnl2erz,5CEBEB4BFEA6A47FB93A2AFC2B6F174A29520285BEA5F3B66F5D650B219731D5,2026-09-14T20:50:38.003281312Z,pb1xvd4k9jg5h0d4dhzr4z0txtwe9p5zxf58xcmxd,pb1rrwuxd65chqed6t0c5z8z505daw0rvsveyl0eq,,,,,,,,,,,,,2026-09-15T02:51:21.892302+00:00
scope1qqejr45f8pd5ed98a43qz72k8v5q5yqcpp,442B85D400E3126CB14CA45B5FFF873F49280104CE1D4D65D9BDCADE75DD8644,2026-09-14T20:50:33.600129496Z,pb1kx5k0nr068xhxgcmnzzef9523cxdcexlm3r29w,pb1rrwuxd65chqed6t0c5z8z505daw0rvsveyl0eq,,,,,,,,,,,,,2026-09-15T02:51:22.455000+00:00
scope1qqpehelqm9c5444ep7jwz7xqzgyq5qn3sq,C70181AE452576015D2A79999C86CA53DE41FA05EB22C64979D3DC90EEF3927C,2026-09-14T20:50:29.103919428Z,pb1xzl9wgh0ry2dma43f58vmuteqd3996j6mhqhgz,pb1rrwuxd65chqed6t0c5z8z505daw0rvsveyl0eq,,,,,,,,,,,,,2026-09-15T02:51:23.015224+00:00
scope1qznq0le64vm5qpyur2vq9uk858rs4sm5t4,00BC46266C74DBA8716FE0269DB7046C02BC8267EFD91959B91FF3B4EB5BA213,2026-09-14T20:50:24.728072550Z,pb13knswfs6ack05wveq5nua7jgc5jnld3zg8xl52,pb1rrwuxd65chqed6t0c5z8z505daw0rvsveyl0eq,,,,,,,,,,,,,2026-09-15T02:51:24.128791+00:00
scope1qz9cu07ehtr5l99wghp5uflt5xss8tqvt0,69B2A07ED8C4C8A5257BB3725C24C60E0FA3C3A282641D960FE439A1EF79EE4C,2026-09-14T20:50:24.728072550Z,pb1589kxggzm5sd82dzre47zpp9wjnr4fr229srtj,pb1rrwuxd65chqed6t0c5z8z505daw0rvsveyl0eq,,,,,,,,,,,,,2026-09-15T02:51:23.567966+00:00
scope1qprghxzcttu5grdu5tqr5zk4f7vqyuaupe,F49EDE31EFE4BD03702FD02C0791CF1FDF9DE89C40553EA4F73C04760ADB3B93,2026-09-14T20:48:57.922379854Z,pb1xvd4k9jg5h0d4dhzr4z0txtwe9p5zxf58xcmxd,pb1rrwuxd65chqed6t0c5z8z505daw0rvsveyl0eq,,,,,,,,,,,,,2026-09-15T02:51:24.688915+00:00
scope1qpa8n38p0jjyyey0mhmnnaem4w8qfman79,1E225ED8E8232FFBF159788DCE8B73C6C85F7157380B2FAEA15E4DC0864A5326,2026-09-14T20:47:48.540247094Z,pb1xvd4k9jg5h0d4dhzr4z0txtwe9p5zxf58xcmxd,pb1rrwuxd65chqed6t0c5z8z505daw0rvsveyl0eq,,,,,,,,,,,,,2026-09-15T02:51:40.400919+00:00
scope1qruxx30yh0556ta2u5m5ahp3gnmqd7lv8s,7BD03505743E5FA85260F7EE39B0F413871B1D2A6A89D0FC6DBC781E3DA63C30,2026-09-14T20:47:10.042607642Z,pb1xvd4k9jg5h0d4dhzr4z0txtwe9p5zxf58xcmxd,pb1rrwuxd65chqed6t0c5z8z505daw0rvsveyl0eq,,,,,,,,,,,,,2026-09-15T02:51:40.967150+00:00
scope1qrckhjw3pt6yt2upr9atadnzcneqau85e0,FBA5E5718284AE47571F59C369B679DD742FE629A5E79F0B515D800F8C03F8FD,2026-09-14T20:46:44.089617547Z,pb13knswfs6ack05wveq5nua7jgc5jnld3zg8xl52,pb1rrwuxd65chqed6t0c5z8z505daw0rvsveyl0eq,,,,,,,,,,,,,2026-09-15T02:51:41.525743+00:00
scope1qpaara9wjrwy5zaakrn50al7w4lsw863nc,759C7FA006B82A806F8F6EAE63D1288B5255B051D2FFB48DB6437E44B893B204,2026-09-14T20:46:35.282272080Z,pb133qjg9lr69qv04fxxnxnscjjjnt309d3y4jtdq,pb1rrwuxd65chqed6t0c5z8z505daw0rvsveyl0eq,,,,,,,,,,,,,2026-09-15T02:51:42.092722+00:00
scope1qz898tm6j2s5zcakax4agdhms67qtf909h,6778669939F43D8578982A4C5D7B65BEA20441C900FA539ACA01E10347F8DF0D,2026-09-14T20:46:26.450087002Z,pb1k38pa6rgnepcs592n4mvr3hxucw8tslprcmlvk,pb1rrwuxd65chqed6t0c5z8z505daw0rvsveyl0eq,,,,,,,,,,,,,2026-09-15T02:51:42.660082+00:00
scope1qq0v40vr95yyn2dt5g8ssr7acs6qduz5zz,F73A84BAB8771F50151B8D2982A157ED672C5DEEFFE995A95BD73B551E958942,2026-09-14T20:45:43.309221605Z,pb1xvd4k9jg5h0d4dhzr4z0txtwe9p5zxf58xcmxd,pb1rrwuxd65chqed6t0c5z8z505daw0rvsveyl0eq,,,,,,,,,,,,,2026-09-15T02:51:43.229434+00:00
scope1qpa3t5pd3hty0z9z4s2rncwprx4qnecgrz,F73A84BAB8771F50151B8D2982A157ED672C5DEEFFE995A95BD73B551E958942,2026-09-14T20:45:43.309221605Z,pb1xvd4k9jg5h0d4dhzr4z0txtwe9p5zxf58xcmxd,pb1rrwuxd65chqed6t0c5z8z505daw0rvsveyl0eq,,,,,,,,,,,,,2026-09-15T02:51:43.229377+00:00
scope1qz7sfm7vz6zykkur93qnvpma6gxqfdz83c,D9D54C6A262540FAA91BBD1CAF0E27A9F073CA0DC2CFE17F11129163D5275A5A,2026-09-14T20:45:38.766891912Z,pb1awn7unm6pv3rd9s0wzg4vje357dn3pn8ua530c,pb1rrwuxd65chqed6t0c5z8z505daw0rvsveyl0eq,,,,,,,,,,,,,2026-09-15T02:51:44.354714+00:00
scope1qzrgq9puppzy38vhg2wmrqwzgzysj3mea7,E462A3D5158BE923521F1C7677B0229A9443311654A1C38D6496FDCC5AE401C0,2026-09-14T20:45:38.766891912Z,pb1kx5k0nr068xhxgcmnzzef9523cxdcexlm3r29w,pb1rrwuxd65chqed6t0c5z8z505daw0rvsveyl0eq,,,,,,,,,,,,,2026-09-15T02:51:43.785831+00:00
scope1qpd8m78fj795a5uldrmenfnqynhs83kl08,66236AAE1DF50282B2E554FC13BC614FAD2E8185BE073230A335E50B76EAB69E,2026-09-14T20:45:30.244343147Z,pb1xvd4k9jg5h0d4dhzr4z0txtwe9p5zxf58xcmxd,pb1rrwuxd65chqed6t0c5z8z505daw0rvsveyl0eq,,,,,,,,,,,,,2026-09-15T02:51:45.469144+00:00
scope1qzt6y9psf0mye0u8wjcjgr6e583qg3vpd7,A3848190F8986E76AF905C1E9D36D941C6AB9D8CA4210710709AADA69845129D,2026-09-14T20:45:30.244343147Z,pb1k38pa6rgnepcs592n4mvr3hxucw8tslprcmlvk,pb1rrwuxd65chqed6t0c5z8z505daw0rvsveyl0eq,,,,,,,,,,,,,2026-09-15T02:51:44.910041+00:00
scope1qptmqnkdmm55x65ccu74cx30j77sv2sxze,72C245783CC10F26A56019559297C57AD5FB6B4A6E9CB7401C9CDEA54DB5493E,2026-09-14T20:44:59.727758972Z,pb1xvd4k9jg5h0d4dhzr4z0txtwe9p5zxf58xcmxd,pb1rrwuxd65chqed6t0c5z8z505daw0rvsveyl0eq,,,,,,,,,,,,,2026-09-15T02:51:46.030215+00:00
scope1qr9ka0438agyhy49a5q7cscpx5xs7pvjhr,D481C6E22D5669D5D039C6EB4F33FC414BEE99FC0FF68B4E20BE3B34794BED82,2026-09-14T20:44:29.314018640Z,pb14ep8k6jtc338c00t9khyrydpw7vywagdzqntwz,pb1rrwuxd65chqed6t0c5z8z505daw0rvsveyl0eq,,,,,,,,,,,,,2026-09-15T02:51:46.584756+00:00
scope1qqduunxzyd0y23yxeme2j6z5tzrqwplawg,1E61C6F47F9DCD43B7D362C23FE9C8CA710C6FF920E2F3F34BF4496A2072A79F,2026-09-14T20:43:28.592588405Z,pb1awn7unm6pv3rd9s0wzg4vje357dn3pn8ua530c,pb1rrwuxd65chqed6t0c5z8z505daw0rvsveyl0eq,,,,,,,,,,,,,2026-09-15T02:51:47.133610+00:00
scope1qzf7pf7nndkyn4da89gffh03q8pq0ercev,4D9DCCB7D779FB286361FDD6EFB396F068BE2DBD061C2773A31AD357D9C23361,2026-09-14T20:43:15.768302139Z,pb1xvd4k9jg5h0d4dhzr4z0txtwe9p5zxf58xcmxd,pb1rrwuxd65chqed6t0c5z8z505daw0rvsveyl0eq,,,,,,,,,,,,,2026-09-15T02:51:47.689076+00:00
scope1qzthdsn7thgyeaaqyhyufyteyl7q0lkczh,AC11A9CA4097FCFDBA441F80D5D8D4355B12F9BC16EFE44A129CF82FF9727B27,2026-09-14T20:43:07.163889135Z,pb1k38pa6rgnepcs592n4mvr3hxucw8tslprcmlvk,pb1rrwuxd65chqed6t0c5z8z505daw0rvsveyl0eq,,,,,,,,,,,,,2026-09-15T02:51:48.251205+00:00
scope1qrll6rfg7jl5rzdd5h8vtyldhetseag5ju,82E7864DE6E2488929C148A4FE42A0FAFF4AB16A046C5AC7C7A9A14FF4B9615F,2026-09-14T20:42:36.787379919Z,pb1xvd4k9jg5h0d4dhzr4z0txtwe9p5zxf58xcmxd,pb1rrwuxd65chqed6t0c5z8z505daw0rvsveyl0eq,,,,,,,,,,,,,2026-09-15T02:51:48.804654+00:00
scope1qrv5ykw7a5qy22d68uzuucextugsjkwqcp,1E2937941F238835923F219B80C163D6DE3204FF66B80E5E343D3B5F5D73E73F,2026-09-14T20:42:28.079364165Z,pb1xvd4k9jg5h0d4dhzr4z0txtwe9p5zxf58xcmxd,pb1rrwuxd65chqed6t0c5z8z505daw0rvsveyl0eq,,,,,,,,,,,,,2026-09-15T02:51:49.364620+00:00
scope1qzzt0vdrd3nyxsapvrvrvl038u4sxrkmtj,F4BFBDF14393657724995CD177C2694CA00BEE4A6FBDE8C1A039C65C8BF321ED,2026-09-14T20:41:31.240453958Z,pb13knswfs6ack05wveq5nua7jgc5jnld3zg8xl52,pb1rrwuxd65chqed6t0c5z8z505daw0rvsveyl0eq,,,,,,,,,,,,,2026-09-15T02:51:49.930184+00:00
scope1qrgk70jnj5258xd7nux5cxwscu8q9dwc8h,D2140654EE8A726466D4C2958115372F3AAAD15EB5DA122FE16CBE96BA68DD38,2026-09-14T20:41:26.920611979Z,pb13knswfs6ack05wveq5nua7jgc5jnld3zg8xl52,pb1rrwuxd65chqed6t0c5z8z505daw0rvsveyl0eq,,,,,,,,,,,,,2026-09-15T02:51:50.492305+00:00
scope1qrz2h8ccleg5pgdww34phx3utw3qr9n5qf,CE9C8B22BF9E92A9FC73BB8E9C8FDD529997A8F369A6F5D6B5417336E8B24B47,2026-09-14T20:40:22.605525702Z,pb1v3uda8qgxv69tx6wclsp0jn4n8xxa5h7gpt2jp,pb1rrwuxd65chqed6t0c5z8z505daw0rvsveyl0eq,,,,,,,,,,,,,2026-09-15T02:51:51.619207+00:00
scope1qr34xfnn3ckycaypxpe7jfx2eafqlvu6ex,85E27F4787F01F22747A119FCEB48ABE6B98579C37542ECC72493A3B022DFBDF,2026-09-14T20:40:22.605525702Z,pb1kx5k0nr068xhxgcmnzzef9523cxdcexlm3r29w,pb1rrwuxd65chqed6t0c5z8z505daw0rvsveyl0eq,,,,,,,,,,,,,2026-09-15T02:51:51.058613+00:00
scope1qrj9qpppwp4yk0vvtc30va35gqfs6v5kj7,23D9D64C96A30649D39A433BACA36BC844F31E02776EB4242BE0E50A806E7619,2026-09-14T20:38:37.988203847Z,pb1xvd4k9jg5h0d4dhzr4z0txtwe9p5zxf58xcmxd,pb1rrwuxd65chqed6t0c5z8z505daw0rvsveyl0eq,,,,,,,,,,,,,2026-09-15T02:51:52.174210+00:00
scope1qqlcwtq2h0c5q99a0fzax6a0teuq9r2rgu,B8A5FB5CA90841D989E8B0E926A2249BC2A9142A86D0985CE8B867183C768247,2026-09-14T20:37:50.376766543Z,pb1xvd4k9jg5h0d4dhzr4z0txtwe9p5zxf58xcmxd,pb1rrwuxd65chqed6t0c5z8z505daw0rvsveyl0eq,,,,,,,,,,,,,2026-09-15T02:51:52.729060+00:00
scope1qpc7l7y5zd4y4hysy2p68ptd8rvsc9cnpf,63C265BD3C3BC9503B671F9C2404B05289A234B008EA3B723277CB2EF8C467CA,2026-09-14T20:37:46.095556398Z,pb13knswfs6ack05wveq5nua7jgc5jnld3zg8xl52,pb1rrwuxd65chqed6t0c5z8z505daw0rvsveyl0eq,,,,,,,,,,,,,2026-09-15T02:51:53.277852+00:00
scope1qrz08gvnrxeywkv26y5f88l7l5msjxg2ck,CAFF3196711B3193D4C9869D7C5EF3C485425EF8938B4A5DB7792384DD4AC5C5,2026-09-14T20:37:32.964391820Z,pb13knswfs6ack05wveq5nua7jgc5jnld3zg8xl52,pb1rrwuxd65chqed6t0c5z8z505daw0rvsveyl0eq,,,,,,,,,,,,,2026-09-15T02:51:53.829260+00:00
scope1qzpgytl56mpyqcyvlxzugzajtnysgea2k4,C0532B42645A138D3CEDA63AE533DAD7DF4575EA53E6618A83EA7950AE17024A,2026-09-14T20:37:28.565834116Z,pb1xvd4k9jg5h0d4dhzr4z0txtwe9p5zxf58xcmxd,pb1rrwuxd65chqed6t0c5z8z505daw0rvsveyl0eq,,,,,,,,,,,,,2026-09-15T02:51:54.384507+00:00
scope1qzjdweklcdv5aq9q06wr5cd2673qrxa4nr,E0E85199869CA8A59466E5931BCC7026D969E3AD605DC0539878D55CFAAB7955,2026-09-14T20:35:40.035190895Z,pb12dyqf6zh3g8tqvk5hp8mqavj75700yy04xud59,pb1rrwuxd65chqed6t0c5z8z505daw0rvsveyl0eq,,,,,,,,,,,,,2026-09-15T02:51:54.939350+00:00
scope1qz88dpmg83tycsyncygu0uagg5wsqwu9ug,42BCC2BEC4332C99FCE6C4D37B36FB87A4C49BDB4889BAB9EC65AB71D5D7905C,2026-09-14T20:35:35.688298531Z,pb1xvd4k9jg5h0d4dhzr4z0txtwe9p5zxf58xcmxd,pb1rrwuxd65chqed6t0c5z8z505daw0rvsveyl0eq,,,,,,,,,,,,,2026-09-15T02:51:55.501150+00:00
scope1qp0jk0l78pd52k4tk54c648dnnjsxfg53s,68930F768B94738CF519EFAD71AAB74F65097B53D9B5312FF8F0B6FA03C370DA,2026-09-14T20:35:22.533143704Z,pb1kx5k0nr068xhxgcmnzzef9523cxdcexlm3r29w,pb1rrwuxd65chqed6t0c5z8z505daw0rvsveyl0eq,,,,,,,,,,,,,2026-09-15T02:51:56.624303+00:00
scope1qz2j0cgkql65pj4sau6lhuns3f2qutw0r6,68930F768B94738CF519EFAD71AAB74F65097B53D9B5312FF8F0B6FA03C370DA,2026-09-14T20:35:22.533143704Z,pb1kx5k0nr068xhxgcmnzzef9523cxdcexlm3r29w,pb1rrwuxd65chqed6t0c5z8z505daw0rvsveyl0eq,,,,,,,,,,,,,2026-09-15T02:51:56.624243+00:00
scope1qqtnyztv5t5yscdr6zcuh0exc4yqk3kv9t,CB07B518E591A7D35965F8FE576E86F68281282FFDEAC474490FC729D8A7ACEF,2026-09-14T20:35:22.533143704Z,pb13knswfs6ack05wveq5nua7jgc5jnld3zg8xl52,pb1rrwuxd65chqed6t0c5z8z505daw0rvsveyl0eq,,,,,,,,,,,,,2026-09-15T02:51:56.063758+00:00
scope1qrw44lpc3g45dryzyqah7xxcek4safu6sh,ECC8846FCB08C882219144D6A4B27F71C08CCDCEECB038AAA1F88B9036CD668F,2026-09-14T20:30:40.967428481Z,pb1m2qnazr9xjha8v8ffc7ff06l8kdealpvvpr7tu,pb1rrwuxd65chqed6t0c5z8z505daw0rvsveyl0eq,,,,,,,,,,,,,2026-09-15T02:51:57.183593+00:00
scope1qzw7wmceayjy0z5nmvq3yqn902gqa2wzm8,C2324A54641C3169F3B65B217DF3AB132F249C14E89AE419572CA1FB646791B6,2026-09-14T20:30:32.113355261Z,pb1xvd4k9jg5h0d4dhzr4z0txtwe9p5zxf58xcmxd,pb1rrwuxd65chqed6t0c5z8z505daw0rvsveyl0eq,,,,,,,,,,,,,2026-09-15T02:51:58.290243+00:00
scope1qzmu405g37g55uag9pzylp3w6udsn49vta,0374F60FEEB9A7E676E43E92ECFC291EE25E45FE37753A7B89D444CBDF23C999,2026-09-14T20:30:32.113355261Z,pb13knswfs6ack05wveq5nua7jgc5jnld3zg8xl52,pb1rrwuxd65chqed6t0c5z8z505daw0rvsveyl0eq,,,,,,,,,,,,,2026-09-15T02:51:57.739071+00:00
scope1qqqkqwy4e385ds9jl0y7n6xjg99qs4epy8,F8F69B188FF182B5E477440A0C9DC59A4DE594AAAD30992E52688742D3F1A467,2026-09-14T20:30:27.742702193Z,pb1kx5k0nr068xhxgcmnzzef9523cxdcexlm3r29w,pb1rrwuxd65chqed6t0c5z8z505daw0rvsveyl0eq,,,,,,,,,,,,,2026-09-15T02:51:58.857047+00:00
scope1qzx7f5gk3jv50jurvs8p66zhmlwskj29k9,7CE0FE5706FE11C268626E09A07A21F773AD5B7BA958400128081C6CDA33FBA7,2026-09-14T20:30:23.476091436Z,pb1xvd4k9jg5h0d4dhzr4z0txtwe9p5zxf58xcmxd,pb1rrwuxd65chqed6t0c5z8z505daw0rvsveyl0eq,,,,,,,,,,,,,2026-09-15T02:51:59.417035+00:00
scope1qp8qtgecsqqygrdjchpc676xc26sfawzr9,022E73B3EA7359AF5B6050EB547F05F8BFF4A25FDCCC88012794861FB65D3196,2026-09-14T20:29:52.765517031Z,pb1xvd4k9jg5h0d4dhzr4z0txtwe9p5zxf58xcmxd,pb1rrwuxd65chqed6t0c5z8z505daw0rvsveyl0eq,,,,,,,,,,,,,2026-09-15T02:51:59.966210+00:00
scope1qzy9sggnym3yalakd0rsfklthydsmgmatr,B501F84F2F3F8095BAA487CE34850A18A52B93698A9ABDF3019C425E07801035,2026-09-14T20:29:26.839804813Z,pb1xvd4k9jg5h0d4dhzr4z0txtwe9p5zxf58xcmxd,pb1rrwuxd65chqed6t0c5z8z505daw0rvsveyl0eq,,,,,,,,,,,,,2026-09-15T02:52:00.523994+00:00
scope1qzumzqz2l77ypyyjgyk5zq85q2rqkfmk9k,48DA5B4A9297C0CF73832D1C0CDD05A28C2FAF175BF69CA2735815FEF0BC84F7,2026-09-14T20:28:03.763251501Z,pb13knswfs6ack05wveq5nua7jgc5jnld3zg8xl52,pb1rrwuxd65chqed6t0c5z8z505daw0rvsveyl0eq,,,,,,,,,,,,,2026-09-15T02:52:01.088916+00:00
scope1qpxcruk77yk5q5u9wmr0zumjddwq5u6p0j,42EB0C0AC60D39388E458244C959B3481AAA064AE5870A0A86AF7677CC44B7A3,2026-09-14T20:27:33.642643960Z,pb13knswfs6ack05wveq5nua7jgc5jnld3zg8xl52,pb1rrwuxd65chqed6t0c5z8z505daw0rvsveyl0eq,,,,,,,,,,,,,2026-09-15T02:52:01.657303+00:00
scope1qqa0lt9ld49yg8586lhfar4xj5xswws9tw,B72F741120AF81EA62EFA1A5CEF2A3ED955BAB08A33CA010F9A20D1CB393C2C4,2026-09-14T20:27:29.278694814Z,pb13y4nf5d3qf8u25ahprtes4y3sem3vg0s9q8rhp,pb1rrwuxd65chqed6t0c5z8z505daw0rvsveyl0eq,,,,,,,,,,,,,2026-09-15T02:52:02.219555+00:00
scope1qqn282tre7dyh2598dt7y5wpaltqxzfhlw,A9096648AD2151FC97015B5E03140768FBFB6529CFCBC7AFB8B4286CFC9A78AC,2026-09-14T20:26:41.600613882Z,pb1xvd4k9jg5h0d4dhzr4z0txtwe9p5zxf58xcmxd,pb1rrwuxd65chqed6t0c5z8z505daw0rvsveyl0eq,,,,,,,,,,,,,2026-09-15T02:52:02.776170+00:00
scope1qpwju6kfk4p5e34kf6xuedzf3vyqakv373,2E28B575BBCDB77D7F2439F2B86F009B2389732253F2C1BD8A3657F02E3B1E58,2026-09-14T20:26:37.208811182Z,pb1fmxzuzx5c4ja50vu94nt0aessnuedzmppde8qr,pb1rrwuxd65chqed6t0c5z8z505daw0rvsveyl0eq,,,,,,,,,,,,,2026-09-15T02:52:03.344078+00:00
scope1qrsj2mmfyvwyjw4v9hazp5uwdmvsdqleen,A1FCCCE411260D3751C1FE51D01C6F77A6521BC4C94544AC2C895AB9DD48BC4F,2026-09-14T20:25:53.914597639Z,pb1xvd4k9jg5h0d4dhzr4z0txtwe9p5zxf58xcmxd,pb1rrwuxd65chqed6t0c5z8z505daw0rvsveyl0eq,,,,,,,,,,,,,2026-09-15T02:52:03.898181+00:00
scope1qphtps4m0mz535ylctxk9ydvzkwqax8d28,730CB93B6A4B76B46F7800647196A4430FBB030F1D2150EE242F912AD8E240D5,2026-09-14T20:25:36.512134691Z,pb16j3hxhr0m56h9u9ptdtz2qpmtd7333f77h64m6,pb1rrwuxd65chqed6t0c5z8z505daw0rvsveyl0eq,,,,,,,,,,,,,2026-09-15T02:52:05.019942+00:00
scope1qz35a4hak9myluvaarl7pfacyffs0qpsuh,4582652E47B28FA6A6574D3234AF171018843778E096EC73F0589422434207FE,2026-09-14T20:25:36.512134691Z,pb14kg4dqa8dalz3x5r8gfugtekyjzv47ujaewx3j,pb1rrwuxd65chqed6t0c5z8z505daw0rvsveyl0eq,,,,,,,,,,,,,2026-09-15T02:52:04.462280+00:00
scope1qqk6sp0h6eyy5duafskqcrn7umhqr8uw60,D049F3F309B245DABC20AB8A4CE46171D4E02E363558A9E8087B947B4A86EAEB,2026-09-14T20:25:32.003464177Z,pb13knswfs6ack05wveq5nua7jgc5jnld3zg8xl52,pb1rrwuxd65chqed6t0c5z8z505daw0rvsveyl0eq,,,,,,,,,,,,,2026-09-15T02:52:05.585786+00:00
scope1qq2dswkkmj85rg54845aghzmdf4qyesal3,36482368EAB69C3D15F6C660183A29005BF44955ADD6C2DFD128C44BFBAAA026,2026-09-14T20:25:27.695023632Z,pb1kx5k0nr068xhxgcmnzzef9523cxdcexlm3r29w,pb1rrwuxd65chqed6t0c5z8z505daw0rvsveyl0eq,,,,,,,,,,,,,2026-09-15T02:52:06.760349+00:00
scope1qpn2tyqcve5ysm4ls6dt9gsrn08qmxnqjt,FE5AEDAD20475FD87F03BBB644DC2EFE9D8CB89892291041E3D50E55400D5608,2026-09-14T20:25:27.695023632Z,pb1awn7unm6pv3rd9s0wzg4vje357dn3pn8ua530c,pb1rrwuxd65chqed6t0c5z8z505daw0rvsveyl0eq,,,,,,,,,,,,,2026-09-15T02:52:06.172357+00:00
scope1qrcrpuggsqny03yuqndedtesjk8skyaq7c,4B284F6652F032AD9A617177BE0308038F03B65033867859983F2CAFE80D1BF8,2026-09-14T20:25:18.984634979Z,pb1xvd4k9jg5h0d4dhzr4z0txtwe9p5zxf58xcmxd,pb1rrwuxd65chqed6t0c5z8z505daw0rvsveyl0eq,,,,,,,,,,,,,2026-09-15T02:52:07.317955+00:00
scope1qz00xek8vnm5g590gkfljzmxyccqatcupm,E2E9746234D33AA3059C92DC35C2D91BDD6F5754F52C91A538913DC42A4DEFF2,2026-09-14T20:25:14.705325081Z,pb1xvd4k9jg5h0d4dhzr4z0txtwe9p5zxf58xcmxd,pb1rrwuxd65chqed6t0c5z8z505daw0rvsveyl0eq,,,,,,,,,,,,,2026-09-15T02:52:07.881010+00:00
scope1qzymf0xy4p85vhu8fv5f2x8g3x7qxp044f,218965BCB6BB3CB4D63C7C9D41958F1849AA305F06C395D86EEAB0D2DDA712D9,2026-09-14T20:23:56.001360854Z,pb1kx5k0nr068xhxgcmnzzef9523cxdcexlm3r29w,pb1rrwuxd65chqed6t0c5z8z505daw0rvsveyl0eq,,,,,,,,,,,,,2026-09-15T02:52:08.442377+00:00
scope1qpkdv45dw42yjaatpzm3yp8dnnxqd2dgxt,8C69390AEBCF1C27AB4F16AC0526B9CEEF382D49FB62245E55B368C69C55EC1B,2026-09-14T20:23:51.463647671Z,pb134yg6h3g0vjq9ct2lpmx6sdxv3yuz942wrpxuu,pb1rrwuxd65chqed6t0c5z8z505daw0rvsveyl0eq,,,,,,,,,,,,,2026-09-15T02:52:09.000647+00:00
scope1qpashxsk0v056lv77zkpwva8ztvsr858v6,46F8C07A704D7312B691198CF3E503A61CBABDEF65E19E935DFB20A3D906CA62,2026-09-14T20:23:12.458646051Z,pb13knswfs6ack05wveq5nua7jgc5jnld3zg8xl52,pb1rrwuxd65chqed6t0c5z8z505daw0rvsveyl0eq,,,,,,,,,,,,,2026-09-15T02:52:09.555553+00:00
scope1qrskmaa9mzrytaump3qy7t9wq86s6zcemy,3530ECA01ADF7FCBC31A9105B6E20580EBDA3B5627172B907F0E122D7E7C8C9E,2026-09-14T20:23:03.850187120Z,pb1awn7unm6pv3rd9s0wzg4vje357dn3pn8ua530c,pb1rrwuxd65chqed6t0c5z8z505daw0rvsveyl0eq,,,,,,,,,,,,,2026-09-15T02:52:10.120895+00:00
scope1qrqg32q8umq5gwytrg076zjzelest0vfxe,C10B8548F2D50578F2E683DE3F02DF2F1E6ACF2D38AFB0258891C34308B62FBF,2026-09-14T20:22:59.428839323Z,pb1xvd4k9jg5h0d4dhzr4z0txtwe9p5zxf58xcmxd,pb1rrwuxd65chqed6t0c5z8z505daw0rvsveyl0eq,,,,,,,,,,,,,2026-09-15T02:52:10.675633+00:00
scope1qzk4un2fh23yrmar7agv0rkg2h0qxh0lgp,874E67C4FEE2633E442054EDC15C870222C750EA81CF2A1AFE40854B4EA9E550,2026-09-14T20:20:53.702845609Z,pb1xvd4k9jg5h0d4dhzr4z0txtwe9p5zxf58xcmxd,pb1rrwuxd65chqed6t0c5z8z505daw0rvsveyl0eq,,,,,,,,,,,,,2026-09-15T02:52:11.229538+00:00
scope1qqdsvlvj4g8yr4vur2q7g6mt3wgqjs0906,3DB535C548FC28A6947A9909D13BCBD8A228A78FA7E04E705EDE9E3D7C3605E9,2026-09-14T20:20:27.415097068Z,pb1xvd4k9jg5h0d4dhzr4z0txtwe9p5zxf58xcmxd,pb1rrwuxd65chqed6t0c5z8z505daw0rvsveyl0eq,,,,,,,,,,,,,2026-09-15T02:52:11.795070+00:00
scope1qz8c2s5r7ar5ltamehzklwjsgzxqgfvc0h,C29D020A08CD95769E37234AA23ED3DAD8427763DDC52599097EA992FE826A47,2026-09-14T20:20:22.986867817Z,pb1kx5k0nr068xhxgcmnzzef9523cxdcexlm3r29w,pb1rrwuxd65chqed6t0c5z8z505daw0rvsveyl0eq,,,,,,,,,,,,,2026-09-15T02:52:12.358034+00:00
scope1qz3jqnchm7jyh9u5cs2r93wtzprsq504lq,5B9A76D986D3619251D43CBA6F6D106063528DC9E7F729314DFB2C10A54F26A6,2026-09-14T20:19:57.028411051Z,pb13knswfs6ack05wveq5nua7jgc5jnld3zg8xl52,pb1rrwuxd65chqed6t0c5z8z505daw0rvsveyl0eq,,,,,,,,,,,,,2026-09-15T02:52:12.931094+00:00
scope1qpe0wwtnsnhyg7v8u4pjh8r2rx6sj0zvna,C56661EA9DFAA46DBE7FE65E0067416F5410722798F9DC3463BB14841CF89AAE,2026-09-14T20:19:44.054185117Z,pb1kx5k0nr068xhxgcmnzzef9523cxdcexlm3r29w,pb1rrwuxd65chqed6t0c5z8z505daw0rvsveyl0eq,,,,,,,,,,,,,2026-09-15T02:52:13.489487+00:00
scope1qq4ycltskf8ylr5fxs9klk5kgjjqqlvh4f,FF894E162FAF7B1322C7050F08B1FFDFE43BAB6A40BE88C6BCCC79C9AA4A42BB,2026-09-14T20:19:13.472496182Z,pb13knswfs6ack05wveq5nua7jgc5jnld3zg8xl52,pb1rrwuxd65chqed6t0c5z8z505daw0rvsveyl0eq,,,,,,,,,,,,,2026-09-15T02:52:14.049214+00:00
scope1qzkfeeg4u9pyl6ygk8lg8ednp9ssvw7ef6,A9575839FD682C4BF92CED2AC0CAC7DA21350C7406CE81CDF0692BC8E2F6A3CA,2026-09-14T20:18:55.947578083Z,pb1xvd4k9jg5h0d4dhzr4z0txtwe9p5zxf58xcmxd,pb1rrwuxd65chqed6t0c5z8z505daw0rvsveyl0eq,,,,,,,,,,,,,2026-09-15T02:52:14.609096+00:00
scope1qzqurkvkmj6yr0ywp7lfrjfvzwxsnftdad,F9BF0F933459D8348FE9C75D5BAD7AB118B409A13ACDC75873A1FB4DB1A18CE4,2026-09-14T20:18:21.381319150Z,pb1xvd4k9jg5h0d4dhzr4z0txtwe9p5zxf58xcmxd,pb1rrwuxd65chqed6t0c5z8z505daw0rvsveyl0eq,,,,,,,,,,,,,2026-09-15T02:52:15.166898+00:00
scope1qrm7vnls23jyym9jjculgwjkvcesgwcrxl,68105496CAF06371D968620FF559733E989841CE7625D3C0C594D1B717587E94,2026-09-14T20:18:12.575997999Z,pb1xvd4k9jg5h0d4dhzr4z0txtwe9p5zxf58xcmxd,pb1rrwuxd65chqed6t0c5z8z505daw0rvsveyl0eq,,,,,,,,,,,,,2026-09-15T02:52:15.723876+00:00
scope1qzrt54jdgjn5fk93mpz887k4f0tq8dmlnj,F95AAC0D5B59BC12F92428337A313A4E3D5F21FB4A963BDD8605A3F710420193,2026-09-14T20:17:03.493643432Z,pb18yq9swqhpy3dln5ymsvy4h5p306e3pavje07cf,pb1rrwuxd65chqed6t0c5z8z505daw0rvsveyl0eq,,,,,,,,,,,,,2026-09-15T02:52:16.278179+00:00
scope1qzflgjufm9syhpuzfrszpmync5fsthtqfd,CA32D97191A0DEC041228B8FF97FCF05D5B8F28B656B16A43F879FCAF95EADBF,2026-09-14T20:16:24.363639686Z,pb1kx5k0nr068xhxgcmnzzef9523cxdcexlm3r29w,pb1rrwuxd65chqed6t0c5z8z505daw0rvsveyl0eq,,,,,,,,,,,,,2026-09-15T02:52:16.848677+00:00
scope1qzx84wsrx8y5009kuhqcnpga8aqqaw8urc,E5E6D5EB6F2C96DDC1CB8A31FCC98A69091A69DF1400B0AE730A0845E21CB27B,2026-09-14T20:16:15.572270592Z,pb1xvd4k9jg5h0d4dhzr4z0txtwe9p5zxf58xcmxd,pb1rrwuxd65chqed6t0c5z8z505daw0rvsveyl0eq,,,,,,,,,,,,,2026-09-15T02:52:17.398355+00:00
scope1qppe0petfe55jeywcullmm8mwp7qkn2d96,A8AAFE8CA1BD0B94FD73B4D8B66D371FFDAFAB0CB9AF08AF251559A091915678,2026-09-14T20:15:36.618335497Z,pb1xvd4k9jg5h0d4dhzr4z0txtwe9p5zxf58xcmxd,pb1rrwuxd65chqed6t0c5z8z505daw0rvsveyl0eq,,,,,,,,,,,,,2026-09-15T02:52:17.961692+00:00
scope1qq594fqreqw55r5jlrm7lx97vzmq4a3snh,3E0191C427F5479391DC2BF51CE214382DD0A6258419BBF08D7B5E0011F3DDD2,2026-09-14T20:15:32.368331626Z,pb1awn7unm6pv3rd9s0wzg4vje357dn3pn8ua530c,pb1rrwuxd65chqed6t0c5z8z505daw0rvsveyl0eq,,,,,,,,,,,,,2026-09-15T02:52:18.514581+00:00
scope1qr622eehez65q454rzr9hwrpmp5qhktepy,E6323E8C00839FD8261BE157C61ECBE0F7295C96142CE2628910A9B6D9E6B787,2026-09-14T20:15:27.873932297Z,pb13knswfs6ack05wveq5nua7jgc5jnld3zg8xl52,pb1rrwuxd65chqed6t0c5z8z505daw0rvsveyl0eq,,,,,,,,,,,,,2026-09-15T02:52:19.077312+00:00
scope1qzeduvp6pg553fagnwlt4z8awvwq98lmlg,E6323E8C00839FD8261BE157C61ECBE0F7295C96142CE2628910A9B6D9E6B787,2026-09-14T20:15:27.873932297Z,pb13knswfs6ack05wveq5nua7jgc5jnld3zg8xl52,pb1rrwuxd65chqed6t0c5z8z505daw0rvsveyl0eq,,,,,,,,,,,,,2026-09-15T02:52:19.077249+00:00
scope1qqxkn6l5w3xym4umvl020jeu5p3qth6ts9,301BFABDD02B23C059E21D01281F95F6C0783A89E9E2CEA03B1B9EFD4A5B25F2,2026-09-14T20:14:04.939973863Z,pb1xvd4k9jg5h0d4dhzr4z0txtwe9p5zxf58xcmxd,pb1rrwuxd65chqed6t0c5z8z505daw0rvsveyl0eq,,,,,,,,,,,,,2026-09-15T02:52:19.638476+00:00
scope1qzd5gze4ptg55ca4ax30scrpjq5q0eqphl,D96DD45A88AA72D5FA9C02EE45D352534241F2CD5354A3E359F2F03513678F56,2026-09-14T20:13:47.833204888Z,pb1xvd4k9jg5h0d4dhzr4z0txtwe9p5zxf58xcmxd,pb1rrwuxd65chqed6t0c5z8z505daw0rvsveyl0eq,,,,,,,,,,,,,2026-09-15T02:52:20.185961+00:00
scope1qpcv6jpvgleyzduavr2e52e7q2hsrwcfp2,295122452FEF504FEB5360EB8AEA3F53BD5511CC12FFD2EDB93F405DCA596984,2026-09-14T20:13:34.744164430Z,pb1xvd4k9jg5h0d4dhzr4z0txtwe9p5zxf58xcmxd,pb1rrwuxd65chqed6t0c5z8z505daw0rvsveyl0eq,,,,,,,,,,,,,2026-09-15T02:52:20.741912+00:00
scope1qqdkn69vy6hytddxx7xentlv3xqqa5rhgn,E89B75E4335475ED36214D1F714722139A4513485EA4B876B40DA07EFA3DD409,2026-09-14T20:12:51.338715989Z,pb1xvd4k9jg5h0d4dhzr4z0txtwe9p5zxf58xcmxd,pb1rrwuxd65chqed6t0c5z8z505daw0rvsveyl0eq,,,,,,,,,,,,,2026-09-15T02:52:21.295637+00:00
scope1qpvmxcjna32yh7d7dgxsjxjvdtzq0e7dvm,3023ABDA6BC6B97134DE078BBAFCA2BC2AE055845D33815BE5461B00AECA9006,2026-09-14T20:12:25.454715118Z,pb1xvd4k9jg5h0d4dhzr4z0txtwe9p5zxf58xcmxd,pb1rrwuxd65chqed6t0c5z8z505daw0rvsveyl0eq,,,,,,,,,,,,,2026-09-15T02:52:21.855419+00:00
scope1qp3dvtv5kwe5yw99ss6gyv2hw04smh0xtl,4F9FB9B45169B65D07D34D1AB734F31BF64BB7EC170B87364C52407007CAFA2A,2026-09-14T20:12:07.895939855Z,pb1xvd4k9jg5h0d4dhzr4z0txtwe9p5zxf58xcmxd,pb1rrwuxd65chqed6t0c5z8z505daw0rvsveyl0eq,,,,,,,,,,,,,2026-09-15T02:52:22.418472+00:00
scope1qpyp0lhvsuw5p95ktu4f9ck3ya7q6vd5sx,F1563B389E8A3A49A03FFE1989607A047013D8D3F3CE28C4B634D150731D7E8A,2026-09-14T20:11:58.868275725Z,pb1xvd4k9jg5h0d4dhzr4z0txtwe9p5zxf58xcmxd,pb1rrwuxd65chqed6t0c5z8z505daw0rvsveyl0eq,,,,,,,,,,,,,2026-09-15T02:52:22.974575+00:00
scope1qzrw8hgqe64y70v5jw3zuqy937yqpmqem9,A2BCA9A7CD495FBE3998E34C0F88293E92E8A2CB0AAAD77D829417294B8E9FD4,2026-09-14T20:11:46.089582361Z,pb1kx5k0nr068xhxgcmnzzef9523cxdcexlm3r29w,pb1rrwuxd65chqed6t0c5z8z505daw0rvsveyl0eq,,,,,,,,,,,,,2026-09-15T02:52:23.523966+00:00
scope1qq9gmwmzmrc5ykvw94ggvs0kp6xqts8pe5,196BA86518DF65B6EFEC877FB8B79FED11EDA5C9DAB930D23D3562921BA22B0C,2026-09-14T20:11:41.660832962Z,pb1xvd4k9jg5h0d4dhzr4z0txtwe9p5zxf58xcmxd,pb1rrwuxd65chqed6t0c5z8z505daw0rvsveyl0eq,,,,,,,,,,,,,2026-09-15T02:52:24.089981+00:00
scope1qzc3625d4xf5er9r0cvt4mwts00qaxqhup,6904C20137DDA25E9E4440468E4EE6423E58DE30DE8B80ABC1598A0CB8008E32,2026-09-14T20:11:15.450496393Z,pb1xvd4k9jg5h0d4dhzr4z0txtwe9p5zxf58xcmxd,pb1rrwuxd65chqed6t0c5z8z505daw0rvsveyl0eq,,,,,,,,,,,,,2026-09-15T02:52:24.658260+00:00
scope1qq99kurlwh6yvr4yd7nfc4r7y6uqusyqa6,15391445B5BBFA597BF91588FE71316DF32DCEFE13033D030B3E7492D88956EB,2026-09-14T20:10:27.760953378Z,pb13knswfs6ack05wveq5nua7jgc5jnld3zg8xl52,pb1rrwuxd65chqed6t0c5z8z505daw0rvsveyl0eq,,,,,,,,,,,,,2026-09-15T02:52:25.226745+00:00
scope1qrrt74x90a350r46u5e3pwhlntnspyuqg6,CFBCF05D9D67FF866A50B30439879006F6591EF49625C0F18B45AA9F9F0788A3,2026-09-14T20:10:19.001997621Z,pb16j3hxhr0m56h9u9ptdtz2qpmtd7333f77h64m6,pb1rrwuxd65chqed6t0c5z8z505daw0rvsveyl0eq,,,,,,,,,,,,,2026-09-15T02:52:25.774408+00:00
scope1qpm2u98hm9cyjwd9xuk5ckcr6dqsz2c9fl,082ABC4F67E6564D2CF9F2DDDA205589BF46CFC9F24FF1DEE18A102451C64F0D,2026-09-14T20:08:55.385207465Z,pb1fmxzuzx5c4ja50vu94nt0aessnuedzmppde8qr,pb1rrwuxd65chqed6t0c5z8z505daw0rvsveyl0eq,,,,,,,,,,,,,2026-09-15T02:52:26.337711+00:00
scope1qq7ag0vamqfymy4w386gj5c69fcsp02e49,C6EAF1098710F7DE8F6C1D0BC00B4931D868DF2B05024EE2DEDDE40BEB079AB4,2026-09-14T20:08:51.104832010Z,pb1awn7unm6pv3rd9s0wzg4vje357dn3pn8ua530c,pb1rrwuxd65chqed6t0c5z8z505daw0rvsveyl0eq,,,,,,,,,,,,,2026-09-15T02:52:26.893308+00:00
scope1qpqxp2v6ughywx5n5qwxv9u38glqxyulah,7F9562725BB91B010732494F355A546D175752B6DA17E5AF1FF0C45AE1655229,2026-09-14T20:08:42.383300813Z,pb1xvd4k9jg5h0d4dhzr4z0txtwe9p5zxf58xcmxd,pb1rrwuxd65chqed6t0c5z8z505daw0rvsveyl0eq,,,,,,,,,,,,,2026-09-15T02:52:27.445333+00:00
scope1qrwd6x4ng22yvpa66nfkgk32v7wsxl3mjy,551C30F3C9832EAC12A2C044024EC8EB73B20C781DBFCF2815498E345F1FB7CA,2026-09-14T20:08:29.342629141Z,pb1kx5k0nr068xhxgcmnzzef9523cxdcexlm3r29w,pb1rrwuxd65chqed6t0c5z8z505daw0rvsveyl0eq,,,,,,,,,,,,,2026-09-15T02:52:27.997306+00:00
scope1qrpjj9rzsgc5zyy8cxz0g0vcta3q63w6me,63A9682807CD0C4EEACDB596D9D55C667801E4208B7FE8F857DA312D088AC9C4,2026-09-14T20:08:11.638954983Z,pb134yg6h3g0vjq9ct2lpmx6sdxv3yuz942wrpxuu,pb1rrwuxd65chqed6t0c5z8z505daw0rvsveyl0eq,,,,,,,,,,,,,2026-09-15T02:52:28.564467+00:00
scope1qpc2xcts7q95umvhxgsz76hzskjqk032kt,BA58F8135A17346B7547844523B7FBB8F0336520F80D7021704B2A28ED0CDAD9,2026-09-14T20:07:15.054220211Z,pb1xvd4k9jg5h0d4dhzr4z0txtwe9p5zxf58xcmxd,pb1rrwuxd65chqed6t0c5z8z505daw0rvsveyl0eq,,,,,,,,,,,,,2026-09-15T02:52:29.123591+00:00
scope1qrlvlde3d58yauvvtuflevgdm7tsmf94q3,30D1B41AE569A1C7F3E55E6F0CF69C46AEFE2F891CB02164E75105B6E9259B92,2026-09-14T20:07:02.054814394Z,pb1vfx4xuhvynkrw583hw9t799e4hgez2mh04psmv,pb1rrwuxd65chqed6t0c5z8z505daw0rvsveyl0eq,,,,,,,,,,,,,2026-09-15T02:52:30.235872+00:00
scope1qrw69kummzx5tqa6r5nsu9s7dagsa5wyrf,D8912D1A412E0041F3488E7A81EE3E84EC8BAA6C5C22C1AACAA2E8D52EE27047,2026-09-14T20:07:02.054814394Z,pb1xvd4k9jg5h0d4dhzr4z0txtwe9p5zxf58xcmxd,pb1rrwuxd65chqed6t0c5z8z505daw0rvsveyl0eq,,,,,,,,,,,,,2026-09-15T02:52:29.685607+00:00
scope1qr746s7fcah5a6yl9at33jehyx8ql8a258,3913B1BF109E670F1C5C111D39DCAEE02BF712FC4A19362684A411A8D6C4A871,2026-09-14T20:06:57.744464959Z,pb1vfx4xuhvynkrw583hw9t799e4hgez2mh04psmv,pb1rrwuxd65chqed6t0c5z8z505daw0rvsveyl0eq,,,,,,,,,,,,,2026-09-15T02:52:30.797133+00:00
scope1qrttt6fh0emylmacazyzlu5xfvfqexuq6v,3913B1BF109E670F1C5C111D39DCAEE02BF712FC4A19362684A411A8D6C4A871,2026-09-14T20:06:57.744464959Z,pb1vfx4xuhvynkrw583hw9t799e4hgez2mh04psmv,pb1rrwuxd65chqed6t0c5z8z505daw0rvsveyl0eq,,,,,,,,,,,,,2026-09-15T02:52:30.797069+00:00
scope1qzy7968gaj958398pwv03qpjlzmqzcqd8x,DBC6BBC06ACB08FB1FD1B21E63E9CCE974C741E57E65B36152F5C7F17D3CCA8A,2026-09-14T20:06:53.338041699Z,pb1vfx4xuhvynkrw583hw9t799e4hgez2mh04psmv,pb1rrwuxd65chqed6t0c5z8z505daw0rvsveyl0eq,,,,,,,,,,,,,2026-09-15T02:52:31.923268+00:00
scope1qr052nghk77yxh5jxzhrt4cwy3us9fdk06,DBC6BBC06ACB08FB1FD1B21E63E9CCE974C741E57E65B36152F5C7F17D3CCA8A,2026-09-14T20:06:53.338041699Z,pb1vfx4xuhvynkrw583hw9t799e4hgez2mh04psmv,pb1rrwuxd65chqed6t0c5z8z505daw0rvsveyl0eq,,,,,,,,,,,,,2026-09-15T02:52:31.923256+00:00
scope1qrnckht9e3x5tydh4qs9euwhacgsr3q9s7,DBC6BBC06ACB08FB1FD1B21E63E9CCE974C741E57E65B36152F5C7F17D3CCA8A,2026-09-14T20:06:53.338041699Z,pb1vfx4xuhvynkrw583hw9t799e4hgez2mh04psmv,pb1rrwuxd65chqed6t0c5z8z505daw0rvsveyl0eq,,,,,,,,,,,,,2026-09-15T02:52:31.923187+00:00
scope1qr466ggh57ly7lv85sygfr4cr2pq593qph,B8A0E2A89A02E417811B669C536EA85FFA285C4988DFE88232274F8509564491,2026-09-14T20:06:53.338041699Z,pb1vfx4xuhvynkrw583hw9t799e4hgez2mh04psmv,pb1rrwuxd65chqed6t0c5z8z505daw0rvsveyl0eq,,,,,,,,,,,,,2026-09-15T02:52:31.359841+00:00
scope1qzgex7336wryny4ht6m7u9nuwrcstfcwtc,B8A0E2A89A02E417811B669C536EA85FFA285C4988DFE88232274F8509564491,2026-09-14T20:06:53.338041699Z,pb1vfx4xuhvynkrw583hw9t799e4hgez2mh04psmv,pb1rrwuxd65chqed6t0c5z8z505daw0rvsveyl0eq,,,,,,,,,,,,,2026-09-15T02:52:31.359744+00:00
scope1qpxke9hgq6ay7rujw7yes70h0utsqnheyy,C7CD6423DA6DC28B55AB55E13181682A3C8027416D12BE58F2D2AB730A93D9E2,2026-09-14T20:06:44.652023358Z,pb1vfx4xuhvynkrw583hw9t799e4hgez2mh04psmv,pb1rrwuxd65chqed6t0c5z8z505daw0rvsveyl0eq,,,,,,,,,,,,,2026-09-15T02:52:33.633260+00:00
scope1qrl40xmkfcgy0a4frc0xtcd30rkqkq0jkh,8EFADB2CCA392A081AAEE325D00B4014B270D832589653CCB8594E032730B187,2026-09-14T20:06:44.652023358Z,pb1vfx4xuhvynkrw583hw9t799e4hgez2mh04psmv,pb1rrwuxd65chqed6t0c5z8z505daw0rvsveyl0eq,,,,,,,,,,,,,2026-09-15T02:52:33.077716+00:00
scope1qrwep7ypwys506vn5a2ju2mt07rscgyv8x,8EFADB2CCA392A081AAEE325D00B4014B270D832589653CCB8594E032730B187,2026-09-14T20:06:44.652023358Z,pb1vfx4xuhvynkrw583hw9t799e4hgez2mh04psmv,pb1rrwuxd65chqed6t0c5z8z505daw0rvsveyl0eq,,,,,,,,,,,,,2026-09-15T02:52:33.077697+00:00
scope1qz2ku8wacql5fcy7wllqjhqw95zq04h5qw,8EFADB2CCA392A081AAEE325D00B4014B270D832589653CCB8594E032730B187,2026-09-14T20:06:44.652023358Z,pb1vfx4xuhvynkrw583hw9t799e4hgez2mh04psmv,pb1rrwuxd65chqed6t0c5z8z505daw0rvsveyl0eq,,,,,,,,,,,,,2026-09-15T02:52:33.077636+00:00
scope1qr9vxq0v8es5g99vq5nl2vf0wnnq3tz5yh,27AF170AF29EB787C916A5BC36A8A2B1D32231382113861436A8CBCE83ECA1E6,2026-09-14T20:06:44.652023358Z,pb1vfx4xuhvynkrw583hw9t799e4hgez2mh04psmv,pb1rrwuxd65chqed6t0c5z8z505daw0rvsveyl0eq,,,,,,,,,,,,,2026-09-15T02:52:32.500600+00:00
scope1qregnjs87fcyjw9sptg7msr5wumq0m694h,27AF170AF29EB787C916A5BC36A8A2B1D32231382113861436A8CBCE83ECA1E6,2026-09-14T20:06:44.652023358Z,pb1vfx4xuhvynkrw583hw9t799e4hgez2mh04psmv,pb1rrwuxd65chqed6t0c5z8z505daw0rvsveyl0eq,,,,,,,,,,,,,2026-09-15T02:52:32.500579+00:00
scope1qp4rpg5z4ea5r94mxx4tzpjcpcgs402jyw,27AF170AF29EB787C916A5BC36A8A2B1D32231382113861436A8CBCE83ECA1E6,2026-09-14T20:06:44.652023358Z,pb1vfx4xuhvynkrw583hw9t799e4hgez2mh04psmv,pb1rrwuxd65chqed6t0c5z8z505daw0rvsveyl0eq,,,,,,,,,,,,,2026-09-15T02:52:32.500518+00:00
scope1qrymhea9vqg5es9ju99uyf56jd9qnr53yw,1827759F2419D08766605278D6D9FBCA8EFC90B3F5B9F69A40DD96E32632D042,2026-09-14T20:06:40.279733724Z,pb1vfx4xuhvynkrw583hw9t799e4hgez2mh04psmv,pb1rrwuxd65chqed6t0c5z8z505daw0rvsveyl0eq,,,,,,,,,,,,,2026-09-15T02:52:34.197533+00:00
scope1qr93hd878le5cfay07j7u5c48xuqmq5ue0,1827759F2419D08766605278D6D9FBCA8EFC90B3F5B9F69A40DD96E32632D042,2026-09-14T20:06:40.279733724Z,pb1vfx4xuhvynkrw583hw9t799e4hgez2mh04psmv,pb1rrwuxd65chqed6t0c5z8z505daw0rvsveyl0eq,,,,,,,,,,,,,2026-09-15T02:52:34.197474+00:00
scope1qpur4lhuwrx5435pjnz7hees68sq57rxwc,7FA8071F153477F7B5BE6FFD6D45CF18E51330E9CF7E52C02CC9E51C37F34E0B,2026-09-14T20:06:35.705246054Z,pb1vfx4xuhvynkrw583hw9t799e4hgez2mh04psmv,pb1rrwuxd65chqed6t0c5z8z505daw0rvsveyl0eq,,,,,,,,,,,,,2026-09-15T02:52:35.349164+00:00
scope1qp67es6pf7x5rsudj9r83nzhuyasj2x8a5,7FA8071F153477F7B5BE6FFD6D45CF18E51330E9CF7E52C02CC9E51C37F34E0B,2026-09-14T20:06:35.705246054Z,pb1vfx4xuhvynkrw583hw9t799e4hgez2mh04psmv,pb1rrwuxd65chqed6t0c5z8z505daw0rvsveyl0eq,,,,,,,,,,,,,2026-09-15T02:52:35.349151+00:00
scope1qz5ygzxhpmz59yu3grv3j4tcd8ns2nvadn,7FA8071F153477F7B5BE6FFD6D45CF18E51330E9CF7E52C02CC9E51C37F34E0B,2026-09-14T20:06:35.705246054Z,pb1vfx4xuhvynkrw583hw9t799e4hgez2mh04psmv,pb1rrwuxd65chqed6t0c5z8z505daw0rvsveyl0eq,,,,,,,,,,,,,2026-09-15T02:52:35.349085+00:00
scope1qzx764qu352ys9atd0asm0gfzn5q72462t,76BE7AEC4663EA3400F6C8700BC1A4E72251A64180D79628D2DB13F7A6B111FC,2026-09-14T20:06:35.705246054Z,pb1vfx4xuhvynkrw583hw9t799e4hgez2mh04psmv,pb1rrwuxd65chqed6t0c5z8z505daw0rvsveyl0eq,,,,,,,,,,,,,2026-09-15T02:52:34.788000+00:00
scope1qzekl2sjez9y5t4exavknh4utmhqhmnvea,76BE7AEC4663EA3400F6C8700BC1A4E72251A64180D79628D2DB13F7A6B111FC,2026-09-14T20:06:35.705246054Z,pb1vfx4xuhvynkrw583hw9t799e4hgez2mh04psmv,pb1rrwuxd65chqed6t0c5z8z505daw0rvsveyl0eq,,,,,,,,,,,,,2026-09-15T02:52:34.787989+00:00
scope1qz8ku6dd2905z4vh80p2uqd5eq5q7ulmwt,76BE7AEC4663EA3400F6C8700BC1A4E72251A64180D79628D2DB13F7A6B111FC,2026-09-14T20:06:35.705246054Z,pb1vfx4xuhvynkrw583hw9t799e4hgez2mh04psmv,pb1rrwuxd65chqed6t0c5z8z505daw0rvsveyl0eq,,,,,,,,,,,,,2026-09-15T02:52:34.787924+00:00
scope1qp0zr5f9cv7yag4ksy09jtld9n7q6tnrf6,F0283BB9FE3992E53A083B4E7E58D34AE1C932838383DAA0E97E68ECC128D01E,2026-09-14T20:06:31.262636699Z,pb1vfx4xuhvynkrw583hw9t799e4hgez2mh04psmv,pb1rrwuxd65chqed6t0c5z8z505daw0rvsveyl0eq,,,,,,,,,,,,,2026-09-15T02:52:51.790142+00:00
scope1qp4kp0exzrc5v0az25gmufkkwrzqrk7deu,F0283BB9FE3992E53A083B4E7E58D34AE1C932838383DAA0E97E68ECC128D01E,2026-09-14T20:06:31.262636699Z,pb1vfx4xuhvynkrw583hw9t799e4hgez2mh04psmv,pb1rrwuxd65chqed6t0c5z8z505daw0rvsveyl0eq,,,,,,,,,,,,,2026-09-15T02:52:51.790085+00:00
scope1qzpe32kmm7uy5h4zeeqt2er8vj2sa2tmav,9E1FA333034D89B3478192DF48897DA5372B74F7FBE95FF5D486F905E4F141BF,2026-09-14T20:06:31.262636699Z,pb1vfx4xuhvynkrw583hw9t799e4hgez2mh04psmv,pb1rrwuxd65chqed6t0c5z8z505daw0rvsveyl0eq,,,,,,,,,,,,,2026-09-15T02:52:35.912116+00:00
scope1qp5zdggzx935pd4t60lmzc25pnrq5fcde7,9E1FA333034D89B3478192DF48897DA5372B74F7FBE95FF5D486F905E4F141BF,2026-09-14T20:06:31.262636699Z,pb1vfx4xuhvynkrw583hw9t799e4hgez2mh04psmv,pb1rrwuxd65chqed6t0c5z8z505daw0rvsveyl0eq,,,,,,,,,,,,,2026-09-15T02:52:35.912104+00:00
scope1qpefw0hugr7yyc9fh70fqw93t5hsak8w9z,9E1FA333034D89B3478192DF48897DA5372B74F7FBE95FF5D486F905E4F141BF,2026-09-14T20:06:31.262636699Z,pb1vfx4xuhvynkrw583hw9t799e4hgez2mh04psmv,pb1rrwuxd65chqed6t0c5z8z505daw0rvsveyl0eq,,,,,,,,,,,,,2026-09-15T02:52:35.912020+00:00
scope1qpplwx2gjk35f459cwf0ns8c3d4skpvm7p,E214BA1D01963038D98E84C666DFFCA807A9D8DB672EBABCB5259EE2BE640005,2026-09-14T20:06:22.430156406Z,pb1vfx4xuhvynkrw583hw9t799e4hgez2mh04psmv,pb1rrwuxd65chqed6t0c5z8z505daw0rvsveyl0eq,,,,,,,,,,,,,2026-09-15T02:52:52.927538+00:00
scope1qq32pe6285q5h35mvjpfl8f6kdpsv87fzw,E214BA1D01963038D98E84C666DFFCA807A9D8DB672EBABCB5259EE2BE640005,2026-09-14T20:06:22.430156406Z,pb1vfx4xuhvynkrw583hw9t799e4hgez2mh04psmv,pb1rrwuxd65chqed6t0c5z8z505daw0rvsveyl0eq,,,,,,,,,,,,,2026-09-15T02:52:52.927527+00:00
scope1qq44vfj3nhy5f0actyvn3v6yw0asgpk0fj,E214BA1D01963038D98E84C666DFFCA807A9D8DB672EBABCB5259EE2BE640005,2026-09-14T20:06:22.430156406Z,pb1vfx4xuhvynkrw583hw9t799e4hgez2mh04psmv,pb1rrwuxd65chqed6t0c5z8z505daw0rvsveyl0eq,,,,,,,,,,,,,2026-09-15T02:52:52.927463+00:00
scope1qpxkkr4g2ulytk4u7525pfg8vp2q4n036h,654EB1ADD7DB7A823D40E78565AD3B665F3A96521EA1F4B9453E6E1FB6F34808,2026-09-14T20:06:22.430156406Z,pb1vfx4xuhvynkrw583hw9t799e4hgez2mh04psmv,pb1rrwuxd65chqed6t0c5z8z505daw0rvsveyl0eq,,,,,,,,,,,,,2026-09-15T02:52:52.364853+00:00
scope1qqg2h7syd4g5zu9xlyw4z55dfjask4t75c,654EB1ADD7DB7A823D40E78565AD3B665F3A96521EA1F4B9453E6E1FB6F34808,2026-09-14T20:06:22.430156406Z,pb1vfx4xuhvynkrw583hw9t799e4hgez2mh04psmv,pb1rrwuxd65chqed6t0c5z8z505daw0rvsveyl0eq,,,,,,,,,,,,,2026-09-15T02:52:52.364756+00:00
scope1qpnk4fdyxn6ylwdhr9hza7rslsfstgadgu,F0BCD4F9A898DF32EAB3FBD7FF05E09C8E1E97C1673E89465ECAF0629A4A50AF,2026-09-14T20:05:34.630878954Z,pb1xvd4k9jg5h0d4dhzr4z0txtwe9p5zxf58xcmxd,pb1rrwuxd65chqed6t0c5z8z505daw0rvsveyl0eq,,,,,,,,,,,,,2026-09-15T02:52:53.488273+00:00
scope1qzvduxq2ru355p446mttq25vl7jqs60xs8,54F4D6B5DF49E145A5648F81108A53ED1412A5FC6D2EC833D0A70AD9EC5A9F02,2026-09-14T20:05:25.915740529Z,pb1fe4dczsg6xwzulr74zjzkf9rllsfnvr8pgxw7f,pb1rrwuxd65chqed6t0c5z8z505daw0rvsveyl0eq,,,,,,,,,,,,,2026-09-15T02:52:54.581417+00:00
scope1qpt2xk8rhf35e44hyf6cc8u5hy2sq7yz68,4CD9942E57A56FC5DCE82E6590708ACCF5D8D3FBA5C8F5ECE4B68397111E7B55,2026-09-14T20:05:25.915740529Z,pb1k38pa6rgnepcs592n4mvr3hxucw8tslprcmlvk,pb1rrwuxd65chqed6t0c5z8z505daw0rvsveyl0eq,,,,,,,,,,,,,2026-09-15T02:52:54.038001+00:00
scope1qzmq5a45xpc5ykdurvtyz38g3rwqe04lfd,D21360248C7B3017B524E75F54A76DE8F2B6799B4BE1CCAC7D527769008D416C,2026-09-14T20:05:17.344872805Z,pb13knswfs6ack05wveq5nua7jgc5jnld3zg8xl52,pb1rrwuxd65chqed6t0c5z8z505daw0rvsveyl0eq,,,,,,,,,,,,,2026-09-15T02:52:55.145958+00:00
scope1qz2lpruh6r65hyu3k52d5h57tkcsdakxl0,B4BDE5F8E777C05915CF93A2B2E2069250BBDFD7784EBAF3CC4DD211CFD67DB9,2026-09-14T20:04:47.109338978Z,pb1xvd4k9jg5h0d4dhzr4z0txtwe9p5zxf58xcmxd,pb1rrwuxd65chqed6t0c5z8z505daw0rvsveyl0eq,,,,,,,,,,,,,2026-09-15T02:52:55.701146+00:00
scope1qq5nl87tvuayxn9elwkd652vhyzq7vhr97,585F9DF11962D3CBADB23D0DFF9E3AED562E46304B94FA8F55331536D8648A06,2026-09-14T20:04:24.809059216Z,pb17e03lfm0sxjkf860l4n2j2h5yh4s9etq5l9laq,pb1rrwuxd65chqed6t0c5z8z505daw0rvsveyl0eq,,,,,,,,,,,,,2026-09-15T02:52:56.249072+00:00
scope1qqxqsjq7rav584d0cjhzypt4uy0sdcrxhn,4C49F992A4E20C034AB0F884200B0783AB0620E94910AFA7FCDCBD08E9661254,2026-09-14T20:03:28.649462625Z,pb1kx5k0nr068xhxgcmnzzef9523cxdcexlm3r29w,pb1rrwuxd65chqed6t0c5z8z505daw0rvsveyl0eq,,,,,,,,,,,,,2026-09-15T02:52:56.801031+00:00
scope1qzpzzq7vpgxy5h5d9amfl33auuqskaplad,BA45841BEA5878684DDE0E4E83A2493BEFC597523805B203A8F602CAD29920B7,2026-09-14T20:00:52.341169532Z,pb1v3uda8qgxv69tx6wclsp0jn4n8xxa5h7gpt2jp,pb1rrwuxd65chqed6t0c5z8z505daw0rvsveyl0eq,,,,,,,,,,,,,2026-09-15T02:52:57.355147+00:00
scope1qpcxwsfamtxyhlvut0kyxrr940kshzetpx,45486360A8C4BE5D1B8ED5180053D064E675004FE63467065BFD28EDFB20F37F,2026-09-14T20:00:43.690819291Z,pb140pagg090ymlw468s8qurj3guknn6xhpkyyxkf,pb1rrwuxd65chqed6t0c5z8z505daw0rvsveyl0eq,,,,,,,,,,,,,2026-09-15T02:52:58.468303+00:00
scope1qppzsjyazn3ymh9dzw99wzdv7vpsrqx440,D992EF88D0BD91A9A19DE292466C5695B8ABA9C96B133C5D7526117DA08E074B,2026-09-14T20:00:43.690819291Z,pb1kx5k0nr068xhxgcmnzzef9523cxdcexlm3r29w,pb1rrwuxd65chqed6t0c5z8z505daw0rvsveyl0eq,,,,,,,,,,,,,2026-09-15T02:52:57.912383+00:00
scope1qp3sme46v4v504u0u72ywxafr4qscvw9dn,0A64D34CA7D2D19DBBB33A0A205730019B7DDA11634A65F225FBB9AD2A78F193,2026-09-14T20:00:39.311752720Z,pb1t8e7n3dd5hd0rcwc33sqjwkrwh52qxylw8hvkl,pb1rrwuxd65chqed6t0c5z8z505daw0rvsveyl0eq,,,,,,,,,,,,,2026-09-15T02:52:59.584557+00:00
scope1qrv8yh2aadf5v85xa6cvd9cj479qf6vfxn,6626DAB67A9E03FB6B44E526105388C4B0374C44E58C9146A64CE76B119E1DC3,2026-09-14T20:00:39.311752720Z,pb1xvd4k9jg5h0d4dhzr4z0txtwe9p5zxf58xcmxd,pb1rrwuxd65chqed6t0c5z8z505daw0rvsveyl0eq,,,,,,,,,,,,,2026-09-15T02:52:59.019612+00:00
scope1qpqnrwlfwcdyklvhrvcjm9euug0sf96vw0,1646C4C3F1711A3E582FECFAC20FCACC6756298109EB38CE11E6C788CB4EC3D0,2026-09-14T20:00:30.707769697Z,pb13knswfs6ack05wveq5nua7jgc5jnld3zg8xl52,pb1rrwuxd65chqed6t0c5z8z505daw0rvsveyl0eq,,,,,,,,,,,,,2026-09-15T02:53:00.138384+00:00
scope1qp20v0l2ue85vf9pc6geprulkprsnltw2r,96F28C9899BF100DE47985CE26E25E052A7E93732A476B20FE4FC502874BA56A,2026-09-14T20:00:26.412102843Z,pb1xvd4k9jg5h0d4dhzr4z0txtwe9p5zxf58xcmxd,pb1rrwuxd65chqed6t0c5z8z505daw0rvsveyl0eq,,,,,,,,,,,,,2026-09-15T02:53:00.693082+00:00
scope1qp5cghm98wzyvvdq5908kw5wmqrqvhugdq,E752699CF4F96E778581FFAFB804F19CBB5A2C86EA8BBA67B880791F65EC93BD,2026-09-14T20:00:17.655334892Z,pb13knswfs6ack05wveq5nua7jgc5jnld3zg8xl52,pb1rrwuxd65chqed6t0c5z8z505daw0rvsveyl0eq,,,,,,,,,,,,,2026-09-15T02:53:01.245966+00:00
scope1qzqmtd0n3775cf5m5d6fgrj06kfsj7wrr8,0F70A9249AC90182BC28DBB82543D5A1F630FD1BC08F09332C9F89184D2B47F5,2026-09-14T19:59:21.163907828Z,pb1xvd4k9jg5h0d4dhzr4z0txtwe9p5zxf58xcmxd,pb1rrwuxd65chqed6t0c5z8z505daw0rvsveyl0eq,,,,,,,,,,,,,2026-09-15T02:53:01.806954+00:00
scope1qrv8x4ltec6yhu96r76vl4ln458swrelyj,44B380C5151B82243E573DE7AE0CDCFA82EEB21E6DD6DF1A35D0857B4FA53020,2026-09-14T19:58:29.290160272Z,pb1xvd4k9jg5h0d4dhzr4z0txtwe9p5zxf58xcmxd,pb1rrwuxd65chqed6t0c5z8z505daw0rvsveyl0eq,,,,,,,,,,,,,2026-09-15T02:53:02.354194+00:00
scope1qpkd9wljshj57wv43uqrxtaexq8qgcx7k7,205DFCC8BAFAEBB204749A019E72B8BA2E47A1456E21A220C004C956A18ED58C,2026-09-14T19:57:58.895921318Z,pb1xvd4k9jg5h0d4dhzr4z0txtwe9p5zxf58xcmxd,pb1rrwuxd65chqed6t0c5z8z505daw0rvsveyl0eq,,,,,,,,,,,,,2026-09-15T02:53:02.913656+00:00
scope1qzhh8m4uym25qf50mgmcvjdcl2ds3ct0xx,513973EE0EAD301E22729D811F49E98DA77694C69AF8598D0DDEC050DF9B7B13,2026-09-14T19:57:41.801465072Z,pb1xvd4k9jg5h0d4dhzr4z0txtwe9p5zxf58xcmxd,pb1rrwuxd65chqed6t0c5z8z505daw0rvsveyl0eq,,,,,,,,,,,,,2026-09-15T02:53:03.467092+00:00
scope1qzpqa3kvg3s5q34mf2ep6m06y9jqjdwchp,43E78EB35612935F519B495197246E277BE88165EE8ECF14A0633102AA4FEB86,2026-09-14T19:56:40.969262703Z,pb13knswfs6ack05wveq5nua7jgc5jnld3zg8xl52,pb1rrwuxd65chqed6t0c5z8z505daw0rvsveyl0eq,,,,,,,,,,,,,2026-09-15T02:53:04.030711+00:00
scope1qqnafqfwhfmy7f453qyks9r9d8csj6lncy,836D046EDEE8E28A05FE5DEF2794F006394E776D6927ABA9C6FA83EA22D57390,2026-09-14T19:56:14.614095963Z,pb1xvd4k9jg5h0d4dhzr4z0txtwe9p5zxf58xcmxd,pb1rrwuxd65chqed6t0c5z8z505daw0rvsveyl0eq,,,,,,,,,,,,,2026-09-15T02:53:04.602339+00:00
scope1qrzzeqv5gzpyx24xac6fqux9074qk7fmk7,C3188A93AB7454FCE33F872CB2801CE194540F1B70FACA0F31B425965E077F66,2026-09-14T19:56:05.774588568Z,pb1kx5k0nr068xhxgcmnzzef9523cxdcexlm3r29w,pb1rrwuxd65chqed6t0c5z8z505daw0rvsveyl0eq,,,,,,,,,,,,,2026-09-15T02:53:05.166451+00:00
scope1qry5cnc427uyf8ame3xvzk68twmsxz5nry,386460AF14EE1345F96C2695824BA7F597C5048052A513202BA9036428E9DBDC,2026-09-14T19:56:01.412819762Z,pb1xvd4k9jg5h0d4dhzr4z0txtwe9p5zxf58xcmxd,pb1rrwuxd65chqed6t0c5z8z505daw0rvsveyl0eq,,,,,,,,,,,,,2026-09-15T02:53:05.726608+00:00
scope1qqcw5p03qjuyfw5f0vhkz9gjxpzqvt486m,9EE9F2303194DA892D32484F8669BAF042CCEEB8B50D6C9891E218F92D568E06,2026-09-14T19:55:52.777990949Z,pb13knswfs6ack05wveq5nua7jgc5jnld3zg8xl52,pb1rrwuxd65chqed6t0c5z8z505daw0rvsveyl0eq,,,,,,,,,,,,,2026-09-15T02:53:06.281498+00:00
scope1qpnu56lkrp6yz2dm2t9xrusurnjsgrd2u8,977A7EB239EB80A01F46EA8939A69E89C13D949323B6C9B9705819EAC0FA084F,2026-09-14T19:55:48.431514719Z,pb1kx5k0nr068xhxgcmnzzef9523cxdcexlm3r29w,pb1rrwuxd65chqed6t0c5z8z505daw0rvsveyl0eq,,,,,,,,,,,,,2026-09-15T02:53:06.840143+00:00
scope1qq084fwyfy4yhsaxzvlx0cek23tsquq2qn,8BCC0E72EEA73F088D538F21907CBC8EF6652229599F3159C7311E6E9E9E7324,2026-09-14T19:55:44.203662374Z,pb13knswfs6ack05wveq5nua7jgc5jnld3zg8xl52,pb1rrwuxd65chqed6t0c5z8z505daw0rvsveyl0eq,,,,,,,,,,,,,2026-09-15T02:53:07.937179+00:00
scope1qrxhwz94m2jyu8ag4ura2x4yrsrsvfr4y8,275E530CB1565877BE4B52F7EBF28EB7D000A4D3035B47E494A6C33EAFA7EA97,2026-09-14T19:55:44.203662374Z,pb1xvd4k9jg5h0d4dhzr4z0txtwe9p5zxf58xcmxd,pb1rrwuxd65chqed6t0c5z8z505daw0rvsveyl0eq,,,,,,,,,,,,,2026-09-15T02:53:07.391210+00:00
scope1qzjhkzfu0w25wlvnhyzu4nasfmtqfrwzls,A432130656DF4B449B6360C1E2506739231B3BD03706E237867DD90D1C24D8A0,2026-09-14T19:55:39.918202928Z,pb1xvd4k9jg5h0d4dhzr4z0txtwe9p5zxf58xcmxd,pb1rrwuxd65chqed6t0c5z8z505daw0rvsveyl0eq,,,,,,,,,,,,,2026-09-15T02:53:08.495272+00:00
scope1qpmnsvrl89e5du40m9202jjtvjcs6jdjtm,63A8183833CB0B8BE8BB30DB2075807DDF4E550C87611CEA479A5B10537CE065,2026-09-14T19:55:31.255055709Z,pb1xvd4k9jg5h0d4dhzr4z0txtwe9p5zxf58xcmxd,pb1rrwuxd65chqed6t0c5z8z505daw0rvsveyl0eq,,,,,,,,,,,,,2026-09-15T02:53:09.620361+00:00
scope1qpan06jjsxvyvdvu9pz9szlm7stscnffkn,D5EE34D9EE4AB33B730FAB8535CEB824C54A91D942F8571F83206790DB05B2B5,2026-09-14T19:55:31.255055709Z,pb1k38pa6rgnepcs592n4mvr3hxucw8tslprcmlvk,pb1rrwuxd65chqed6t0c5z8z505daw0rvsveyl0eq,,,,,,,,,,,,,2026-09-15T02:53:09.058649+00:00
scope1qpeuyy00jc4yms40rrth48kxn0xqkx2wu9,024F068B4CCDC304D1030A15CFCAE29E25E89E864B1214D41E5AB13B5529D131,2026-09-14T19:55:26.788842272Z,pb13knswfs6ack05wveq5nua7jgc5jnld3zg8xl52,pb1rrwuxd65chqed6t0c5z8z505daw0rvsveyl0eq,,,,,,,,,,,,,2026-09-15T02:53:10.172675+00:00
scope1qz7cy05t7la57zu3xasw7grdktvqcs5m52,931D87569B58FCEF52AC75BED78E289596C914ADDD7996A4CE93FADDA1532EDC,2026-09-14T19:54:16.884432608Z,pb13knswfs6ack05wveq5nua7jgc5jnld3zg8xl52,pb1rrwuxd65chqed6t0c5z8z505daw0rvsveyl0eq,,,,,,,,,,,,,2026-09-15T02:53:10.728354+00:00
scope1qrdhl8ynka5ygyu3gfxezwqadxaszvku3u,FCB6EF4E58D4156506FBE5964C34FB6AE8FE12524C8EC6408DB596996B630743,2026-09-14T19:53:59.628566776Z,pb1xvd4k9jg5h0d4dhzr4z0txtwe9p5zxf58xcmxd,pb1rrwuxd65chqed6t0c5z8z505daw0rvsveyl0eq,,,,,,,,,,,,,2026-09-15T02:53:11.288620+00:00
scope1qpq63rkw7xtyn25244fsrng9k67sv985ld,1571D2B79E75E7622DCDB48942C9F1AEBB6598886BF3DFC66DCFE90F03EA4AE1,2026-09-14T19:53:46.244606023Z,pb1xvd4k9jg5h0d4dhzr4z0txtwe9p5zxf58xcmxd,pb1rrwuxd65chqed6t0c5z8z505daw0rvsveyl0eq,,,,,,,,,,,,,2026-09-15T02:53:11.847577+00:00
scope1qz8cjtemkdt59nyr0k69upuhsjzq9u4j4g,150C9574A0E551A5036842FF6545949A71F77941E16F4EE66EB672F044A9132D,2026-09-14T19:53:02.459047332Z,pb1xvd4k9jg5h0d4dhzr4z0txtwe9p5zxf58xcmxd,pb1rrwuxd65chqed6t0c5z8z505daw0rvsveyl0eq,,,,,,,,,,,,,2026-09-15T02:53:12.399047+00:00
scope1qqvgyp0vs4wy4g9he5ptdqk2jq7qydl49p,23302DA58A4DBC0FEC52473F4AA5D225902801157375C21773A314BF30DD5F2A,2026-09-14T19:52:01.092688423Z,pb1xvd4k9jg5h0d4dhzr4z0txtwe9p5zxf58xcmxd,pb1rrwuxd65chqed6t0c5z8z505daw0rvsveyl0eq,,,,,,,,,,,,,2026-09-15T02:53:12.954073+00:00
scope1qqshtglz3wz566yq9xaxm9khhnvq8780c8,03977DC15945104B352D3E728BD67B018526A1B7B48C79B8F58D9ECE272BE0B0,2026-09-14T19:50:24.533597787Z,pb1k38pa6rgnepcs592n4mvr3hxucw8tslprcmlvk,pb1rrwuxd65chqed6t0c5z8z505daw0rvsveyl0eq,,,,,,,,,,,,,2026-09-15T02:53:14.053223+00:00
scope1qzxnxyck8cr5k8vjsd46dhpzc8fshmwy5g,D06A8AA8CDA1E6B9AC8A2E225948C74D6E626C086BF5DA66A6A6890297BE4AF7,2026-09-14T19:50:24.533597787Z,pb1m2qnazr9xjha8v8ffc7ff06l8kdealpvvpr7tu,pb1rrwuxd65chqed6t0c5z8z505daw0rvsveyl0eq,,,,,,,,,,,,,2026-09-15T02:53:13.497948+00:00
scope1qrl9w3sfky3yja5zha30cftm7c9syhnzql,9691E881B737221DA35B352A2C36ADF8D7E1C44C7C126E27E53C0730D931943D,2026-09-14T19:50:15.822578849Z,pb1xvd4k9jg5h0d4dhzr4z0txtwe9p5zxf58xcmxd,pb1rrwuxd65chqed6t0c5z8z505daw0rvsveyl0eq,,,,,,,,,,,,,2026-09-15T02:53:14.610880+00:00
scope1qp820fv390n569utatk28l57a0ssuhddcy,63C40431C2C418D50D4655E5FC1A5723158CE4073B58F4E7A66F6101DD1F34CF,2026-09-14T19:49:09.789509219Z,pb17e03lfm0sxjkf860l4n2j2h5yh4s9etq5l9laq,pb1rrwuxd65chqed6t0c5z8z505daw0rvsveyl0eq,,,,,,,,,,,,,2026-09-15T02:53:15.718450+00:00
scope1qqlgnr6fw6f5qr4hln7zq7tl9fzqsumxc5,63D1C4F44D5C554199E6A7A891411910578885EB552E4E6DEA27256A2079F85C,2026-09-14T19:49:09.789509219Z,pb1xvd4k9jg5h0d4dhzr4z0txtwe9p5zxf58xcmxd,pb1rrwuxd65chqed6t0c5z8z505daw0rvsveyl0eq,,,,,,,,,,,,,2026-09-15T02:53:15.163382+00:00
scope1qzglluz3pwd53ty08p86m4yc2t5s0mtzdk,D4A34C93F74249AAEF0459866FA272DEF4C7ACE074E29D1A0CB73EAABBF2A952,2026-09-14T19:49:05.483242861Z,pb1xvd4k9jg5h0d4dhzr4z0txtwe9p5zxf58xcmxd,pb1rrwuxd65chqed6t0c5z8z505daw0rvsveyl0eq,,,,,,,,,,,,,2026-09-15T02:53:16.273362+00:00
scope1qzj8zywme8syv6vz8vt2aagknsxsz96t9c,62B9065CDA239C72041D028DDE608F703E0C7382A38C088A2C9D0AD652C103BE,2026-09-14T19:48:35.297640410Z,pb1qjxvmds5pwjt3zursu967phrlf29ndtqr82r4e,pb1rrwuxd65chqed6t0c5z8z505daw0rvsveyl0eq,,,,,,,,,,,,,2026-09-15T02:53:16.835099+00:00
scope1qrjrjd9gwp7y2w435qd80undkgcqdfvcc8,5C859023F14A6ABC362B03E62C2A9ED2D7C05141F7851C877E5E785D57503968,2026-09-14T19:48:04.931316914Z,pb1xvd4k9jg5h0d4dhzr4z0txtwe9p5zxf58xcmxd,pb1rrwuxd65chqed6t0c5z8z505daw0rvsveyl0eq,,,,,,,,,,,,,2026-09-15T02:53:17.390327+00:00
scope1qp3v4fpawhryysulz4v48wq7eypsctupyw,889ADF9295522645CF5B5D2F21B8460CCA4264294B6F6A07B1DA5D7883A562FD,2026-09-14T19:47:07.843498201Z,pb1yanv2m82r4j90len04gf8hftqgelhtu885ekw8,pb1rrwuxd65chqed6t0c5z8z505daw0rvsveyl0eq,,,,,,,,,,,,,2026-09-15T02:53:17.963372+00:00
scope1qp2sv0v58k8yas5wq4nfsxx9hyhsvz4a6x,6CB26B667B1A9398766B3DA96E4E13831B1E9D2AAB481159ECEF30896F0257C6,2026-09-14T19:46:29.007043471Z,pb109v8r0nk4du3k7vw3yf5dt8cjnhp9dtmaqahaa,pb1rrwuxd65chqed6t0c5z8z505daw0rvsveyl0eq,,,,,,,,,,,,,2026-09-15T02:53:18.536394+00:00
scope1qp4y9z3r7la5954hx40zaqsr5jwqsv5gl7,CEEC93291887A3E3540F3F20623E06FDFD0E501A0BC59582A1EEB6CD3F325872,2026-09-14T19:46:03.109270110Z,pb1xvd4k9jg5h0d4dhzr4z0txtwe9p5zxf58xcmxd,pb1rrwuxd65chqed6t0c5z8z505daw0rvsveyl0eq,,,,,,,,,,,,,2026-09-15T02:53:19.085348+00:00
scope1qrvt4vmrx5zyqpu0jvpk2sewng3qdd4304,9F3084E3DA38025850C9FE89C342B9EBC90160D4505543F6F104BE5533B082E0,2026-09-14T19:45:32.656897368Z,pb1xvd4k9jg5h0d4dhzr4z0txtwe9p5zxf58xcmxd,pb1rrwuxd65chqed6t0c5z8z505daw0rvsveyl0eq,,,,,,,,,,,,,2026-09-15T02:53:19.634860+00:00
scope1qrwdqknqmmwyjsuhf6azyf9fdsvs52zu92,807DFE60830F1D83F3D1BAF44BB26DFE86739B812841EA9521B43814A43B8352,2026-09-14T19:45:19.673751290Z,pb1kx5k0nr068xhxgcmnzzef9523cxdcexlm3r29w,pb1rrwuxd65chqed6t0c5z8z505daw0rvsveyl0eq,,,,,,,,,,,,,2026-09-15T02:53:20.741597+00:00
scope1qrezyva266c5pld9pg3ys6ek5wrqpyena4,989A06DC467328A964A099AF8DE125B0282758A5774890917229915D12B4E2B4,2026-09-14T19:45:19.673751290Z,pb1xzl9wgh0ry2dma43f58vmuteqd3996j6mhqhgz,pb1rrwuxd65chqed6t0c5z8z505daw0rvsveyl0eq,,,,,,,,,,,,,2026-09-15T02:53:20.187676+00:00
scope1qzrdrrt22pj5qgvh77ks6m4gv4zseullg9,BF032CA49D3EDFAEB236BEA15A88D7E0FF110810576868E80DFFB0DADF794AE8,2026-09-14T19:45:15.350087387Z,pb13knswfs6ack05wveq5nua7jgc5jnld3zg8xl52,pb1rrwuxd65chqed6t0c5z8z505daw0rvsveyl0eq,,,,,,,,,,,,,2026-09-15T02:53:21.307169+00:00
scope1qpfc046yz3xyq0v2fx9eepqc22csgwfyfd,9C918EC1A3BF8E5F7A8BB44F30BE5103678E3332AD857FD4C585D520AE96AF78,2026-09-14T19:45:02.308344156Z,pb1xvd4k9jg5h0d4dhzr4z0txtwe9p5zxf58xcmxd,pb1rrwuxd65chqed6t0c5z8z505daw0rvsveyl0eq,,,,,,,,,,,,,2026-09-15T02:53:21.864021+00:00
scope1qz8jfuudnnjyw8ugjmz6uvgazpfql4f7u8,DF5C7D9487984711DAC733A7216B87E32DCC4969621AD67DBE5DABB27E688EF6,2026-09-14T19:44:13.925500348Z,pb1xvd4k9jg5h0d4dhzr4z0txtwe9p5zxf58xcmxd,pb1rrwuxd65chqed6t0c5z8z505daw0rvsveyl0eq,,,,,,,,,,,,,2026-09-15T02:53:22.417909+00:00
scope1qre20h098xay6ta7cz3ddynzpj0s6lhqan,068953AFBDDC794EEDCBE02714CA7665AF884511D45C91A7E407489514A9F253,2026-09-14T19:43:43.348334173Z,pb1xvd4k9jg5h0d4dhzr4z0txtwe9p5zxf58xcmxd,pb1rrwuxd65chqed6t0c5z8z505daw0rvsveyl0eq,,,,,,,,,,,,,2026-09-15T02:53:22.978593+00:00
scope1qzvcf0hsv2a5xtvdsrw5x58vp7gsfadud4,323BB2C5CB9ABD40BDC5D247C15DBCA71BBEC36615FAC2BA155C272E6F000B0C,2026-09-14T19:43:08.924780224Z,pb1kx5k0nr068xhxgcmnzzef9523cxdcexlm3r29w,pb1rrwuxd65chqed6t0c5z8z505daw0rvsveyl0eq,,,,,,,,,,,,,2026-09-15T02:53:23.533525+00:00
scope1qq40npw6gp9ycf4zqrq54n6mextqx7e6r5,BCB6A3321C89842824104B527B15A4CAD9ECF565AEB3991EC1A2886D497F8316,2026-09-14T19:41:46.171746163Z,pb1xvd4k9jg5h0d4dhzr4z0txtwe9p5zxf58xcmxd,pb1rrwuxd65chqed6t0c5z8z505daw0rvsveyl0eq,,,,,,,,,,,,,2026-09-15T02:53:24.118077+00:00
scope1qzhzdhu4wrg5kwyutkwdtsqq4q0st45s3c,7C8666A8FE3D0C2D99B154FC1BCDC7BD5CE47F99C07A152AD15A34FE37F8196C,2026-09-14T19:41:41.590529101Z,pb1v3uda8qgxv69tx6wclsp0jn4n8xxa5h7gpt2jp,pb1rrwuxd65chqed6t0c5z8z505daw0rvsveyl0eq,,,,,,,,,,,,,2026-09-15T02:53:24.672590+00:00
scope1qp20s9efa7vyef5ejcpwc47ucfyqk5uh79,AF2C606B8795137766C3442BEBE581A0E3D887DFA311E52279422019B45D23BA,2026-09-14T19:41:11.196308241Z,pb1v3uda8qgxv69tx6wclsp0jn4n8xxa5h7gpt2jp,pb1rrwuxd65chqed6t0c5z8z505daw0rvsveyl0eq,,,,,,,,,,,,,2026-09-15T02:53:25.230150+00:00
scope1qqr63c949a3y8e5faldv7q0v567qff78vq,3A77F5E20788ECEA9E38A280CC56E143C72401FF1B87E897F184F2DA2BEDA766,2026-09-14T19:40:49.915592137Z,pb1xvd4k9jg5h0d4dhzr4z0txtwe9p5zxf58xcmxd,pb1rrwuxd65chqed6t0c5z8z505daw0rvsveyl0eq,,,,,,,,,,,,,2026-09-15T02:53:25.788971+00:00
scope1qz7eec3mdceyqhvqqrmud56xtqjqyphlhg,73524CC874D8CA47627B8A36C62883A54FFB317E4AA36A77EC8D39295541C8A0,2026-09-14T19:40:41.287975713Z,pb1k38pa6rgnepcs592n4mvr3hxucw8tslprcmlvk,pb1rrwuxd65chqed6t0c5z8z505daw0rvsveyl0eq,,,,,,,,,,,,,2026-09-15T02:53:26.347603+00:00
scope1qqtj93sd6g95sev46760cpzzh2zqf68jc4,FABBD6B256B99916071CC19E032AC999F025542E89EEEC4E5E64D23D51A7BC44,2026-09-14T19:40:32.388052990Z,pb1v3uda8qgxv69tx6wclsp0jn4n8xxa5h7gpt2jp,pb1rrwuxd65chqed6t0c5z8z505daw0rvsveyl0eq,,,,,,,,,,,,,2026-09-15T02:53:26.902612+00:00
scope1qzc9racec7w5nlu5ysvadlt9p7gq027tay,F39ABDB1AA79147D1EB8C07E257465D43CB6334B63C383402E343FCC3D77E89E,2026-09-14T19:40:27.863242641Z,pb1xvd4k9jg5h0d4dhzr4z0txtwe9p5zxf58xcmxd,pb1rrwuxd65chqed6t0c5z8z505daw0rvsveyl0eq,,,,,,,,,,,,,2026-09-15T02:53:28.017227+00:00
scope1qpgk6sc5ncg5n25zjtq8yvn4m83qsnpr5e,67E7F0026C2B21E4FE80BE430081B4478D81CB16482BE04CC8402ACDB4054A76,2026-09-14T19:40:27.863242641Z,pb1awn7unm6pv3rd9s0wzg4vje357dn3pn8ua530c,pb1rrwuxd65chqed6t0c5z8z505daw0rvsveyl0eq,,,,,,,,,,,,,2026-09-15T02:53:27.464208+00:00
scope1qpe6xcc8yely675lhnuufnyk6p2ssvtg70,FFF6AAD47639340B3D410367446EB00CF3F96CFC8EBC3D4BC3EC9F5A9E263CB2,2026-09-14T19:40:23.563944591Z,pb1xvd4k9jg5h0d4dhzr4z0txtwe9p5zxf58xcmxd,pb1rrwuxd65chqed6t0c5z8z505daw0rvsveyl0eq,,,,,,,,,,,,,2026-09-15T02:53:28.582288+00:00
scope1qqhrhez4rskyvzdtwvnptsgjsxpslg6ygn,74040F9D61518ED6D7713173473A168A810F90E5790B20C7632AE75D0EB78F0C,2026-09-14T19:40:19.220598284Z,pb109v8r0nk4du3k7vw3yf5dt8cjnhp9dtmaqahaa,pb1rrwuxd65chqed6t0c5z8z505daw0rvsveyl0eq,,,,,,,,,,,,,2026-09-15T02:53:29.145024+00:00
scope1qr7ddhy0yl5yvmykyegjkuj9tqpqye2trg,3F30F28E4D0CA14B4AACA25DEB7A27A5A6CE124775A6A8478313AF93B66A7DDF,2026-09-14T19:39:27.123665447Z,pb1kx5k0nr068xhxgcmnzzef9523cxdcexlm3r29w,pb1rrwuxd65chqed6t0c5z8z505daw0rvsveyl0eq,,,,,,,,,,,,,2026-09-15T02:53:29.726649+00:00
scope1qr3kdj93etu5yvdjex3ftt9x8hjsnpqz4n,534C571B6EA590508345C5230ACA6E9BEEDE8C6A04B11F43432853B4E593A764,2026-09-14T19:39:14.188419844Z,pb1xvd4k9jg5h0d4dhzr4z0txtwe9p5zxf58xcmxd,pb1rrwuxd65chqed6t0c5z8z505daw0rvsveyl0eq,,,,,,,,,,,,,2026-09-15T02:53:30.285208+00:00
scope1qzyvxvw4j7tyj24aufyhhduju4xszvjyqy,804C3B3E523D0A47233C0F49B11F0EA63AA7FE426E046BD1D5E6345A542F43AF,2026-09-14T19:38:39.732933020Z,pb1xvd4k9jg5h0d4dhzr4z0txtwe9p5zxf58xcmxd,pb1rrwuxd65chqed6t0c5z8z505daw0rvsveyl0eq,,,,,,,,,,,,,2026-09-15T02:53:30.837311+00:00
scope1qqkxhd3z3ek5euae3wn4kfsm2rcqw96w90,F256B980473A6598B88A56CBF05DBC6B07EA023337AF4DC9C6FFE0E2EB1ED966,2026-09-14T19:37:12.722443863Z,pb1k38pa6rgnepcs592n4mvr3hxucw8tslprcmlvk,pb1rrwuxd65chqed6t0c5z8z505daw0rvsveyl0eq,,,,,,,,,,,,,2026-09-15T02:53:31.949031+00:00
scope1qr553yqpv3uyzh47arn0p3qxgaystt7la7,7AFEB5CF4BB16EF28065B2D6F1BE19F78426FF470B8B250CDE48B489199CEB24,2026-09-14T19:37:12.722443863Z,pb1awn7unm6pv3rd9s0wzg4vje357dn3pn8ua530c,pb1rrwuxd65chqed6t0c5z8z505daw0rvsveyl0eq,,,,,,,,,,,,,2026-09-15T02:53:31.390330+00:00
scope1qr8p0m6p6rx5q34qszkwvtmgmnfs9ap6kf,9A29A511B2DE2418C90A8B27D347F5E35301BE2E0D92E404BF6CA24F1A05075D,2026-09-14T19:36:46.529807626Z,pb1awn7unm6pv3rd9s0wzg4vje357dn3pn8ua530c,pb1rrwuxd65chqed6t0c5z8z505daw0rvsveyl0eq,,,,,,,,,,,,,2026-09-15T02:53:32.514524+00:00
scope1qzazex6xnvv5kaav4hcpdle2cg4qd4m04r,DC497797F686BAC7CE779E5F614C0FBEA48F377B78B08F33BE12B0982F0C7B43,2026-09-14T19:35:54.153323167Z,pb1589kxggzm5sd82dzre47zpp9wjnr4fr229srtj,pb1rrwuxd65chqed6t0c5z8z505daw0rvsveyl0eq,,,,,,,,,,,,,2026-09-15T02:53:33.072106+00:00
scope1qzrjdarlrmn5tu4hz8dvq5r86rpq2kac7t,9D9E1C0CBB3F6D7DCE45A5A7A70521E4364AF385AC0129FD235A63B98E7C329E,2026-09-14T19:35:49.850500734Z,pb1v3uda8qgxv69tx6wclsp0jn4n8xxa5h7gpt2jp,pb1rrwuxd65chqed6t0c5z8z505daw0rvsveyl0eq,,,,,,,,,,,,,2026-09-15T02:53:33.621825+00:00
scope1qrvgy8u2ck3y8mu0me42yzde9yqs8juldw,0ADF6F5797E891320AE390CC210DE467B6038EE25A9956EAA962A0ED0D9B9428,2026-09-14T19:35:36.972121639Z,pb13knswfs6ack05wveq5nua7jgc5jnld3zg8xl52,pb1rrwuxd65chqed6t0c5z8z505daw0rvsveyl0eq,,,,,,,,,,,,,2026-09-15T02:53:34.176110+00:00
scope1qp75y8tffnn596umwnew7yrer6gsc2hp7a,E6751FE4E17B785B7FCBCA2D1C5894CF6263D7FDE172C1901EE517433421BB92,2026-09-14T19:35:32.521324933Z,pb16j3hxhr0m56h9u9ptdtz2qpmtd7333f77h64m6,pb1rrwuxd65chqed6t0c5z8z505daw0rvsveyl0eq,,,,,,,,,,,,,2026-09-15T02:53:35.330921+00:00
scope1qzch9u7lqnr59yat5g5t8l853syqf3qsww,94CE6996E4F7F8D63EFDA3915C4D17BE45BF94F90480BF46391DF492EBC8BC90,2026-09-14T19:35:32.521324933Z,pb1kx5k0nr068xhxgcmnzzef9523cxdcexlm3r29w,pb1rrwuxd65chqed6t0c5z8z505daw0rvsveyl0eq,,,,,,,,,,,,,2026-09-15T02:53:34.774169+00:00
scope1qzwhlzfdnff5ty46cxezdwwy85jqur9uuy,56C3EB658006DE3EF625846B32517258189656FCECB0C0FB39B14BCADDEE37B8,2026-09-14T19:35:28.102097554Z,pb1yanv2m82r4j90len04gf8hftqgelhtu885ekw8,pb1rrwuxd65chqed6t0c5z8z505daw0rvsveyl0eq,,,,,,,,,,,,,2026-09-15T02:53:35.895978+00:00
scope1qphddxh3l5r5lvy95pwwxs9fzzqs3xrlj6,66E2E849771F4884FC1C5BECE97E348FD4F45FEDC35EE9A0B9FFA14E4159634A,2026-09-14T19:35:23.701554643Z,pb1xzl9wgh0ry2dma43f58vmuteqd3996j6mhqhgz,pb1rrwuxd65chqed6t0c5z8z505daw0rvsveyl0eq,,,,,,,,,,,,,2026-09-15T02:53:36.448293+00:00
scope1qqnp78vhv585hyvy09hxvuc0av6q25ykht,3F6B511A6A86593D0153B17881D6DAEB453DDFE3B057964102087B7A1B0478EB,2026-09-14T19:35:15.049695546Z,pb13knswfs6ack05wveq5nua7jgc5jnld3zg8xl52,pb1rrwuxd65chqed6t0c5z8z505daw0rvsveyl0eq,,,,,,,,,,,,,2026-09-15T02:53:37.010288+00:00
scope1qq47mva580rykrajtw3ucr7xmr9s3exgf4,D3D7FED380E5259D7E5FF3980BCE2F79A534E31F04CC804C9ED2835BE7A39CDA,2026-09-14T19:34:48.963072922Z,pb1xvd4k9jg5h0d4dhzr4z0txtwe9p5zxf58xcmxd,pb1rrwuxd65chqed6t0c5z8z505daw0rvsveyl0eq,,,,,,,,,,,,,2026-09-15T02:53:37.571113+00:00
scope1qrssr2s4nzsyea9sfewjvuuykkxq0qsdfn,73BD060C360561BE196B41E5A072DADD2F9C399BCD88C1361A484C594EBB0198,2026-09-14T19:33:39.406286932Z,pb1xvd4k9jg5h0d4dhzr4z0txtwe9p5zxf58xcmxd,pb1rrwuxd65chqed6t0c5z8z505daw0rvsveyl0eq,,,,,,,,,,,,,2026-09-15T02:53:38.125689+00:00
scope1qpswt6724g5yqq5ynxq6kl7rph9qls343v,9E0CCD188EFC6C3096654C2D8DB49D36F158350FAC91EC465EC63605062A67D8,2026-09-14T19:31:07.601052770Z,pb1kx5k0nr068xhxgcmnzzef9523cxdcexlm3r29w,pb1rrwuxd65chqed6t0c5z8z505daw0rvsveyl0eq,,,,,,,,,,,,,2026-09-15T02:53:38.685424+00:00
scope1qprfj8cf75qy3eaz3ddt5hgp0pnqgc3hk6,A4526CB22E8CC317D3119EF202AE2178F89A5A0B770DA54F89C02DBB8B0348B7,2026-09-14T19:30:59.082485844Z,pb1xvd4k9jg5h0d4dhzr4z0txtwe9p5zxf58xcmxd,pb1rrwuxd65chqed6t0c5z8z505daw0rvsveyl0eq,,,,,,,,,,,,,2026-09-15T02:53:39.244468+00:00
scope1qpgl2l6rna85vfauaf3lpqe23s5shqc66v,13A785B8560ECEB9471B12C0A910F6D78002E12FA1E943710A06BB83D120726B,2026-09-14T19:30:41.732694912Z,pb1g7n9qcd7zzpafv0zx8u6gdqvj34aalqapygrks,pb1rrwuxd65chqed6t0c5z8z505daw0rvsveyl0eq,,,,,,,,,,,,,2026-09-15T02:53:40.349323+00:00
scope1qq0txl907wfyknuk002quykmlghqulu0ud,AEEB6393BCBBCAB90889BD0FFB24EDA020E7317D8508479ADC4F5E46D9C10C27,2026-09-14T19:30:41.732694912Z,pb1xvd4k9jg5h0d4dhzr4z0txtwe9p5zxf58xcmxd,pb1rrwuxd65chqed6t0c5z8z505daw0rvsveyl0eq,,,,,,,,,,,,,2026-09-15T02:53:39.796290+00:00
scope1qzuecc22vuwyqqaayk4vdn0st4vqjqwqar,1A09EC407ED37137CA3DAE10A87825CD1F85D67035181217F401F8D2A1A439F6,2026-09-14T19:30:32.840018260Z,pb1kx5k0nr068xhxgcmnzzef9523cxdcexlm3r29w,pb1rrwuxd65chqed6t0c5z8z505daw0rvsveyl0eq,,,,,,,,,,,,,2026-09-15T02:53:41.469872+00:00
scope1qp4nc66va555dmygpj28hykfw93q7dz907,FFFEF3E7A3351BA1F4F5768244AFF9CDD9A80E59C0982BCB6FAC9E4BB1271A2F,2026-09-14T19:30:32.840018260Z,pb1xvd4k9jg5h0d4dhzr4z0txtwe9p5zxf58xcmxd,pb1rrwuxd65chqed6t0c5z8z505daw0rvsveyl0eq,,,,,,,,,,,,,2026-09-15T02:53:40.913652+00:00
scope1qpy2muhftpe56ydfkz6e4q457ehs7c9l3d,F29B7096AF19566E2FB1E7284047D2EB0342E65871A45DDB9F3B812E9C2D0C18,2026-09-14T19:30:28.439055653Z,pb14ep8k6jtc338c00t9khyrydpw7vywagdzqntwz,pb1rrwuxd65chqed6t0c5z8z505daw0rvsveyl0eq,,,,,,,,,,,,,2026-09-15T02:53:42.591542+00:00
scope1qrq4um73dm85t9484s7lg02mmpps6cuahk,19AFE791E1E922DC0280E481318C6A51FD854C0442770D460EF8A7EF39DCC0FD,2026-09-14T19:30:28.439055653Z,pb1kx5k0nr068xhxgcmnzzef9523cxdcexlm3r29w,pb1rrwuxd65chqed6t0c5z8z505daw0rvsveyl0eq,,,,,,,,,,,,,2026-09-15T02:53:42.033474+00:00
scope1qqt89m093vxykwajf9hm0wusanmq7nwz05,B4453D5B9DFEC5B2D9890C1B3B07B9AA5B24E0B557A0E891880EA2AC57FF1143,2026-09-14T19:30:15.475271120Z,pb1xvd4k9jg5h0d4dhzr4z0txtwe9p5zxf58xcmxd,pb1rrwuxd65chqed6t0c5z8z505daw0rvsveyl0eq,,,,,,,,,,,,,2026-09-15T02:53:43.141882+00:00
scope1qp8c4qanvlj52zufv0exvc976duq0k9gt2,116EA460BCD5B788C90AA4B1D6C55E7D38BF1D72E2C2E2727723C47C354B073E,2026-09-14T19:28:13.767448394Z,pb1xvd4k9jg5h0d4dhzr4z0txtwe9p5zxf58xcmxd,pb1rrwuxd65chqed6t0c5z8z505daw0rvsveyl0eq,,,,,,,,,,,,,2026-09-15T02:53:43.706930+00:00
scope1qpauc07rdhyyfructl423mps7hcq8zvrpn,8962AFEB9F8DFF4026E581D7A7DBA1C412AABD06339A847316A77B8CFC1E9B2D,2026-09-14T19:27:22.119166823Z,pb1xvd4k9jg5h0d4dhzr4z0txtwe9p5zxf58xcmxd,pb1rrwuxd65chqed6t0c5z8z505daw0rvsveyl0eq,,,,,,,,,,,,,2026-09-15T02:53:44.265560+00:00
scope1qraa2z37jg8ye4up7k5wxhs3eyuqyfjunk,8962AFEB9F8DFF4026E581D7A7DBA1C412AABD06339A847316A77B8CFC1E9B2D,2026-09-14T19:27:22.119166823Z,pb1xvd4k9jg5h0d4dhzr4z0txtwe9p5zxf58xcmxd,pb1rrwuxd65chqed6t0c5z8z505daw0rvsveyl0eq,,,,,,,,,,,,,2026-09-15T02:53:44.265501+00:00
scope1qrk52w6nzcvyu75qf5rukyg8z9jqnrhmnk,39524A3557C65E85F189B75F88DD45F24815E95868B6ACBE976CD1C2DB4B4857,2026-09-14T19:26:21.247925183Z,pb1xvd4k9jg5h0d4dhzr4z0txtwe9p5zxf58xcmxd,pb1rrwuxd65chqed6t0c5z8z505daw0rvsveyl0eq,,,,,,,,,,,,,2026-09-15T02:53:44.831642+00:00
scope1qpp5v59hfk4yfy9hvn7lzn4mdy3sv622ew,72D2E6AFCFA74BD9CF2135196F9E47590B9BC5FE67366375842763969F0DA122,2026-09-14T19:25:55.131413896Z,pb1xvd4k9jg5h0d4dhzr4z0txtwe9p5zxf58xcmxd,pb1rrwuxd65chqed6t0c5z8z505daw0rvsveyl0eq,,,,,,,,,,,,,2026-09-15T02:53:45.382643+00:00
scope1qz7aycqx7ajym045ccm99386kvaqzul9sf,D2ED6369CC9945CE1F23D9ADB44B90B9A69107995429245A0118E1DE197493F1,2026-09-14T19:25:37.549524925Z,pb1kx5k0nr068xhxgcmnzzef9523cxdcexlm3r29w,pb1rrwuxd65chqed6t0c5z8z505daw0rvsveyl0eq,,,,,,,,,,,,,2026-09-15T02:53:45.933314+00:00
scope1qqd0d2qs8qvyz2umlm5u3u02f09qvatmjq,CAF55CFA687A08EE7DA4466FB09D4FE71C91BC936D3316397206E3FD6E555A0D,2026-09-14T19:25:33.224591028Z,pb1xvd4k9jg5h0d4dhzr4z0txtwe9p5zxf58xcmxd,pb1rrwuxd65chqed6t0c5z8z505daw0rvsveyl0eq,,,,,,,,,,,,,2026-09-15T02:53:46.492272+00:00
scope1qq9p86ecru957ty7nq7mnwjwq8jsellaz3,BC47C49E5EB782127AB9B7EC46AA66E20E6B2C684EBB37EB8E666125C4A538F9,2026-09-14T19:25:28.784555806Z,pb1xvd4k9jg5h0d4dhzr4z0txtwe9p5zxf58xcmxd,pb1rrwuxd65chqed6t0c5z8z505daw0rvsveyl0eq,,,,,,,,,,,,,2026-09-15T02:53:47.054528+00:00
scope1qz0d8v58s37y239unu5vfpqtchpstqx7js,BC81FFA4EE346C7CC517BD5564032BF650A158245C73E291DA91223B4EF37396,2026-09-14T19:25:20.190158517Z,pb1g7n9qcd7zzpafv0zx8u6gdqvj34aalqapygrks,pb1rrwuxd65chqed6t0c5z8z505daw0rvsveyl0eq,,,,,,,,,,,,,2026-09-15T02:54:01.313936+00:00
scope1qzjzwy83ar2y74v5zzftjxxxr6cq67p5zc,4DAFC97A6BE8107AA85AA8347B2CAA3B4B2D5FA812D9E2B5A40F5F20A35EBFE3,2026-09-14T19:25:20.190158517Z,pb13knswfs6ack05wveq5nua7jgc5jnld3zg8xl52,pb1rrwuxd65chqed6t0c5z8z505daw0rvsveyl0eq,,,,,,,,,,,,,2026-09-15T02:54:00.750989+00:00
scope1qpl4utsrekz583ax5uhepc9pakss9pn0kx,20C582D93BAAB7180E12273FA18CEE695A8121C1C96B8780D0F824E51A7E54CA,2026-09-14T19:24:19.701152079Z,pb1xvd4k9jg5h0d4dhzr4z0txtwe9p5zxf58xcmxd,pb1rrwuxd65chqed6t0c5z8z505daw0rvsveyl0eq,,,,,,,,,,,,,2026-09-15T02:54:01.876866+00:00
scope1qpmkz94s9ua5gvu6v82lgw73yc5sh8q8dq,B67671CEE01C9EB07E07A26F01262DE60B5E39EA5045AC6C83556811669BFAFE,2026-09-14T19:20:33.488099958Z,pb13knswfs6ack05wveq5nua7jgc5jnld3zg8xl52,pb1rrwuxd65chqed6t0c5z8z505daw0rvsveyl0eq,,,,,,,,,,,,,2026-09-15T02:54:02.430310+00:00
scope1qr4fz9j7aztyqruf2ll2ankj9yysxr6p9g,4AD15AC6CB58F798EFDAF58689D377A080EE6A62A88466F69F6BBB61F5196E04,2026-09-14T19:20:29.108261867Z,pb1xvd4k9jg5h0d4dhzr4z0txtwe9p5zxf58xcmxd,pb1rrwuxd65chqed6t0c5z8z505daw0rvsveyl0eq,,,,,,,,,,,,,2026-09-15T02:54:03.556181+00:00
scope1qp05rj6v4tuy35u33yzrf82vw4vsu9hee7,878559F668B3724DA95AA6BCF3C6933B6ED8D9DB3EE277B66D926CB3A2C59A12,2026-09-14T19:20:29.108261867Z,pb1kx5k0nr068xhxgcmnzzef9523cxdcexlm3r29w,pb1rrwuxd65chqed6t0c5z8z505daw0rvsveyl0eq,,,,,,,,,,,,,2026-09-15T02:54:02.991150+00:00
scope1qqjkhfmwe2y5ajd5hwcfcd0zh52qc7ks0x,B6F6562DA12E6CB78AE7BE425C874D30064E4C217A051436F6BB5D54FE4F5ECB,2026-09-14T19:20:20.265035204Z,pb13knswfs6ack05wveq5nua7jgc5jnld3zg8xl52,pb1rrwuxd65chqed6t0c5z8z505daw0rvsveyl0eq,,,,,,,,,,,,,2026-09-15T02:54:04.111765+00:00
scope1qqypw3gwzt2ym0ymvm3t0qtq2g6q4343mz,D6515A6BE511526975A6B7FE224D3373A8F7AA42252243FCD5CDB1790A574307,2026-09-14T19:19:32.422217211Z,pb1xvd4k9jg5h0d4dhzr4z0txtwe9p5zxf58xcmxd,pb1rrwuxd65chqed6t0c5z8z505daw0rvsveyl0eq,,,,,,,,,,,,,2026-09-15T02:54:04.686557+00:00
scope1qr9zceqqz205wp5ghvu0jwler38s65e0gn,8A68E5792017419C8359F8EF42250DFF3F5129875D0E28CE0E391E2234977618,2026-09-14T19:18:22.942205498Z,pb1xvd4k9jg5h0d4dhzr4z0txtwe9p5zxf58xcmxd,pb1rrwuxd65chqed6t0c5z8z505daw0rvsveyl0eq,,,,,,,,,,,,,2026-09-15T02:54:05.249601+00:00
scope1qz37fhplvjm59f57hh3z882wnexsjsff2l,51C482A6C2FEB3512307C1C71C37A8CB0F1CE20858C94BF70F54B2EFB062DD23,2026-09-14T19:17:52.685019489Z,pb1fmxzuzx5c4ja50vu94nt0aessnuedzmppde8qr,pb1rrwuxd65chqed6t0c5z8z505daw0rvsveyl0eq,,,,,,,,,,,,,2026-09-15T02:54:05.806381+00:00
scope1qraa4eu8zg05fhdqc3w7ehzm4ssqahd07n,DC458604731CE7C773A682AFD6116C99F0755B77A8BB2F9E22ADF8B5E5E39A7B,2026-09-14T19:17:35.316164151Z,pb1xvd4k9jg5h0d4dhzr4z0txtwe9p5zxf58xcmxd,pb1rrwuxd65chqed6t0c5z8z505daw0rvsveyl0eq,,,,,,,,,,,,,2026-09-15T02:54:06.359466+00:00
scope1qr8fd027zxhyyr5gprn9cn8eednqa5x92u,164582E2DA05C022872E46C44F9627816F48162635E9507C5363BECEC91A9F4F,2026-09-14T19:16:52.061954307Z,pb1xvd4k9jg5h0d4dhzr4z0txtwe9p5zxf58xcmxd,pb1rrwuxd65chqed6t0c5z8z505daw0rvsveyl0eq,,,,,,,,,,,,,2026-09-15T02:54:06.924653+00:00
scope1qqunvf3u2f5y5w4vxc2x95enpv2skvzlaj,62A56677C2EAE76097219E850D8870D5E941C62DB18565995DA72007E53EA25D,2026-09-14T19:16:34.579463668Z,pb1fmxzuzx5c4ja50vu94nt0aessnuedzmppde8qr,pb1rrwuxd65chqed6t0c5z8z505daw0rvsveyl0eq,,,,,,,,,,,,,2026-09-15T02:54:07.486996+00:00
scope1qzmaq5jgvmd5mqdvcqzc733c03tslt20ne,CCCD24CFA1F80BFEE1AB5C79333758EDE4936D468F13052B8D1F53B77F7B506C,2026-09-14T19:16:21.536954764Z,pb1kx5k0nr068xhxgcmnzzef9523cxdcexlm3r29w,pb1rrwuxd65chqed6t0c5z8z505daw0rvsveyl0eq,,,,,,,,,,,,,2026-09-15T02:54:08.056943+00:00
scope1qzpyyvq8uh35vvvl5p8cqpajkxnqruh2tv,CCCD24CFA1F80BFEE1AB5C79333758EDE4936D468F13052B8D1F53B77F7B506C,2026-09-14T19:16:21.536954764Z,pb1kx5k0nr068xhxgcmnzzef9523cxdcexlm3r29w,pb1rrwuxd65chqed6t0c5z8z505daw0rvsveyl0eq,,,,,,,,,,,,,2026-09-15T02:54:08.056875+00:00
scope1qz27qx32v06yjnurjrk9t8fa9ueskhh9nz,20E9D1A34881453D96CA127B00C566FBBF635B771EA6F1411103BF59006C671E,2026-09-14T19:15:33.474739107Z,pb1xvd4k9jg5h0d4dhzr4z0txtwe9p5zxf58xcmxd,pb1rrwuxd65chqed6t0c5z8z505daw0rvsveyl0eq,,,,,,,,,,,,,2026-09-15T02:54:09.174694+00:00
scope1qz74yatjdvj5ltu573l80xtq8h0quzuu9h,1A54FFFDC38E2FCA0AE70FC237551AFFD81E6924453274E5280BC497E3991730,2026-09-14T19:15:33.474739107Z,pb1ml9tzy5znrnnaj6pqnl86gagxlv8jrydk2jjdq,pb1rrwuxd65chqed6t0c5z8z505daw0rvsveyl0eq,,,,,,,,,,,,,2026-09-15T02:54:08.614746+00:00
scope1qpecx9uz2t4y5fdrnpg87ex30cfs9l6njx,E854B7A55A067581E2A1D8C7E6E547DF38DCE1359643801EECA2901F00EB2739,2026-09-14T19:15:29.116654556Z,pb13knswfs6ack05wveq5nua7jgc5jnld3zg8xl52,pb1rrwuxd65chqed6t0c5z8z505daw0rvsveyl0eq,,,,,,,,,,,,,2026-09-15T02:54:09.727296+00:00
scope1qq7669e6thz5pryu9tv77k840ppqr6wym3,AE293A7977B4C9928DCE632274A817D0FEF66648B46899A24A4864F6A1620640,2026-09-14T19:15:20.362539326Z,pb1awn7unm6pv3rd9s0wzg4vje357dn3pn8ua530c,pb1rrwuxd65chqed6t0c5z8z505daw0rvsveyl0eq,,,,,,,,,,,,,2026-09-15T02:54:10.290557+00:00
scope1qzlljnne670576u5ke6hmn0l92pqg78zzk,69D5DA3C8D17BCD618904166631EC38D66C90A773C1D8CDD436A3D1CD43DE42D,2026-09-14T19:15:16.043965706Z,pb1xzl9wgh0ry2dma43f58vmuteqd3996j6mhqhgz,pb1rrwuxd65chqed6t0c5z8z505daw0rvsveyl0eq,,,,,,,,,,,,,2026-09-15T02:54:10.850633+00:00
scope1qz63gt52e905xsv0fv73d77hwf3s058dhu,6873356FBC6C6E916C4EB0583AA4780A1ABA791ED8549BD41BD71870FE178D3E,2026-09-14T19:11:48.042938188Z,pb1xvd4k9jg5h0d4dhzr4z0txtwe9p5zxf58xcmxd,pb1rrwuxd65chqed6t0c5z8z505daw0rvsveyl0eq,,,,,,,,,,,,,2026-09-15T02:54:11.403904+00:00
scope1qzvzud8wkq75krusyy6ljshc4tusrfvpaa,1FEF732645B40E7879ACCB57D290160A87317C0EEB42D095F4293CD9E3398CBC,2026-09-14T19:10:21.576926859Z,pb13knswfs6ack05wveq5nua7jgc5jnld3zg8xl52,pb1rrwuxd65chqed6t0c5z8z505daw0rvsveyl0eq,,,,,,,,,,,,,2026-09-15T02:54:11.956117+00:00
scope1qpnhfymjqyjymx5agn5ntn5sl3rsqwamth,68691A1794DFA886B2F4D80C1875493A115A9525B64DEFA13829C94F041A5A73,2026-09-14T19:09:20.666244331Z,pb1xvd4k9jg5h0d4dhzr4z0txtwe9p5zxf58xcmxd,pb1rrwuxd65chqed6t0c5z8z505daw0rvsveyl0eq,,,,,,,,,,,,,2026-09-15T02:54:12.513742+00:00
scope1qpy7xnglhwp59yamdxe3e6wv047qr9mdv4,C17358C811AFE8C24AA5B81D175AE75B251D2D62F39A97EA5CB84DD1F56BC78E,2026-09-14T19:09:03.006373783Z,pb1xvd4k9jg5h0d4dhzr4z0txtwe9p5zxf58xcmxd,pb1rrwuxd65chqed6t0c5z8z505daw0rvsveyl0eq,,,,,,,,,,,,,2026-09-15T02:54:13.066009+00:00
scope1qq2w5t4s7kv5n3dcl2hmckdvt9ysj5pxwe,C0803321812AA2E6DE8CEF8F51364BE9B7FFD8623CE5D0E27E2139151A55ECF4,2026-09-14T19:07:10.033094116Z,pb1xvd4k9jg5h0d4dhzr4z0txtwe9p5zxf58xcmxd,pb1rrwuxd65chqed6t0c5z8z505daw0rvsveyl0eq,,,,,,,,,,,,,2026-09-15T02:54:13.624947+00:00
scope1qq74vlsw92ay43vkxps08kakj4ksqr2apn,5452747D77FD3E97EE9CC269AAEF65FA1DE6DC797055DFAB9F19765BBCDBF3E4,2026-09-14T19:05:34.385793945Z,pb1k38pa6rgnepcs592n4mvr3hxucw8tslprcmlvk,pb1rrwuxd65chqed6t0c5z8z505daw0rvsveyl0eq,,,,,,,,,,,,,2026-09-15T02:54:14.178493+00:00
scope1qry22084agxy7qvnlx8f30726cpqmz2g46,1CA2084797037B35F7973941883E4D1808C4BF2B48D8028B5A149CA61807A38A,2026-09-14T19:05:30.020816012Z,pb1xvd4k9jg5h0d4dhzr4z0txtwe9p5zxf58xcmxd,pb1rrwuxd65chqed6t0c5z8z505daw0rvsveyl0eq,,,,,,,,,,,,,2026-09-15T02:54:14.732909+00:00
scope1qps0tmytdhsyes9j6xsqqsargfsqv7d3tv,7C0265B7665FC9117A6D4D7674C36BBBED3ED8F982F1EDF99D5A06F7BB677AB4,2026-09-14T19:03:58.837519218Z,pb1xvd4k9jg5h0d4dhzr4z0txtwe9p5zxf58xcmxd,pb1rrwuxd65chqed6t0c5z8z505daw0rvsveyl0eq,,,,,,,,,,,,,2026-09-15T02:54:15.287351+00:00
scope1qzynly5grevyh646lft26wpcepwse5fsl4,E0BCEF49A90115FC5D2F837F1EE6462249271730203DF87BFCA68ABEC0A76534,2026-09-14T19:02:23.604110008Z,pb1xvd4k9jg5h0d4dhzr4z0txtwe9p5zxf58xcmxd,pb1rrwuxd65chqed6t0c5z8z505daw0rvsveyl0eq,,,,,,,,,,,,,2026-09-15T02:54:15.846310+00:00
scope1qzzcqf07egwyupy53kvzfcxe2evqrmwn7e,F027781D016660A57E2C02504D0BEF19FE65CD4D700784DC54B869BF72D47601,2026-09-14T19:02:02.190826613Z,pb1xvd4k9jg5h0d4dhzr4z0txtwe9p5zxf58xcmxd,pb1rrwuxd65chqed6t0c5z8z505daw0rvsveyl0eq,,,,,,,,,,,,,2026-09-15T02:54:16.410962+00:00
scope1qzff64v902x5jeduhd6ru3ncqv8s0fc7n2,D2278D67389A886BE0FBEAFD8A50A572860E79DF97EA5A806D63BA91C28A0530,2026-09-14T19:01:57.538054284Z,pb1xvd4k9jg5h0d4dhzr4z0txtwe9p5zxf58xcmxd,pb1rrwuxd65chqed6t0c5z8z505daw0rvsveyl0eq,,,,,,,,,,,,,2026-09-15T02:54:16.971066+00:00
scope1qrnc8vt0cg7yr6a9qdyy3ll705eq2v3uc2,B15D89CBC3053F92DDD616BD29EADBC0D29CCAD10FF67FC7DBADE73278AB47C1,2026-09-14T19:01:05.006700298Z,pb1q4ffj426hu5fj0h7muy2h7hj6sqmqe7vz67245,pb1rrwuxd65chqed6t0c5z8z505daw0rvsveyl0eq,,,,,,,,,,,,,2026-09-15T02:54:17.525006+00:00
scope1qq8qaqn9unl5uayugj68p7zw249skf9dh6,E747D275A4C371BD6B3A6D4FDFED223FD42945E653296A69F64A2D25D9AD4A15,2026-09-14T19:00:51.989966611Z,pb13knswfs6ack05wveq5nua7jgc5jnld3zg8xl52,pb1rrwuxd65chqed6t0c5z8z505daw0rvsveyl0eq,,,,,,,,,,,,,2026-09-15T02:54:18.100730+00:00
scope1qzzruhhevd35l74ajp2vwn04n3fqud3q34,22B0207449132455262675497DDC35793AA50E59DDAE76686DEC8423785BE49B,2026-09-14T19:00:38.843400390Z,pb1k38pa6rgnepcs592n4mvr3hxucw8tslprcmlvk,pb1rrwuxd65chqed6t0c5z8z505daw0rvsveyl0eq,,,,,,,,,,,,,2026-09-15T02:54:18.662933+00:00
scope1qr2ehuc03efyjn5lfmlccknppjrqgcp4u0,22B0207449132455262675497DDC35793AA50E59DDAE76686DEC8423785BE49B,2026-09-14T19:00:38.843400390Z,pb1k38pa6rgnepcs592n4mvr3hxucw8tslprcmlvk,pb1rrwuxd65chqed6t0c5z8z505daw0rvsveyl0eq,,,,,,,,,,,,,2026-09-15T02:54:18.662849+00:00
scope1qq50thn5lp4yeqyqah3zfms630rstyycy9,D060711B1E436B778B03406656642CA8E7F2CE92C96C985BD0E125BDD03EDDE2,2026-09-14T19:00:34.570113585Z,pb1awn7unm6pv3rd9s0wzg4vje357dn3pn8ua530c,pb1rrwuxd65chqed6t0c5z8z505daw0rvsveyl0eq,,,,,,,,,,,,,2026-09-15T02:54:19.214197+00:00
scope1qzyj3yxe5m0573ydchl9xnvyp08sdp4wrm,10635A35AA8AF14633F95B852D612512B218AD41EC0A98D70F3FD14DC88D83B3,2026-09-14T18:56:57.509506599Z,pb1xvd4k9jg5h0d4dhzr4z0txtwe9p5zxf58xcmxd,pb1rrwuxd65chqed6t0c5z8z505daw0rvsveyl0eq,,,,,,,,,,,,,2026-09-15T02:54:19.774272+00:00
scope1qpd2402fxp65hw5hgl377t0kzpassv0ds3,48DA5CDE67F8543DF9E7A04961E78966BD49182226CA3042863312032CC3B0CD,2026-09-14T18:56:27.051247851Z,pb1xvd4k9jg5h0d4dhzr4z0txtwe9p5zxf58xcmxd,pb1rrwuxd65chqed6t0c5z8z505daw0rvsveyl0eq,,,,,,,,,,,,,2026-09-15T02:54:20.338910+00:00
scope1qqzawcwnwhh5czvd58ssdsqma05s04295r,8DE16BB04B8901B1C1F2DD1707A5E7D21F9F5391F349C1F1111500E98E52F7E2,2026-09-14T18:55:39.349123584Z,pb13knswfs6ack05wveq5nua7jgc5jnld3zg8xl52,pb1rrwuxd65chqed6t0c5z8z505daw0rvsveyl0eq,,,,,,,,,,,,,2026-09-15T02:54:20.902067+00:00
scope1qzwqf3fmu7fyhl4rl3emjmzwnaysh5vpdv,6CBA4BFE772EF368992AC512E629BF57BF9DC594779B2551C9B7BA7885D1665D,2026-09-14T18:55:34.920048247Z,pb1k38pa6rgnepcs592n4mvr3hxucw8tslprcmlvk,pb1rrwuxd65chqed6t0c5z8z505daw0rvsveyl0eq,,,,,,,,,,,,,2026-09-15T02:54:21.458395+00:00
scope1qqymgypmrkw52r9g5ysye4ww3uts4nrpwr,5C84FDAAE55C3587A8F814E8F9B24B2A9C80E0916C8B39A02FF60DC835E334F6,2026-09-14T18:55:16.923198652Z,pb1awn7unm6pv3rd9s0wzg4vje357dn3pn8ua530c,pb1rrwuxd65chqed6t0c5z8z505daw0rvsveyl0eq,,,,,,,,,,,,,2026-09-15T02:54:22.017724+00:00
scope1qpfa5hldfv458j9fymapk6x6aaeq69prdn,54646AFC59689D7DC5EA2CFFCA6ED4A06A2DEB300913D3F73616AE634F660CA4,2026-09-14T18:55:08.103246656Z,pb1xvd4k9jg5h0d4dhzr4z0txtwe9p5zxf58xcmxd,pb1rrwuxd65chqed6t0c5z8z505daw0rvsveyl0eq,,,,,,,,,,,,,2026-09-15T02:54:22.578309+00:00
scope1qppg6xrk8ty5225tzmsqd9hj538s04qelh,793080B211D13FA348B483200A99F7287D509FB7E73DB596C47B48C38A22609D,2026-09-14T18:53:58.880314570Z,pb1xvd4k9jg5h0d4dhzr4z0txtwe9p5zxf58xcmxd,pb1rrwuxd65chqed6t0c5z8z505daw0rvsveyl0eq,,,,,,,,,,,,,2026-09-15T02:54:23.128144+00:00
scope1qrzzmqsj6nfyxyazahff2xhalgrstc5zrd,39F31179D44517CEAEF871813F997EA56B8BCE947E687B645A6AE66839E50A73,2026-09-14T18:51:57.048900869Z,pb1xvd4k9jg5h0d4dhzr4z0txtwe9p5zxf58xcmxd,pb1rrwuxd65chqed6t0c5z8z505daw0rvsveyl0eq,,,,,,,,,,,,,2026-09-15T02:54:23.684064+00:00
scope1qzlvmt720sd53tdqnz22l4qsn6rq60zqyk,72ED0B5EBB62635A96914951A4C1D74466D0E35A04E5D79C9262127F53AA7BA7,2026-09-14T18:50:34.714264995Z,pb1589kxggzm5sd82dzre47zpp9wjnr4fr229srtj,pb1rrwuxd65chqed6t0c5z8z505daw0rvsveyl0eq,,,,,,,,,,,,,2026-09-15T02:54:24.789755+00:00
scope1qpkhs8kpqxk50vyvze2js3ackwss6g3t60,B00FD7C07CDE07C6CF35CD6D7CF3CCD93581D8D12124802A12AAEACAF60B9C93,2026-09-14T18:50:34.714264995Z,pb13knswfs6ack05wveq5nua7jgc5jnld3zg8xl52,pb1rrwuxd65chqed6t0c5z8z505daw0rvsveyl0eq,,,,,,,,,,,,,2026-09-15T02:54:24.238819+00:00
scope1qqra622wlckyrhyyq3q6nk0fgkmqm22zvp,517358A2F3A17A0D03BF9E72D7BB7DA288D91AF8DD39CD03DF06A094796A460C,2026-09-14T18:50:17.484565825Z,pb1xvd4k9jg5h0d4dhzr4z0txtwe9p5zxf58xcmxd,pb1rrwuxd65chqed6t0c5z8z505daw0rvsveyl0eq,,,,,,,,,,,,,2026-09-15T02:54:25.359312+00:00
scope1qpafjv23xgc50y9km53mau0t73zqspjmm7,5DBE30CAAA495E63FB2DE3D036D64E85385AA64D79D04FCC577BC6A8651AD00C,2026-09-14T18:50:04.425579667Z,pb1xvd4k9jg5h0d4dhzr4z0txtwe9p5zxf58xcmxd,pb1rrwuxd65chqed6t0c5z8z505daw0rvsveyl0eq,,,,,,,,,,,,,2026-09-15T02:54:25.914771+00:00
scope1qrcaqakerje5y04kdw450755eppql4kk75,D4F4CB186AB51DA2A1A2055731A780B2A162415B6FD39FA261957B17449DDC42,2026-09-14T18:48:37.665484372Z,pb1kx5k0nr068xhxgcmnzzef9523cxdcexlm3r29w,pb1rrwuxd65chqed6t0c5z8z505daw0rvsveyl0eq,,,,,,,,,,,,,2026-09-15T02:54:26.472878+00:00
scope1qzr6p8xsdhnypga0de3g0d96pntsdjjw88,8D9F6DBB2DD6D1B94F4B7239A1E51684D83602196DD1F2185629D8FF3ED1B808,2026-09-14T18:48:19.962646503Z,pb1xvd4k9jg5h0d4dhzr4z0txtwe9p5zxf58xcmxd,pb1rrwuxd65chqed6t0c5z8z505daw0rvsveyl0eq,,,,,,,,,,,,,2026-09-15T02:54:27.029744+00:00
scope1qp9863tkwl0yznv9teru3n8hn69sgxccye,7E2F3F0838FE5EB393E69872C98700E51B26205EB8FBCD8FDC6859710CC63D68,2026-09-14T18:47:40.766963302Z,pb1xvd4k9jg5h0d4dhzr4z0txtwe9p5zxf58xcmxd,pb1rrwuxd65chqed6t0c5z8z505daw0rvsveyl0eq,,,,,,,,,,,,,2026-09-15T02:54:27.629886+00:00
scope1qrxs63rqul05q74sdjckv986jfhsyx0ceu,C7D6756903F3A9CF5750F848267386EC23D5518E9B76C2D566D4313967797E6D,2026-09-14T18:45:39.549615586Z,pb1xzl9wgh0ry2dma43f58vmuteqd3996j6mhqhgz,pb1rrwuxd65chqed6t0c5z8z505daw0rvsveyl0eq,,,,,,,,,,,,,2026-09-15T02:54:28.750560+00:00
scope1qrp5wun89lmynr9yr2zsetyjlgxqujm3ed,7C0B545E1996B27B1CCF10EE49A6D8FBFBEA8C9D2F1462835809A46FB12A4D7F,2026-09-14T18:45:39.549615586Z,pb13knswfs6ack05wveq5nua7jgc5jnld3zg8xl52,pb1rrwuxd65chqed6t0c5z8z505daw0rvsveyl0eq,,,,,,,,,,,,,2026-09-15T02:54:28.187382+00:00
scope1qpcz6wduqgcy5c43drg9hdlltdfqvlxpm3,75BBB1F24FB692D4341BA704862CDEF4F8BF30067854B69CAA5DF012FE1BBD01,2026-09-14T18:45:35.204681981Z,pb1xzvkzyt5q3940rp2e299hx0e5udrhgne2a8ylk,pb1rrwuxd65chqed6t0c5z8z505daw0rvsveyl0eq,,,,,,,,,,,,,2026-09-15T02:54:29.304790+00:00
scope1qrgcdsfhkfuyjf4pwpnsfn8nvacs5sq5j8,3C64DD6B4E23D0B51E5DA74D7FFE267311AA05429EFFBDB2DF935C273C98D86C,2026-09-14T18:45:26.245130577Z,pb1k38pa6rgnepcs592n4mvr3hxucw8tslprcmlvk,pb1rrwuxd65chqed6t0c5z8z505daw0rvsveyl0eq,,,,,,,,,,,,,2026-09-15T02:54:30.431191+00:00
scope1qqsdfuvywv6yes55sy4ktqpl4dwqcqspu7,35F270D76CF25B530F4E8E22C8AC2D78AB9EFF88D9CBD90CBE6AC7FE5BD4A83A,2026-09-14T18:45:26.245130577Z,pb1xvd4k9jg5h0d4dhzr4z0txtwe9p5zxf58xcmxd,pb1rrwuxd65chqed6t0c5z8z505daw0rvsveyl0eq,,,,,,,,,,,,,2026-09-15T02:54:29.864578+00:00
scope1qparhv89luc5qnymh6yu8jqsxn8s4aasxd,E67ECE4C0B0B375C01CF20A18CC3678554F0EF7759CD131E10FB4A32A04114D3,2026-09-14T18:45:21.875776582Z,pb1kx5k0nr068xhxgcmnzzef9523cxdcexlm3r29w,pb1rrwuxd65chqed6t0c5z8z505daw0rvsveyl0eq,,,,,,,,,,,,,2026-09-15T02:54:30.994648+00:00
scope1qq3ajvafdhz5u7yas4qfx93q6jwqdy2aeq,9238CCB1C6FB00C27509616EE8695D612B6CA4DAD8F6193278EE33175385A15A,2026-09-14T18:43:20.671291690Z,pb1xvd4k9jg5h0d4dhzr4z0txtwe9p5zxf58xcmxd,pb1rrwuxd65chqed6t0c5z8z505daw0rvsveyl0eq,,,,,,,,,,,,,2026-09-15T02:54:31.552012+00:00
scope1qzalgntwsemyzuaepks9rjprwgeqk33nwa,734C1075FEE8651E5DE8B187B7819D0D3D9EC688D0F31CEFE2021440A77CE990,2026-09-14T18:43:16.378890616Z,pb1xvd4k9jg5h0d4dhzr4z0txtwe9p5zxf58xcmxd,pb1rrwuxd65chqed6t0c5z8z505daw0rvsveyl0eq,,,,,,,,,,,,,2026-09-15T02:54:32.103871+00:00
scope1qqpkd0jgqnw5uuvpe5z6sc6wrqhstgf4wl,C69F54D93E311171807F17A09C60EEB4B00E8FF0E90DAF970E76655B7B638579,2026-09-14T18:43:07.494951363Z,pb1xvd4k9jg5h0d4dhzr4z0txtwe9p5zxf58xcmxd,pb1rrwuxd65chqed6t0c5z8z505daw0rvsveyl0eq,,,,,,,,,,,,,2026-09-15T02:54:32.666604+00:00
scope1qpavsc0lh8vy7mddcw3peugvrfzqeq5333,EC1B1ED728C5CA75CB968B60CD038D33E89C2CBAB93CBDC88B012BB4961FE7C8,2026-09-14T18:42:45.847963494Z,pb13knswfs6ack05wveq5nua7jgc5jnld3zg8xl52,pb1rrwuxd65chqed6t0c5z8z505daw0rvsveyl0eq,,,,,,,,,,,,,2026-09-15T02:54:33.234058+00:00
scope1qp5ght4x9wpy6g54edgrsphvxlrsym0x2f,7EBF315349587257878B11046A99CF175208A8F26338B63A688A27D51D41973A,2026-09-14T18:40:35.772220667Z,pb109v8r0nk4du3k7vw3yf5dt8cjnhp9dtmaqahaa,pb1rrwuxd65chqed6t0c5z8z505daw0rvsveyl0eq,,,,,,,,,,,,,2026-09-15T02:54:33.782170+00:00
scope1qpflurlc6e057puedflgrhxdqmrqg6l2r8,F2794C42263253E3BD10C417BA9E0F2B2C9260D80A0A501A4C90186B97F8BD81,2026-09-14T18:40:31.491951039Z,pb1589kxggzm5sd82dzre47zpp9wjnr4fr229srtj,pb1rrwuxd65chqed6t0c5z8z505daw0rvsveyl0eq,,,,,,,,,,,,,2026-09-15T02:54:34.330654+00:00
scope1qpeu8f9up2yyuq9cp2scpm04u62qlfx7qy,D59E3DCF0B68E747510DB9F5254329BE6A22A72F0CB76D91981CA7FEC304F747,2026-09-14T18:40:27.058545998Z,pb1awn7unm6pv3rd9s0wzg4vje357dn3pn8ua530c,pb1rrwuxd65chqed6t0c5z8z505daw0rvsveyl0eq,,,,,,,,,,,,,2026-09-15T02:54:34.903043+00:00
scope1qqmt0yrmtnly5dupwl50tektgs7q63up8m,C1692F93CB3E3FFA751BB5D41CAE86F1F121AAC52C8969D66A9E9670409648AF,2026-09-14T18:40:22.598958525Z,pb1xvd4k9jg5h0d4dhzr4z0txtwe9p5zxf58xcmxd,pb1rrwuxd65chqed6t0c5z8z505daw0rvsveyl0eq,,,,,,,,,,,,,2026-09-15T02:54:35.465443+00:00
scope1qrrwz6qpu8nyz7a5pgflrlq7wxeskd6hct,C1692F93CB3E3FFA751BB5D41CAE86F1F121AAC52C8969D66A9E9670409648AF,2026-09-14T18:40:22.598958525Z,pb1xvd4k9jg5h0d4dhzr4z0txtwe9p5zxf58xcmxd,pb1rrwuxd65chqed6t0c5z8z505daw0rvsveyl0eq,,,,,,,,,,,,,2026-09-15T02:54:35.465374+00:00
scope1qpsur0nfawu5r95huza8zz0wzvlse0z0yy,5062B32C40B5C334DDE640852E68E4205D21062C806D391E7628D8AA1F4292BA,2026-09-14T18:36:05.106244362Z,pb13knswfs6ack05wveq5nua7jgc5jnld3zg8xl52,pb1rrwuxd65chqed6t0c5z8z505daw0rvsveyl0eq,,,,,,,,,,,,,2026-09-15T02:54:36.016459+00:00
scope1qpq4qf36ulxy4s4t6a0w00zz5l7qvtzzst,6520C242534C3966896828B151790592772444655A79F347478E43448B561CDF,2026-09-14T18:35:52.264210759Z,pb13knswfs6ack05wveq5nua7jgc5jnld3zg8xl52,pb1rrwuxd65chqed6t0c5z8z505daw0rvsveyl0eq,,,,,,,,,,,,,2026-09-15T02:54:36.568702+00:00
scope1qzs7ay400vayrrvqkfdtkcl2fkeqjjk38c,72C8B4C9E2E4CB3DD6A5315F4E8B2BFC9F6820DB7609E5E7A7D94803B8C7254F,2026-09-14T18:35:30.658159649Z,pb13knswfs6ack05wveq5nua7jgc5jnld3zg8xl52,pb1rrwuxd65chqed6t0c5z8z505daw0rvsveyl0eq,,,,,,,,,,,,,2026-09-15T02:54:37.128054+00:00
scope1qrh5hcyyln05t24sdu33smfkffxqnd4yyr,EC7FD9495D422E2FFF2AF591F9300ED02054560C905EF7F5BBE11D7CA4CF2DF2,2026-09-14T18:35:22.037165083Z,pb13knswfs6ack05wveq5nua7jgc5jnld3zg8xl52,pb1rrwuxd65chqed6t0c5z8z505daw0rvsveyl0eq,,,,,,,,,,,,,2026-09-15T02:54:37.685492+00:00
scope1qqzhdeshp0c5gy4glgyqaakukgksawdldy,F32697C4D3EF52DD609FAD052006C151A88A5CDB4B44C1EEE5E334785AEE8E39,2026-09-14T18:35:17.798764224Z,pb1xvd4k9jg5h0d4dhzr4z0txtwe9p5zxf58xcmxd,pb1rrwuxd65chqed6t0c5z8z505daw0rvsveyl0eq,,,,,,,,,,,,,2026-09-15T02:54:38.252600+00:00
scope1qqgn6e4l6kayc2dz4073kknxrsqqa47tfw,F32697C4D3EF52DD609FAD052006C151A88A5CDB4B44C1EEE5E334785AEE8E39,2026-09-14T18:35:17.798764224Z,pb1xvd4k9jg5h0d4dhzr4z0txtwe9p5zxf58xcmxd,pb1rrwuxd65chqed6t0c5z8z505daw0rvsveyl0eq,,,,,,,,,,,,,2026-09-15T02:54:38.252530+00:00
scope1qp7hlw0uemzyh64zr9ra2zv9yk6sa4k6uy,1BACB6DE986652D1D6987601F26E96FD5FFF555BF22DA176EAE0DD8DF0197988,2026-09-14T18:32:19.464073694Z,pb1xvd4k9jg5h0d4dhzr4z0txtwe9p5zxf58xcmxd,pb1rrwuxd65chqed6t0c5z8z505daw0rvsveyl0eq,,,,,,,,,,,,,2026-09-15T02:54:38.807831+00:00
scope1qrluvu59xy9yveakm74amndf74esjtl7ya,59970D49870AA22CE8578FDF899E532796AC90DDC93AC9EF9297F7B35C8B846B,2026-09-14T18:31:40.305891990Z,pb1xzl9wgh0ry2dma43f58vmuteqd3996j6mhqhgz,pb1rrwuxd65chqed6t0c5z8z505daw0rvsveyl0eq,,,,,,,,,,,,,2026-09-15T02:54:39.374091+00:00
scope1qztz2u60yse5et5y47rp9qs9s52s3u507h,18E2966F79B12E3D2BF1EBEF85CEF49AAABC714291FA53C78CED6E488C5F3715,2026-09-14T18:31:31.723652643Z,pb1k38pa6rgnepcs592n4mvr3hxucw8tslprcmlvk,pb1rrwuxd65chqed6t0c5z8z505daw0rvsveyl0eq,,,,,,,,,,,,,2026-09-15T02:54:39.926389+00:00
scope1qzsv3ayr6peykhaxpv9my6e9qulqalqvw9,266268DD2BB2BB8CFC04021C92744F6BBA2F70C49C0DD6AE245939CC323392CA,2026-09-14T18:30:43.764503951Z,pb13knswfs6ack05wveq5nua7jgc5jnld3zg8xl52,pb1rrwuxd65chqed6t0c5z8z505daw0rvsveyl0eq,,,,,,,,,,,,,2026-09-15T02:54:41.048581+00:00
scope1qqjd0u6dsvwyxw94ycav08vfaqpsm3lmgf,FEF3E63A12DE9840AC7F298A06681A018CAF5C2A0A0B78A4B332F63FAFE870FA,2026-09-14T18:30:43.764503951Z,pb109v8r0nk4du3k7vw3yf5dt8cjnhp9dtmaqahaa,pb1rrwuxd65chqed6t0c5z8z505daw0rvsveyl0eq,,,,,,,,,,,,,2026-09-15T02:54:40.483593+00:00
scope1qqu275ah3u0yq9urhn2euvastftsp6zyh9,933681F32CBC733D9026E4E0E5E41BE71BC4CD6AAD4F8DD2E9867559EFA2D824,2026-09-14T18:30:35.047211695Z,pb1kx5k0nr068xhxgcmnzzef9523cxdcexlm3r29w,pb1rrwuxd65chqed6t0c5z8z505daw0rvsveyl0eq,,,,,,,,,,,,,2026-09-15T02:54:41.605182+00:00
scope1qz93r8hslq95re4xl9senac38gpqxhq9fw,1E89AC11F40D0B1E3F27B3524CB737F1BBC85FEC81EBDF446080711990C9B2B8,2026-09-14T18:30:30.531458888Z,pb1v3uda8qgxv69tx6wclsp0jn4n8xxa5h7gpt2jp,pb1rrwuxd65chqed6t0c5z8z505daw0rvsveyl0eq,,,,,,,,,,,,,2026-09-15T02:54:42.712912+00:00
scope1qr3srmzf3xs53k5psltgpfkzuncsukwpyg,C790D06C2508A3270E2885EC290A7D9FFE2FFA36F337E7754ACE8DEC949E3299,2026-09-14T18:30:30.531458888Z,pb1k38pa6rgnepcs592n4mvr3hxucw8tslprcmlvk,pb1rrwuxd65chqed6t0c5z8z505daw0rvsveyl0eq,,,,,,,,,,,,,2026-09-15T02:54:42.164566+00:00
scope1qq0rmyjfz7r5pz42lch87l87y0yqsygghl,FA8068FAC3415BFB3541AC0ACE66ED9BFB09E47CD07EA07DB7D4DA66CC970928,2026-09-14T18:30:26.216936755Z,pb1xvd4k9jg5h0d4dhzr4z0txtwe9p5zxf58xcmxd,pb1rrwuxd65chqed6t0c5z8z505daw0rvsveyl0eq,,,,,,,,,,,,,2026-09-15T02:54:43.269632+00:00
scope1qzvrwghn2wky43d2gxnsg0tqhtjqgdkjph,FA8068FAC3415BFB3541AC0ACE66ED9BFB09E47CD07EA07DB7D4DA66CC970928,2026-09-14T18:30:26.216936755Z,pb1xvd4k9jg5h0d4dhzr4z0txtwe9p5zxf58xcmxd,pb1rrwuxd65chqed6t0c5z8z505daw0rvsveyl0eq,,,,,,,,,,,,,2026-09-15T02:54:43.269573+00:00
scope1qz536j3asr45azvnrfyallsd0s2s0ehdth,A2671BB1A85BFAC216A3FBB50578027CFEED73396AC807E4DB3F17C797CD97AE,2026-09-14T18:28:54.915914115Z,pb1xvd4k9jg5h0d4dhzr4z0txtwe9p5zxf58xcmxd,pb1rrwuxd65chqed6t0c5z8z505daw0rvsveyl0eq,,,,,,,,,,,,,2026-09-15T02:54:43.819096+00:00
scope1qqhjcjfc5lnytyvt9pwsn9p2kwwq9smzna,C68E70F48B9F5600FE7579BE89D82EB402E0E27743FA2985B1558C5E9D0D5D98,2026-09-14T18:27:06.432644830Z,pb1xzl9wgh0ry2dma43f58vmuteqd3996j6mhqhgz,pb1rrwuxd65chqed6t0c5z8z505daw0rvsveyl0eq,,,,,,,,,,,,,2026-09-15T02:54:44.376764+00:00
scope1qq3t0p3h2pe5kgdltue9s2hsl7qsm3qwzn,79E72720BEF916B651F559D2B8107F6F759455C3675C6213E3DCA9D25D7308B1,2026-09-14T18:26:36.097369060Z,pb1awn7unm6pv3rd9s0wzg4vje357dn3pn8ua530c,pb1rrwuxd65chqed6t0c5z8z505daw0rvsveyl0eq,,,,,,,,,,,,,2026-09-15T02:54:44.933626+00:00
scope1qzhuq8s37pd5kkau6943rvch07lssea9jk,5AA667154B061FB986149CB362EA8A25624B0A6C229E3F1779FBEEF0D296C966,2026-09-14T18:25:35.151467054Z,pb13knswfs6ack05wveq5nua7jgc5jnld3zg8xl52,pb1rrwuxd65chqed6t0c5z8z505daw0rvsveyl0eq,,,,,,,,,,,,,2026-09-15T02:54:45.492314+00:00
scope1qql3p8cgprv5m9v2z6aj3ca902zque86a6,53B2AFA6805B91B0CA33782BB97F7220DADC89D322B64F5DA00ABAEEED22FE08,2026-09-14T18:25:30.682417134Z,pb1kx5k0nr068xhxgcmnzzef9523cxdcexlm3r29w,pb1rrwuxd65chqed6t0c5z8z505daw0rvsveyl0eq,,,,,,,,,,,,,2026-09-15T02:54:46.175054+00:00
scope1qpew3mtwm5ly77deu2a4gmpglzhqddgr8h,53B2AFA6805B91B0CA33782BB97F7220DADC89D322B64F5DA00ABAEEED22FE08,2026-09-14T18:25:30.682417134Z,pb1kx5k0nr068xhxgcmnzzef9523cxdcexlm3r29w,pb1rrwuxd65chqed6t0c5z8z505daw0rvsveyl0eq,,,,,,,,,,,,,2026-09-15T02:54:46.174989+00:00
scope1qq7m2j7cxr8yygd48qtvzuzmxdeqh58k0p,03F02D1B4C618D21175BE9CEF64EF302CC0DA50F67C19F46D41A5738A59DB787,2026-09-14T18:25:26.399218726Z,pb13knswfs6ack05wveq5nua7jgc5jnld3zg8xl52,pb1rrwuxd65chqed6t0c5z8z505daw0rvsveyl0eq,,,,,,,,,,,,,2026-09-15T02:54:46.730842+00:00
scope1qzalfqp3gx95vc4zm435u04nfegqs40qhw,17FD9EC1FDD66786B5BAD72DB3B8D265A330C42C7C0A51CDDF7BEEDE39AB5718,2026-09-14T18:25:22.107436410Z,pb1kx5k0nr068xhxgcmnzzef9523cxdcexlm3r29w,pb1rrwuxd65chqed6t0c5z8z505daw0rvsveyl0eq,,,,,,,,,,,,,2026-09-15T02:54:47.285313+00:00
scope1qr6xm5mgkds5wsazx8dd58jxmlws3vs6dv,49AC807B152FB2B537581631D7BB9C49D2072A24DA905A8B1874C9CEF2B6A3BC,2026-09-14T18:22:54.433288982Z,pb13knswfs6ack05wveq5nua7jgc5jnld3zg8xl52,pb1rrwuxd65chqed6t0c5z8z505daw0rvsveyl0eq,,,,,,,,,,,,,2026-09-15T02:54:47.846087+00:00
scope1qz7h40u2ml4y9uuxua9wz66kmh0q8z7hjl,A10C421A905684CE7AB600289B0B3E3C91FD5760993228667DBD44B2E6D12F9E,2026-09-14T18:22:45.902270754Z,pb1xvd4k9jg5h0d4dhzr4z0txtwe9p5zxf58xcmxd,pb1rrwuxd65chqed6t0c5z8z505daw0rvsveyl0eq,,,,,,,,,,,,,2026-09-15T02:54:48.397017+00:00
scope1qrchfd92naa5le93ckc4qfytf2ks0kvwzy,3BAD63E3BA79EE254FCB686A6A5A091EDCFA7F7291A997CF69F80BED75B38983,2026-09-14T18:20:31.540734532Z,pb1fmxzuzx5c4ja50vu94nt0aessnuedzmppde8qr,pb1rrwuxd65chqed6t0c5z8z505daw0rvsveyl0eq,,,,,,,,,,,,,2026-09-15T02:54:48.953335+00:00
scope1qzzmc9s7usg5g3534m2z4fqld2lsxfflzs,6C30FD81561E5E85BF3546C9865ED04FDB85BB1392E130D1057A454913654469,2026-09-14T18:20:22.814070601Z,pb1xvd4k9jg5h0d4dhzr4z0txtwe9p5zxf58xcmxd,pb1rrwuxd65chqed6t0c5z8z505daw0rvsveyl0eq,,,,,,,,,,,,,2026-09-15T02:54:50.072228+00:00
scope1qrehm9c7m3ryurvtecekv4smtwpq2sd5md,F7CAC8960401FE8150708943AA31F801EE34676E6362F8CA643CDAA576D9803B,2026-09-14T18:20:22.814070601Z,pb13knswfs6ack05wveq5nua7jgc5jnld3zg8xl52,pb1rrwuxd65chqed6t0c5z8z505daw0rvsveyl0eq,,,,,,,,,,,,,2026-09-15T02:54:49.509171+00:00
scope1qrf95rppex0yeeymyfwwhkq0e6zqf23tlg,B58389BC5649ABA62EA70C811179388A92D328446AD43C3CE22DE3E808109F9D,2026-09-14T18:19:48.132922534Z,pb1xvd4k9jg5h0d4dhzr4z0txtwe9p5zxf58xcmxd,pb1rrwuxd65chqed6t0c5z8z505daw0rvsveyl0eq,,,,,,,,,,,,,2026-09-15T02:54:50.626218+00:00
scope1qz80txpusesy0rd3v6a2x62q2r8qjcwgjf,A4DECA5715A1EDA55D3ED3DF24A2D96F6ECE0EDF3C9CF1E7623314B14546EEFC,2026-09-14T18:18:38.569627560Z,pb1xvd4k9jg5h0d4dhzr4z0txtwe9p5zxf58xcmxd,pb1rrwuxd65chqed6t0c5z8z505daw0rvsveyl0eq,,,,,,,,,,,,,2026-09-15T02:54:51.181697+00:00
scope1qpxnnk35xqzyt64ln5ne5jpgp3pq5yvs8h,C3A3EC715875973EE6FE41F4B4C7DAF6C7DDC40563FEFA1567E6CED64974AF52,2026-09-14T18:18:34.266618945Z,pb13knswfs6ack05wveq5nua7jgc5jnld3zg8xl52,pb1rrwuxd65chqed6t0c5z8z505daw0rvsveyl0eq,,,,,,,,,,,,,2026-09-15T02:54:51.733852+00:00
scope1qrtvuzh9dlfy3uadnt4etjr6d5rqwm4g2t,2AB431B8E9E27E8678315546C8E8186ADB3E89C1FB81F31A5C5CB920F82537E8,2026-09-14T18:18:21.258576863Z,pb1kx5k0nr068xhxgcmnzzef9523cxdcexlm3r29w,pb1rrwuxd65chqed6t0c5z8z505daw0rvsveyl0eq,,,,,,,,,,,,,2026-09-15T02:54:52.287566+00:00
scope1qzffx3rajfty24vydhhkmkqhcdmqq6ctg6,2FF62203FC6E2E79E1CA9AD316237C09B51E2BE554866FB5DF3B7D72BDC7B1E0,2026-09-14T18:15:27.985598006Z,pb1xvd4k9jg5h0d4dhzr4z0txtwe9p5zxf58xcmxd,pb1rrwuxd65chqed6t0c5z8z505daw0rvsveyl0eq,,,,,,,,,,,,,2026-09-15T02:54:52.854325+00:00
scope1qqtygvwsac8yst4g48rwuqyy74hshsdykc,2FF62203FC6E2E79E1CA9AD316237C09B51E2BE554866FB5DF3B7D72BDC7B1E0,2026-09-14T18:15:27.985598006Z,pb1xvd4k9jg5h0d4dhzr4z0txtwe9p5zxf58xcmxd,pb1rrwuxd65chqed6t0c5z8z505daw0rvsveyl0eq,,,,,,,,,,,,,2026-09-15T02:54:52.854264+00:00
scope1qr9j6llkjeg5ytagu6dvzmkt5hcq45u875,960ABF4B904190D4DEBC874143B9BB1463A55B23B88285216F18789B6750C3CB,2026-09-14T18:15:23.539226433Z,pb1589kxggzm5sd82dzre47zpp9wjnr4fr229srtj,pb1rrwuxd65chqed6t0c5z8z505daw0rvsveyl0eq,,,,,,,,,,,,,2026-09-15T02:54:53.409180+00:00
scope1qq4nar42duuye545kr46grtlsj8qypa7lx,CFF436E86792A8B4CA4DF066EA86A43B22075EFCDB3E6613728CC5BBF9CDF78F,2026-09-14T18:15:18.917425718Z,pb1xvd4k9jg5h0d4dhzr4z0txtwe9p5zxf58xcmxd,pb1rrwuxd65chqed6t0c5z8z505daw0rvsveyl0eq,,,,,,,,,,,,,2026-09-15T02:54:53.970724+00:00
scope1qpu5ljnjqxdykldt2vn4ga9tglcq0d53cj,E9F0C2C7262FCF817B51234AC0AB4729541CDD999CDB1B901468C7DEBE457D95,2026-09-14T18:13:34.850525780Z,pb1awn7unm6pv3rd9s0wzg4vje357dn3pn8ua530c,pb1rrwuxd65chqed6t0c5z8z505daw0rvsveyl0eq,,,,,,,,,,,,,2026-09-15T02:54:54.532047+00:00
scope1qz4g2lyrmkgy4xdxknf66m552yxsq6gehk,D4E17CD483340ADE351A35E5CE8F77508CE55BDBDE498A3A719AC23FB7DA0804,2026-09-14T18:13:30.520528309Z,pb1k38pa6rgnepcs592n4mvr3hxucw8tslprcmlvk,pb1rrwuxd65chqed6t0c5z8z505daw0rvsveyl0eq,,,,,,,,,,,,,2026-09-15T02:54:55.091715+00:00
scope1qrg6jenum9p5a4v5xdx84ym9alwqfxkr3k,466D94CB54BBFBD8032DAA2652CEEDE301FED051204D1416B24EF26DE2433DB4,2026-09-14T18:11:55.317390119Z,pb1k38pa6rgnepcs592n4mvr3hxucw8tslprcmlvk,pb1rrwuxd65chqed6t0c5z8z505daw0rvsveyl0eq,,,,,,,,,,,,,2026-09-15T02:54:55.642357+00:00
scope1qzfgp88g5gky6yu6g0aprzcy2uxsuxud5m,FE18B62BC517CE7499CA7D4AAA234EB5139A8F1912CFAEAE64443B2C27C8A657,2026-09-14T18:10:24.545237568Z,pb1kx5k0nr068xhxgcmnzzef9523cxdcexlm3r29w,pb1rrwuxd65chqed6t0c5z8z505daw0rvsveyl0eq,,,,,,,,,,,,,2026-09-15T02:54:56.206672+00:00
scope1qpccwdwds5j5wg9y2v6xssnqm54qkshqx5,FE18B62BC517CE7499CA7D4AAA234EB5139A8F1912CFAEAE64443B2C27C8A657,2026-09-14T18:10:24.545237568Z,pb1kx5k0nr068xhxgcmnzzef9523cxdcexlm3r29w,pb1rrwuxd65chqed6t0c5z8z505daw0rvsveyl0eq,,,,,,,,,,,,,2026-09-15T02:54:56.206615+00:00
scope1qzed8v4v24dyq3vlzn6ksr7y2dus2qplyv,64C72653D928B70DAACD2262B98ED2416AF2D253FCD3BFCCDC2FDA3BA62BFD80,2026-09-14T18:10:20.217636626Z,pb1k38pa6rgnepcs592n4mvr3hxucw8tslprcmlvk,pb1rrwuxd65chqed6t0c5z8z505daw0rvsveyl0eq,,,,,,,,,,,,,2026-09-15T02:55:10.983164+00:00
scope1qzpczhp8mhk53yazk83qu04rv90q56t6hr,2D243D04BB24E6271C19ABCDDB5991EC7CE963A04E2529C5E340B2045AE5700A,2026-09-14T18:09:19.369867829Z,pb1gpkulw7lfs850speyf4f4yxtcdxx2punyr8ld3,pb1rrwuxd65chqed6t0c5z8z505daw0rvsveyl0eq,,,,,,,,,,,,,2026-09-15T02:55:11.538926+00:00
scope1qz0fywwnu2eyx2567s0grn84x2aq5gmnrg,859319370494D2A72F3B096BAF26396535CFB0BB90B4B5B88F3D1169D02E5472,2026-09-14T18:05:33.309635426Z,pb14kg4dqa8dalz3x5r8gfugtekyjzv47ujaewx3j,pb1rrwuxd65chqed6t0c5z8z505daw0rvsveyl0eq,,,,,,,,,,,,,2026-09-15T02:55:12.089980+00:00
scope1qzujpeqmut05nkazratdg5j4ss4s039k2p,3D1D88A537C393F08EEA154E91B63453489AB4D31717CABE757A55862B0760D3,2026-09-14T18:05:24.687316161Z,pb1xvd4k9jg5h0d4dhzr4z0txtwe9p5zxf58xcmxd,pb1rrwuxd65chqed6t0c5z8z505daw0rvsveyl0eq,,,,,,,,,,,,,2026-09-15T02:55:12.648510+00:00
scope1qpmwxjf0spu5a3u4mxwuplr33jlsfrgh8z,6EADC859C90652A46997136E9219F90E12E620D3FCAFEEC5702D1A9DD2E7BADC,2026-09-14T18:05:20.373422914Z,pb1awn7unm6pv3rd9s0wzg4vje357dn3pn8ua530c,pb1rrwuxd65chqed6t0c5z8z505daw0rvsveyl0eq,,,,,,,,,,,,,2026-09-15T02:55:13.199030+00:00
scope1qrfh3f2g8335xnd6clcag6vl690smzalzk,3AA0B0B0A15B0B62F9772690D47A5C8453C84F3081BE4A625B6E87977B38DAC2,2026-09-14T18:05:15.862784996Z,pb1xvd4k9jg5h0d4dhzr4z0txtwe9p5zxf58xcmxd,pb1rrwuxd65chqed6t0c5z8z505daw0rvsveyl0eq,,,,,,,,,,,,,2026-09-15T02:55:14.314718+00:00
scope1qqt6qmclex8yum4l4k5vklnrzfjqnuw7ql,3612DD4F8DCD7CDA28FD3716454B65BB643154E286EEE298C139D7E42519F044,2026-09-14T18:05:15.862784996Z,pb1kx5k0nr068xhxgcmnzzef9523cxdcexlm3r29w,pb1rrwuxd65chqed6t0c5z8z505daw0rvsveyl0eq,,,,,,,,,,,,,2026-09-15T02:55:13.761406+00:00
scope1qz97y2se2nmyvtu4cpps9ng7nnxqyjv5za,4D4F492C1FDEAC65A9703B15A549F4A056E3A03873C7A30F2C684D287B1FB0DE,2026-09-14T18:00:21.131014150Z,pb1xvd4k9jg5h0d4dhzr4z0txtwe9p5zxf58xcmxd,pb1rrwuxd65chqed6t0c5z8z505daw0rvsveyl0eq,,,,,,,,,,,,,2026-09-15T02:55:14.871981+00:00
scope1qz3ew8x3yh8y2hu59ydy2djx370qemghva,09059B8C432D16959B0066B19C292DB89B9F3D7CC3A1941738CBBBF807DE9861,2026-09-14T17:58:40.946772289Z,pb18ahv649kg2lfxs786zmpzepn0mhdrafk4fn7df,pb1rrwuxd65chqed6t0c5z8z505daw0rvsveyl0eq,,,,,,,,,,,,,2026-09-15T02:55:15.431705+00:00
scope1qq2m6tu0ky45k3dzm9ugt9hg2vksj7r4vy,FCD30F1BA2ECCB7000A964FD62F26F6DF4B0943932CFA55CC37C8199441BF893,2026-09-14T17:57:18.832744535Z,pb1xvd4k9jg5h0d4dhzr4z0txtwe9p5zxf58xcmxd,pb1rrwuxd65chqed6t0c5z8z505daw0rvsveyl0eq,,,,,,,,,,,,,2026-09-15T02:55:15.984415+00:00
scope1qz7r5f28vna5f8v8hkz4suxrv06sc467n5,56D2F400E802A4E0C11942B505EB80D897F73856AF821D2F915E677F059C0840,2026-09-14T17:55:34.690915684Z,pb1xvd4k9jg5h0d4dhzr4z0txtwe9p5zxf58xcmxd,pb1rrwuxd65chqed6t0c5z8z505daw0rvsveyl0eq,,,,,,,,,,,,,2026-09-15T02:55:16.539888+00:00
scope1qqztedfudvryacas95rjuxe9yypstdycnt,29B1AED41F98798F1E66205C90B0979FFF81C3B210E94649D0F65C542CACBD31,2026-09-14T17:55:25.867312286Z,pb1kx5k0nr068xhxgcmnzzef9523cxdcexlm3r29w,pb1rrwuxd65chqed6t0c5z8z505daw0rvsveyl0eq,,,,,,,,,,,,,2026-09-15T02:55:17.658422+00:00
scope1qr62vrytrse5695scfqkxn52zpeqwk2l30,BC5B5ACAB927C3080774C10E3A94DDC5766BC0B6CE5216734779EF9B20ACB772,2026-09-14T17:55:25.867312286Z,pb13knswfs6ack05wveq5nua7jgc5jnld3zg8xl52,pb1rrwuxd65chqed6t0c5z8z505daw0rvsveyl0eq,,,,,,,,,,,,,2026-09-15T02:55:17.104551+00:00
scope1qpfq7edlukx5899umkrdyeda4cysrrmamj,85C6D03C244802DC654165156F069912438026810F96244128EE8BE6ACFE3E49,2026-09-14T17:55:21.435859117Z,pb1kx5k0nr068xhxgcmnzzef9523cxdcexlm3r29w,pb1rrwuxd65chqed6t0c5z8z505daw0rvsveyl0eq,,,,,,,,,,,,,2026-09-15T02:55:18.770897+00:00
scope1qqd6yu77rdd5uyyytzfugxzr5j0sq05vr7,27E2E964DD3B09CBE1D9801F07CBA295A4E1ABBD297D9DF2622100ECC4C64FE0,2026-09-14T17:55:21.435859117Z,pb1awn7unm6pv3rd9s0wzg4vje357dn3pn8ua530c,pb1rrwuxd65chqed6t0c5z8z505daw0rvsveyl0eq,,,,,,,,,,,,,2026-09-15T02:55:18.212670+00:00
scope1qrmec6wm8645w2vz4kq4nvkdtuds6kzznk,9D4DFD8BAAF2C5EBAE82E326CE95BDBEF96232FE89DA55DE26404D6FB6682515,2026-09-14T17:54:38.235144670Z,pb1xvd4k9jg5h0d4dhzr4z0txtwe9p5zxf58xcmxd,pb1rrwuxd65chqed6t0c5z8z505daw0rvsveyl0eq,,,,,,,,,,,,,2026-09-15T02:55:19.317273+00:00
scope1qp3lkk6pk54yead77kzvcdh749fqwcxnm8,2BB6624D5D0B44CE862DF923C18F7245055568D3AD5283E0B218A3714A94FEC9,2026-09-14T17:53:06.247411502Z,pb1xvd4k9jg5h0d4dhzr4z0txtwe9p5zxf58xcmxd,pb1rrwuxd65chqed6t0c5z8z505daw0rvsveyl0eq,,,,,,,,,,,,,2026-09-15T02:55:19.878175+00:00
scope1qrctpuudak45jhdsfwq5ad9wnlkq497l6l,E9357525CA5750844D2FEE78E9A6798AF4ADE8BAEBD3F165AB1C021C2DBFE532,2026-09-14T17:50:28.571564659Z,pb13knswfs6ack05wveq5nua7jgc5jnld3zg8xl52,pb1rrwuxd65chqed6t0c5z8z505daw0rvsveyl0eq,,,,,,,,,,,,,2026-09-15T02:55:20.429929+00:00
scope1qzrr8gdjktxyg856as4d0t2m3jyscvlpkv,FA9CC26E2196B84B8C11000ACBC3F455B12AE89A51C98C85641D3BDF2628084C,2026-09-14T17:50:24.216509610Z,pb1xvd4k9jg5h0d4dhzr4z0txtwe9p5zxf58xcmxd,pb1rrwuxd65chqed6t0c5z8z505daw0rvsveyl0eq,,,,,,,,,,,,,2026-09-15T02:55:20.983100+00:00
scope1qrgvjaz0t8k5xt9jqef6td3ujxnqqpdc3d,80F6F480CFBB760319C8F6640FAA10F6A590E39D2E0DF4CD127B4FB0216E1C16,2026-09-14T17:49:18.799452Z,pb1fmxzuzx5c4ja50vu94nt0aessnuedzmppde8qr,pb1rrwuxd65chqed6t0c5z8z505daw0rvsveyl0eq,,,,,,,,,,,,,2026-09-15T02:55:21.557036+00:00
scope1qp8kyte2pkv5q0dl9me04gtf6atqxk966q,2D4718C6DD2EA8F461ADD750B60A5FD85739C1DF29E57394E67324E011C50495,2026-09-14T17:47:24.298492961Z,pb1xvd4k9jg5h0d4dhzr4z0txtwe9p5zxf58xcmxd,pb1rrwuxd65chqed6t0c5z8z505daw0rvsveyl0eq,,,,,,,,,,,,,2026-09-15T02:55:22.104303+00:00
scope1qr6qmf0mf8xyzxaz3kxeexur3qqsz067ak,195DB770CA355A99DD343C15422BBA94E3C9479DCC34E7B7BB619F9C3D82EB6C,2026-09-14T17:45:48.634160630Z,pb1xvd4k9jg5h0d4dhzr4z0txtwe9p5zxf58xcmxd,pb1rrwuxd65chqed6t0c5z8z505daw0rvsveyl0eq,,,,,,,,,,,,,2026-09-15T02:55:22.665486+00:00
scope1qpg5l4w5vz2yre4qtxucsclchhjq4wmaey,38B183BDFE1BCAEC7EE964482EF8382C795AB8FE71FDF3BE20B144DDA2D47192,2026-09-14T17:45:35.611780143Z,pb16j3hxhr0m56h9u9ptdtz2qpmtd7333f77h64m6,pb1rrwuxd65chqed6t0c5z8z505daw0rvsveyl0eq,,,,,,,,,,,,,2026-09-15T02:55:23.786217+00:00
scope1qql9gna5ap45ttyjhfge9xydx2wqteqr7f,E4D6551F427DFAAB1F9D900C266991F84DF93BF55FFDCDFE8CE8052CCF5FADD7,2026-09-14T17:45:35.611780143Z,pb1q4ffj426hu5fj0h7muy2h7hj6sqmqe7vz67245,pb1rrwuxd65chqed6t0c5z8z505daw0rvsveyl0eq,,,,,,,,,,,,,2026-09-15T02:55:23.221886+00:00
scope1qr3l8zkft9d5tz9y7zsf2d7fsjpqsws2n0,4FE88A664EAA276266A726462BC5101A059F8B0A593D4D845818781346B85026,2026-09-14T17:45:31.288208371Z,pb1kx5k0nr068xhxgcmnzzef9523cxdcexlm3r29w,pb1rrwuxd65chqed6t0c5z8z505daw0rvsveyl0eq,,,,,,,,,,,,,2026-09-15T02:55:24.363657+00:00
scope1qrr49nfc507y82yaeexgfzmsxwuq20qdud,AB921AAD71C53AE13ED4488715F08A11E1B65490A19B92879D73C83E25F34179,2026-09-14T17:45:22.264071565Z,pb1k38pa6rgnepcs592n4mvr3hxucw8tslprcmlvk,pb1rrwuxd65chqed6t0c5z8z505daw0rvsveyl0eq,,,,,,,,,,,,,2026-09-15T02:55:25.488029+00:00
scope1qp82ughfdkjyz4ul4gwakzuafxmql3jwee,4505A27A3A750D01514059A5EACB38600401AB1A29712D6EBAE8A1832B8754D5,2026-09-14T17:45:22.264071565Z,pb1xvd4k9jg5h0d4dhzr4z0txtwe9p5zxf58xcmxd,pb1rrwuxd65chqed6t0c5z8z505daw0rvsveyl0eq,,,,,,,,,,,,,2026-09-15T02:55:24.928277+00:00
scope1qpfscdyg0e8y7l96auftcpq7g5fs5rj6jd,DD4D3A6606F27930F931A3CCB20AE49AC7A62E594FB4CBE0C459EF03B1498BF8,2026-09-14T17:45:04.872843032Z,pb1xvd4k9jg5h0d4dhzr4z0txtwe9p5zxf58xcmxd,pb1rrwuxd65chqed6t0c5z8z505daw0rvsveyl0eq,,,,,,,,,,,,,2026-09-15T02:55:26.043048+00:00
scope1qpyxkazr7rdy33a2p8ywe76qhftsv6k8da,94DFC8E97E5BCB7EC433FD5434AE827F019A2EA6FC880C0EAB16D2DB9A8ECF97,2026-09-14T17:44:29.700324272Z,pb134yg6h3g0vjq9ct2lpmx6sdxv3yuz942wrpxuu,pb1rrwuxd65chqed6t0c5z8z505daw0rvsveyl0eq,,,,,,,,,,,,,2026-09-15T02:55:26.608998+00:00
scope1qzndx65m5pny9pvd74fqlav0w38sh4ktyg,9EF97FE8C5D47DF39C95BFC1E4A5D8BF930D8235198B68CF427EDF649AC54A54,2026-09-14T17:44:07.749427796Z,pb1xvd4k9jg5h0d4dhzr4z0txtwe9p5zxf58xcmxd,pb1rrwuxd65chqed6t0c5z8z505daw0rvsveyl0eq,,,,,,,,,,,,,2026-09-15T02:55:27.173336+00:00
scope1qq4jfdxldhnyjjdnae2j9nh7jmequ55l95,1B8920EEA30656673221CCD8CE4C6507BCD4337DA080534ED3D246353860440B,2026-09-14T17:43:50.637593013Z,pb13knswfs6ack05wveq5nua7jgc5jnld3zg8xl52,pb1rrwuxd65chqed6t0c5z8z505daw0rvsveyl0eq,,,,,,,,,,,,,2026-09-15T02:55:27.732982+00:00
scope1qppfmth2t3n5pm5ceqq064vexzrsk8r949,60A3A3B318C2CE019B39017AFC29A71F32BF2B995B8EC3A10E6D47925A03013E,2026-09-14T17:43:06.666331194Z,pb1xvd4k9jg5h0d4dhzr4z0txtwe9p5zxf58xcmxd,pb1rrwuxd65chqed6t0c5z8z505daw0rvsveyl0eq,,,,,,,,,,,,,2026-09-15T02:55:28.289726+00:00
scope1qpecxtkcnxsydx49j463j3vcsrds5m567y,9DBFD1B646A9EE05B1C233CB22D0CB674A98BB293CE9131C163E72E9E6A40711,2026-09-14T17:41:08.970775892Z,pb1j5n8r23euphx7medsslqwhpyxsksh5ajtldcql,pb1rrwuxd65chqed6t0c5z8z505daw0rvsveyl0eq,,,,,,,,,,,,,2026-09-15T02:55:28.858067+00:00
scope1qpu4drxj8kay0tv32kgqth6c08zsywgwdl,61C1719D1BAA4AEE0D33D58D685F3256E44A2EC33E312BECE8DD75D66E422F2C,2026-09-14T17:41:00.097891037Z,pb1xvd4k9jg5h0d4dhzr4z0txtwe9p5zxf58xcmxd,pb1rrwuxd65chqed6t0c5z8z505daw0rvsveyl0eq,,,,,,,,,,,,,2026-09-15T02:55:29.423846+00:00
scope1qq5znr2dzsw5tqvfkdxltyq6r3hqpkfpad,54861501383D417DB11A51EDA28A838DD5EA1F4B61CDD7E77BF336A218DC3F20,2026-09-14T17:40:46.930683136Z,pb124wek8vukun3wgtvg8g6qk8ghrjpdpw0gwqngv,pb1rrwuxd65chqed6t0c5z8z505daw0rvsveyl0eq,,,,,,,,,,,,,2026-09-15T02:55:29.990704+00:00
scope1qpxsf4m5v3m5rdvy3h6zlle3fqas99ecfd,1F9C6DE7FDB8619819CA4B81792717F56060AF44DCE6E472B8B91157F67E57F6,2026-09-14T17:40:42.490911843Z,pb1qqzphpm5wlnere7ctv65zef82vgfjq2vppvefg,pb1rrwuxd65chqed6t0c5z8z505daw0rvsveyl0eq,,,,,,,,,,,,,2026-09-15T02:55:30.552182+00:00
scope1qzvevs3d7wn5x95n8mv3d3eagztsd8z575,67FCB9EBB03D60337B6102BABC1D0C365AB179B2142EF3EF703529BFDA1FD191,2026-09-14T17:40:33.623966906Z,pb1xvd4k9jg5h0d4dhzr4z0txtwe9p5zxf58xcmxd,pb1rrwuxd65chqed6t0c5z8z505daw0rvsveyl0eq,,,,,,,,,,,,,2026-09-15T02:55:31.114540+00:00
scope1qpdcc7nurjpyd0dpxqlps5ht2hvqsg6077,56C32B9AEFAB76089B99FCBBF0C64E337D28C8788BA9AFB49C6066AF3AB7FD5C,2026-09-14T17:40:29.312222717Z,pb1kx5k0nr068xhxgcmnzzef9523cxdcexlm3r29w,pb1rrwuxd65chqed6t0c5z8z505daw0rvsveyl0eq,,,,,,,,,,,,,2026-09-15T02:55:31.674744+00:00
scope1qrdtxtnxhxqya75jael4qm2yd0rsns3vwj,35CBA324BAB011FDC134B1EE51B504C5F29317CC9F2D14736A60FDCD0B49D39C,2026-09-14T17:40:16.052032036Z,pb1xvd4k9jg5h0d4dhzr4z0txtwe9p5zxf58xcmxd,pb1rrwuxd65chqed6t0c5z8z505daw0rvsveyl0eq,,,,,,,,,,,,,2026-09-15T02:55:32.235251+00:00
scope1qr9dsmu3wehyqa4q4w968c88grnqg0y2xz,0C09AC5F26F2B6D98D488DEB317B173031E38B5E59242C5D39A36FDEA3A2FB5A,2026-09-14T17:39:45.569145420Z,pb1xvd4k9jg5h0d4dhzr4z0txtwe9p5zxf58xcmxd,pb1rrwuxd65chqed6t0c5z8z505daw0rvsveyl0eq,,,,,,,,,,,,,2026-09-15T02:55:32.799995+00:00
scope1qrxlfp2jayt5ua9422nw5llhzhdq77a2g7,493E3AE7179630BBB89AA4E0C16A8BDA65E2C739AE57FE7F1565CD0900A82AF8,2026-09-14T17:38:31.358967103Z,pb1xvd4k9jg5h0d4dhzr4z0txtwe9p5zxf58xcmxd,pb1rrwuxd65chqed6t0c5z8z505daw0rvsveyl0eq,,,,,,,,,,,,,2026-09-15T02:55:33.359032+00:00
scope1qzlhrkp2gfzy449yh06cs8ur8ddquuxpga,AE7FA2CA0CD4E3AB2DF553DBB93EE5114E8429D7E966C2DC154F80154DB6E8CC,2026-09-14T17:38:00.640328955Z,pb1xvd4k9jg5h0d4dhzr4z0txtwe9p5zxf58xcmxd,pb1rrwuxd65chqed6t0c5z8z505daw0rvsveyl0eq,,,,,,,,,,,,,2026-09-15T02:55:33.920006+00:00
scope1qqe4myykfakyrwuzltnmkm58jvlsxzdjgg,92CBDC271D42D3AFB5E08910607B506851E9879D21C84AC989E54262ECC0DC0A,2026-09-14T17:37:56.145556012Z,pb1xvd4k9jg5h0d4dhzr4z0txtwe9p5zxf58xcmxd,pb1rrwuxd65chqed6t0c5z8z505daw0rvsveyl0eq,,,,,,,,,,,,,2026-09-15T02:55:34.476878+00:00
scope1qqcza90ncv556pv46qhn7zrg2hhq4psdph,0AEFEE46A3D2E7F6CC83351F746CDC573A7B54CC6A2DE72821DDB1AA8B02B66F,2026-09-14T17:37:08.220834538Z,pb1kx5k0nr068xhxgcmnzzef9523cxdcexlm3r29w,pb1rrwuxd65chqed6t0c5z8z505daw0rvsveyl0eq,,,,,,,,,,,,,2026-09-15T02:55:35.037941+00:00
scope1qqryuwy9v0jydhvmgtdxjjllj0tsqq04g8,4D50322D617B65EDBD2E47293DEC24170105BFC5E97ACB6EE89838CA551101E6,2026-09-14T17:35:45.396132113Z,pb13knswfs6ack05wveq5nua7jgc5jnld3zg8xl52,pb1rrwuxd65chqed6t0c5z8z505daw0rvsveyl0eq,,,,,,,,,,,,,2026-09-15T02:55:35.595342+00:00
scope1qr5agktw2t7yg2u6860xlsh53cdqurwr9d,054E42B48A2E2A7A32A2918518C1ED0126A3B7135631E3654F8856660EDADE21,2026-09-14T17:35:40.996980071Z,pb1kx5k0nr068xhxgcmnzzef9523cxdcexlm3r29w,pb1rrwuxd65chqed6t0c5z8z505daw0rvsveyl0eq,,,,,,,,,,,,,2026-09-15T02:55:36.152318+00:00
scope1qq8nc2mm9wkyj4aw4srng2qh52vsdxf0ga,3E2FB9F77BBC25360436D107944717CB7CDA42E2E0884B4182148A8F8C4A7B0F,2026-09-14T17:35:27.956408472Z,pb1qjxvmds5pwjt3zursu967phrlf29ndtqr82r4e,pb1rrwuxd65chqed6t0c5z8z505daw0rvsveyl0eq,,,,,,,,,,,,,2026-09-15T02:55:37.284509+00:00
scope1qravfnhwkkg5cyvds0kf3prx5hwqgldy98,5F35104017021689788526F49925EC61996FD87D1D50EF9A33135A64B7BC0523,2026-09-14T17:35:27.956408472Z,pb16j3hxhr0m56h9u9ptdtz2qpmtd7333f77h64m6,pb1rrwuxd65chqed6t0c5z8z505daw0rvsveyl0eq,,,,,,,,,,,,,2026-09-15T02:55:36.733405+00:00
scope1qr8tpxzu2x9y22d792sf0s08qmrqqym8ht,2505D894FBFEAE766DB910C844CDBA10BDFAC6605DBFB545E253230FE12C7A1D,2026-09-14T17:35:23.561606965Z,pb13knswfs6ack05wveq5nua7jgc5jnld3zg8xl52,pb1rrwuxd65chqed6t0c5z8z505daw0rvsveyl0eq,,,,,,,,,,,,,2026-09-15T02:55:37.842318+00:00
scope1qzn58yuf6af5fvumrddn9jv54hmqydqya4,57E1896D35AF7EB3978EFE2D7ADFF32F457006B401E31FD74D5A222486601E6C,2026-09-14T17:33:38.639439045Z,pb1xvd4k9jg5h0d4dhzr4z0txtwe9p5zxf58xcmxd,pb1rrwuxd65chqed6t0c5z8z505daw0rvsveyl0eq,,,,,,,,,,,,,2026-09-15T02:55:38.396291+00:00
scope1qq530p2hctuyzrdhxeushr0za59s6yqh38,3755FBEE358A589AE449B6326F3EC553C3992301152E495CFD6815CFA060C525,2026-09-14T17:33:34.310280839Z,pb1urn5mj5trz3m24qf8fj73udy55gla6eunt4ha4,pb1rrwuxd65chqed6t0c5z8z505daw0rvsveyl0eq,,,,,,,,,,,,,2026-09-15T02:55:38.953986+00:00
scope1qr5vtq0rf04540uw77cjhz7zlnps9glzz3,9E8123DA54841A27E46DD36C7AC19195AB2F392B1D3DFF9D8FC460D09A5B7D10,2026-09-14T17:30:34.569733752Z,pb14ep8k6jtc338c00t9khyrydpw7vywagdzqntwz,pb1rrwuxd65chqed6t0c5z8z505daw0rvsveyl0eq,,,,,,,,,,,,,2026-09-15T02:55:39.507260+00:00
scope1qrcwwh4dde6ymduyft3k65k2ct9sj90duc,6470103EC6A61BAB574398675D92B3532572D90DE6AAA4EAAC23990A7C4846D3,2026-09-14T17:30:30.228370804Z,pb1q4ffj426hu5fj0h7muy2h7hj6sqmqe7vz67245,pb1rrwuxd65chqed6t0c5z8z505daw0rvsveyl0eq,,,,,,,,,,,,,2026-09-15T02:55:40.074214+00:00
scope1qzvdm70h0ws5e2ujfpe73y7apmaqmypeek,89278E596182B0866C1EE92A67F3E9A9F09047448FBC39658DD9204CB45BE016,2026-09-14T17:27:39.396976501Z,pb1v3uda8qgxv69tx6wclsp0jn4n8xxa5h7gpt2jp,pb1rrwuxd65chqed6t0c5z8z505daw0rvsveyl0eq,,,,,,,,,,,,,2026-09-15T02:55:40.624580+00:00
scope1qzyxpy8azs3595yf3j5z5v3hf0vq0cyywc,496944780E0D537EC9FB38BD057C1E27AA2F9668CAB862D9AF453EEF15EF8225,2026-09-14T17:27:30.823444640Z,pb1xvd4k9jg5h0d4dhzr4z0txtwe9p5zxf58xcmxd,pb1rrwuxd65chqed6t0c5z8z505daw0rvsveyl0eq,,,,,,,,,,,,,2026-09-15T02:55:41.188321+00:00
scope1qzfn3mlvtl75pjv7eskp6x20s77qepcnrz,51D2B8CA0522E8DF0BECFD9E90D3471179703B346D21DA4AAE604F4BC51FFE52,2026-09-14T17:26:46.981185847Z,pb1k38pa6rgnepcs592n4mvr3hxucw8tslprcmlvk,pb1rrwuxd65chqed6t0c5z8z505daw0rvsveyl0eq,,,,,,,,,,,,,2026-09-15T02:55:41.795262+00:00
scope1qqlmv4h2k2d5yv5h6506zc8a57asjtl0k8,3BAD9C11378A60D98ACEE3D61DFDBE9FA90397040AFB6E15F58E30A5E81A70F1,2026-09-14T17:26:29.445615197Z,pb1xvd4k9jg5h0d4dhzr4z0txtwe9p5zxf58xcmxd,pb1rrwuxd65chqed6t0c5z8z505daw0rvsveyl0eq,,,,,,,,,,,,,2026-09-15T02:55:42.353289+00:00
scope1qzdglsxtzdeyavauwwgycckp7r6s6yl3uf,6B5460971981949B7EBDBA839CBD332AC8D413EEC3F7225E3278C1E4D098F868,2026-09-14T17:25:59.213529421Z,pb1xvd4k9jg5h0d4dhzr4z0txtwe9p5zxf58xcmxd,pb1rrwuxd65chqed6t0c5z8z505daw0rvsveyl0eq,,,,,,,,,,,,,2026-09-15T02:55:42.923316+00:00
scope1qrl04stlah0yzt5pkv2yrr2ehekqfd0pg5,6B5460971981949B7EBDBA839CBD332AC8D413EEC3F7225E3278C1E4D098F868,2026-09-14T17:25:59.213529421Z,pb1xvd4k9jg5h0d4dhzr4z0txtwe9p5zxf58xcmxd,pb1rrwuxd65chqed6t0c5z8z505daw0rvsveyl0eq,,,,,,,,,,,,,2026-09-15T02:55:42.923303+00:00
scope1qp3pztnq3dzyzquw2knguza4u6cqa0rzc4,6B5460971981949B7EBDBA839CBD332AC8D413EEC3F7225E3278C1E4D098F868,2026-09-14T17:25:59.213529421Z,pb1xvd4k9jg5h0d4dhzr4z0txtwe9p5zxf58xcmxd,pb1rrwuxd65chqed6t0c5z8z505daw0rvsveyl0eq,,,,,,,,,,,,,2026-09-15T02:55:42.923231+00:00
scope1qznry6sx8d85zk9q65jtfwejtk2qtpf9ju,994E061613F94DDCC69E5DAEE987ACA10E1E48E8642EC8DB5F448DE653FD671D,2026-09-14T17:23:16.723041494Z,pb1xvd4k9jg5h0d4dhzr4z0txtwe9p5zxf58xcmxd,pb1rrwuxd65chqed6t0c5z8z505daw0rvsveyl0eq,,,,,,,,,,,,,2026-09-15T02:55:43.483503+00:00
scope1qrgnykg0jyeygz9402rl3acnt5hqnj2trj,9C91113470F3FE22D5379B274E8DB198B58DF1F698A9CE811CF08F913714BF9E,2026-09-14T17:23:03.711209017Z,pb1k38pa6rgnepcs592n4mvr3hxucw8tslprcmlvk,pb1rrwuxd65chqed6t0c5z8z505daw0rvsveyl0eq,,,,,,,,,,,,,2026-09-15T02:55:44.040391+00:00
scope1qq6f36m05a2yqu5mfu8uf0q0yymq7e4ves,C3797FFC8407ED03BA661B1E8D8F403925F1C85150114AD95A2DB6757C8FD53E,2026-09-14T17:21:42.092566706Z,pb13knswfs6ack05wveq5nua7jgc5jnld3zg8xl52,pb1rrwuxd65chqed6t0c5z8z505daw0rvsveyl0eq,,,,,,,,,,,,,2026-09-15T02:55:44.593869+00:00
scope1qqyea393kts5hvygm8vhe76jrj0st884gk,6EC1C548E4A83DF6E119395E2AF42F8B439E099A5F5FBC238D6E5C4956E0526D,2026-09-14T17:21:37.697427101Z,pb14ep8k6jtc338c00t9khyrydpw7vywagdzqntwz,pb1rrwuxd65chqed6t0c5z8z505daw0rvsveyl0eq,,,,,,,,,,,,,2026-09-15T02:55:45.145341+00:00
scope1qrjwhfxmatl533d9zp28w87j5mysyxv4f5,BDED6748D62A0390079DD58CFF3DA95FBE5953B9EB5524B41C97CA9C5324C0A6,2026-09-14T17:21:15.697017507Z,pb1xvd4k9jg5h0d4dhzr4z0txtwe9p5zxf58xcmxd,pb1rrwuxd65chqed6t0c5z8z505daw0rvsveyl0eq,,,,,,,,,,,,,2026-09-15T02:55:45.708830+00:00
scope1qpmu5pwg0mhyzzagscsrqazwp5wsdhj00r,055CACAEFEA83FCA5C1847FF5840BECE2AE51FD5C6FF828011600FAD50CD4366,2026-09-14T17:19:43.618162549Z,pb1xvd4k9jg5h0d4dhzr4z0txtwe9p5zxf58xcmxd,pb1rrwuxd65chqed6t0c5z8z505daw0rvsveyl0eq,,,,,,,,,,,,,2026-09-15T02:55:46.278189+00:00
scope1qzw2v6q8wce55hastx83qmce4pgqcfp8n5,088CAB456E10FFD182765EF13C897501BDE2008E088BD66FB5C5B2478E83DC12,2026-09-14T17:18:37.865594823Z,pb1xvd4k9jg5h0d4dhzr4z0txtwe9p5zxf58xcmxd,pb1rrwuxd65chqed6t0c5z8z505daw0rvsveyl0eq,,,,,,,,,,,,,2026-09-15T02:55:46.847374+00:00
scope1qqgtw8458gdy8a56rjwdm4nawg3ss0wqzf,9BB7AF6E82CBE7C8CD77F49142F59720581CCF76EC6DC92F68CB6A99D57FC4AB,2026-09-14T17:17:45.726319838Z,pb1xvd4k9jg5h0d4dhzr4z0txtwe9p5zxf58xcmxd,pb1rrwuxd65chqed6t0c5z8z505daw0rvsveyl0eq,,,,,,,,,,,,,2026-09-15T02:55:47.400716+00:00
scope1qz8vhegcsajy0g9ndn4vjtd5nsuq7rw7v6,9382DD860F3F5808F13DC19BBBB875B9ECF9D650F3C4EFFF93AFB291AF51A0F5,2026-09-14T17:15:39.811474050Z,pb1awn7unm6pv3rd9s0wzg4vje357dn3pn8ua530c,pb1rrwuxd65chqed6t0c5z8z505daw0rvsveyl0eq,,,,,,,,,,,,,2026-09-15T02:55:47.966883+00:00
scope1qzk3cv64ggy5fg4p0hu3tm0gttsqj94d0g,9382DD860F3F5808F13DC19BBBB875B9ECF9D650F3C4EFFF93AFB291AF51A0F5,2026-09-14T17:15:39.811474050Z,pb1awn7unm6pv3rd9s0wzg4vje357dn3pn8ua530c,pb1rrwuxd65chqed6t0c5z8z505daw0rvsveyl0eq,,,,,,,,,,,,,2026-09-15T02:55:47.966784+00:00
scope1qp202hn560v5xz5xlqta5ucl9fcsqxpzsr,467F67A1E5B726F0F2B29D0C62E529EAC9A87281FDFC577677980FC9BB673B34,2026-09-14T17:15:30.750222297Z,pb1awn7unm6pv3rd9s0wzg4vje357dn3pn8ua530c,pb1rrwuxd65chqed6t0c5z8z505daw0rvsveyl0eq,,,,,,,,,,,,,2026-09-15T02:55:49.642469+00:00
scope1qr7mcp4m96k548aw50v6ewgxs9ys6zqk6z,E81EF2B733D087EE60FB1AF0EACC97764B5BA79F07BABFDD4ED80ADFC4C921C3,2026-09-14T17:15:30.750222297Z,pb1k38pa6rgnepcs592n4mvr3hxucw8tslprcmlvk,pb1rrwuxd65chqed6t0c5z8z505daw0rvsveyl0eq,,,,,,,,,,,,,2026-09-15T02:55:49.086865+00:00
scope1qpkg37qgj50yxaaeqzqsek4xd27srgk0yx,52F9D136E5F06FECB7274D12BAB991CB20D4B509157C2D96F0A24D2D3193C4E9,2026-09-14T17:15:30.750222297Z,pb1kx5k0nr068xhxgcmnzzef9523cxdcexlm3r29w,pb1rrwuxd65chqed6t0c5z8z505daw0rvsveyl0eq,,,,,,,,,,,,,2026-09-15T02:55:48.524860+00:00
scope1qqdfd7wtqmuyeevsrwrp6j2n2npq5nxfx5,9BA662686C926F98A865988F987BFEEF76C91D9837C148BF5FB3E9A540744ECF,2026-09-14T17:15:22.230999676Z,pb1h3cazsx4p6v3alf0ejuq68qge59k9r9pfrqzlr,pb1rrwuxd65chqed6t0c5z8z505daw0rvsveyl0eq,,,,,,,,,,,,,2026-09-15T02:55:50.780957+00:00
scope1qzwp70g25a2yehygdnxf5l9t6jnscjx3df,D4E06157674C2E112323A675A12B23A491ACD18BDF3787A0579A7924605024B6,2026-09-14T17:15:22.230999676Z,pb13knswfs6ack05wveq5nua7jgc5jnld3zg8xl52,pb1rrwuxd65chqed6t0c5z8z505daw0rvsveyl0eq,,,,,,,,,,,,,2026-09-15T02:55:50.202442+00:00
scope1qrj5ue4reqq5cp44ty4qp2xjsg0q3pw2y7,D94604B6E86FA5427BA13CD5A72D6057DE4CFA0C320CE51775F9CDEE4EC71982,2026-09-14T17:11:44.484411390Z,pb1v3uda8qgxv69tx6wclsp0jn4n8xxa5h7gpt2jp,pb1rrwuxd65chqed6t0c5z8z505daw0rvsveyl0eq,,,,,,,,,,,,,2026-09-15T02:55:51.339022+00:00
scope1qrlu62aetfeyer47xu000anf9kdsmyvh7m,B47D05E48CB638CC33A6BB67772D9FF74537DBB3E1638A475FF6B9BD0B197296,2026-09-14T17:10:30.731670729Z,pb1kx5k0nr068xhxgcmnzzef9523cxdcexlm3r29w,pb1rrwuxd65chqed6t0c5z8z505daw0rvsveyl0eq,,,,,,,,,,,,,2026-09-15T02:55:51.901952+00:00
scope1qp6ut2hc4n556yyz5fqgat8zaedq9hmzl9,998E7B3993003EDEB93668A5B2F78D95B1AC5A2FF1EE99BBF39DA4E166ED1DE1,2026-09-14T17:10:22.025708755Z,pb1589kxggzm5sd82dzre47zpp9wjnr4fr229srtj,pb1rrwuxd65chqed6t0c5z8z505daw0rvsveyl0eq,,,,,,,,,,,,,2026-09-15T02:55:53.033790+00:00
scope1qqttuycvndhy8vuqalzlxzn77dtq784clm,B08023C5944E5B1BCB1FCB6F7EDDE34F630671369BFF274063AE72271EED980A,2026-09-14T17:10:22.025708755Z,pb1qrzad80dpwqd07xqa9durfm8ngek9vnv3s9z04,pb1rrwuxd65chqed6t0c5z8z505daw0rvsveyl0eq,,,,,,,,,,,,,2026-09-15T02:55:52.453535+00:00
scope1qqm2dwmfyncygu9r7jjn67gdxjaq236gxm,081E352E9A228E1DA048AB48239A85C2670F82BC91C5D503A9D64C10BD0D3E64,2026-09-14T17:07:50.184933800Z,pb1xvd4k9jg5h0d4dhzr4z0txtwe9p5zxf58xcmxd,pb1rrwuxd65chqed6t0c5z8z505daw0rvsveyl0eq,,,,,,,,,,,,,2026-09-15T02:55:53.585524+00:00
scope1qzu5wcslsyn5np54c0qpxv58luzscuwzea,70C2A5BE855A46689695FE56BAF0FB1881C8DE3332C3459A40F9904989544CB6,2026-09-14T17:07:41.505742910Z,pb1xvd4k9jg5h0d4dhzr4z0txtwe9p5zxf58xcmxd,pb1rrwuxd65chqed6t0c5z8z505daw0rvsveyl0eq,,,,,,,,,,,,,2026-09-15T02:55:54.139262+00:00
scope1qzv70ks822056wv6mzlmwzcahjyqaegtp7,CEBAD611B0E87ADAFA930EB1735270E5D3F5E516F0E9F08FEA04E46942D2EC80,2026-09-14T17:05:53.680408626Z,pb13knswfs6ack05wveq5nua7jgc5jnld3zg8xl52,pb1rrwuxd65chqed6t0c5z8z505daw0rvsveyl0eq,,,,,,,,,,,,,2026-09-15T02:55:54.694666+00:00
scope1qzznmcyzdjk50694xn894n5vnfhs8rmsmn,70A8F7E4A802469BBF7B7D08265F4971A54AE2EBA5082CE6225B7DFEBF9E3676,2026-09-14T17:05:44.950927549Z,pb1xvd4k9jg5h0d4dhzr4z0txtwe9p5zxf58xcmxd,pb1rrwuxd65chqed6t0c5z8z505daw0rvsveyl0eq,,,,,,,,,,,,,2026-09-15T02:55:55.245379+00:00
scope1qpljl824cja5zjadvcgxp07f3yqswepggp,8256BFC6E5C4C9B752088D296506E817818B559C994ED0F689E9C7484300D484,2026-09-14T17:05:36.180663647Z,pb14ep8k6jtc338c00t9khyrydpw7vywagdzqntwz,pb1rrwuxd65chqed6t0c5z8z505daw0rvsveyl0eq,,,,,,,,,,,,,2026-09-15T02:55:55.800377+00:00
scope1qrs5dmmlf2nytx4qvpf52ca952cq60gn73,5BA87EC1FD28059AE8554F6982EB6A73C65CED689D481F3EB3CDCD143DCC3E49,2026-09-14T17:05:27.436884944Z,pb1v3uda8qgxv69tx6wclsp0jn4n8xxa5h7gpt2jp,pb1rrwuxd65chqed6t0c5z8z505daw0rvsveyl0eq,,,,,,,,,,,,,2026-09-15T02:55:56.358109+00:00
scope1qrnv506e5dk5q3425e85ah6gsu8s0dhjle,6BCF8B5D476B456A45887843BCE57E19EB574C043FFDDFBC30B84AE05450F65D,2026-09-14T17:05:22.908128388Z,pb13knswfs6ack05wveq5nua7jgc5jnld3zg8xl52,pb1rrwuxd65chqed6t0c5z8z505daw0rvsveyl0eq,,,,,,,,,,,,,2026-09-15T02:55:57.475271+00:00
scope1qza23fwktdz5qadsncd4qm5s3snqnhlmw4,8DE29214704B8A7D6AFA8F1B7ECB954E2202A97CB1D5DE0C4A93E6CFC19B7C25,2026-09-14T17:05:22.908128388Z,pb1xvd4k9jg5h0d4dhzr4z0txtwe9p5zxf58xcmxd,pb1rrwuxd65chqed6t0c5z8z505daw0rvsveyl0eq,,,,,,,,,,,,,2026-09-15T02:55:56.915768+00:00
scope1qqpxvnk3j45ya9vlz42uxve0y8vs4la8tv,E2EE5F9E6E4ECEF3556FA2136F69535E2F61DB45EB3522E90F39AC58315F7CF7,2026-09-14T17:02:20.018386125Z,pb13knswfs6ack05wveq5nua7jgc5jnld3zg8xl52,pb1rrwuxd65chqed6t0c5z8z505daw0rvsveyl0eq,,,,,,,,,,,,,2026-09-15T02:55:58.035207+00:00
scope1qrjyumw2jnc5sqvr5nzxrpaxayjqvnlmls,BEFE2B3FA40A92BEF1F8C135C70821CBEE835DF9A0C5ADF4D920ED60EFFE7C28,2026-09-14T17:00:48.802865918Z,pb1k38pa6rgnepcs592n4mvr3hxucw8tslprcmlvk,pb1rrwuxd65chqed6t0c5z8z505daw0rvsveyl0eq,,,,,,,,,,,,,2026-09-15T02:55:58.589713+00:00
scope1qqhmex8q7j55f99ktuxjhg2su52qn5jjnm,9DA970A241D110C65301FD8EAF40A08360F882AC6CC74435AFB845F27DDD6FE0,2026-09-14T17:00:44.348697150Z,pb1xvd4k9jg5h0d4dhzr4z0txtwe9p5zxf58xcmxd,pb1rrwuxd65chqed6t0c5z8z505daw0rvsveyl0eq,,,,,,,,,,,,,2026-09-15T02:55:59.705591+00:00
scope1qzexuszjdzryym403h4epzk52kwqtf3xdg,828FD914D077D401CAC40B2DEF6F09B747993ABFCAF6449CA0A9C263A38DF157,2026-09-14T17:00:44.348697150Z,pb12dyqf6zh3g8tqvk5hp8mqavj75700yy04xud59,pb1rrwuxd65chqed6t0c5z8z505daw0rvsveyl0eq,,,,,,,,,,,,,2026-09-15T02:55:59.148207+00:00
scope1qzyunre39785dr90fhxpmfwt6a7s30fpre,BB4B559BC44B616DE9F5D3993BFFF39E6AC613F151C9854BA5782CA26CD79DEB,2026-09-14T17:00:40.001692209Z,pb13knswfs6ack05wveq5nua7jgc5jnld3zg8xl52,pb1rrwuxd65chqed6t0c5z8z505daw0rvsveyl0eq,,,,,,,,,,,,,2026-09-15T02:56:00.263456+00:00
scope1qq40aglhgp9yxt5anw6ft523tuls2mukg8,9F51334D74834151B8FE072A4E1F5A485070FBEC4C1E01D27A571415A830F304,2026-09-14T17:00:31.384654199Z,pb109v8r0nk4du3k7vw3yf5dt8cjnhp9dtmaqahaa,pb1rrwuxd65chqed6t0c5z8z505daw0rvsveyl0eq,,,,,,,,,,,,,2026-09-15T02:56:00.819413+00:00
scope1qzqu7fu94mmyjcyf7nkylrx87mfs658p24,9B4C1DDE7A3C3ACF7855C0B7D4D5A47C70066043ADB020A1DD26B1520B614E27,2026-09-14T17:00:27.056169141Z,pb1fmxzuzx5c4ja50vu94nt0aessnuedzmppde8qr,pb1rrwuxd65chqed6t0c5z8z505daw0rvsveyl0eq,,,,,,,,,,,,,2026-09-15T02:56:01.938074+00:00
scope1qqxecfx8lk95k7uzufehqklc8lpqhnjfzk,33275946C4F5F53FBB018B649A88BFF0E9C3428D044EF6B63A7AB60DEE04BB12,2026-09-14T17:00:27.056169141Z,pb13knswfs6ack05wveq5nua7jgc5jnld3zg8xl52,pb1rrwuxd65chqed6t0c5z8z505daw0rvsveyl0eq,,,,,,,,,,,,,2026-09-15T02:56:01.382827+00:00
scope1qrv3tpzkdkx5jja2dxsy5s9nynzq0768c3,B13BC4B24CF2854567E7A7656588DC200E88EA8661A8DB9B197A31BBB41A9618,2026-09-14T17:00:22.679344519Z,pb13knswfs6ack05wveq5nua7jgc5jnld3zg8xl52,pb1rrwuxd65chqed6t0c5z8z505daw0rvsveyl0eq,,,,,,,,,,,,,2026-09-15T02:56:02.500519+00:00
scope1qzmmksamj6m5uv543phurjyzlwfqujqvu6,7C8EE8E8B1C458AF3BC02ACFFB248C9A1362BC6F37BFBA2DEC6020F36B584695,2026-09-14T17:00:18.246836780Z,pb1xvd4k9jg5h0d4dhzr4z0txtwe9p5zxf58xcmxd,pb1rrwuxd65chqed6t0c5z8z505daw0rvsveyl0eq,,,,,,,,,,,,,2026-09-15T02:56:03.061277+00:00
scope1qr5zxejjvy75un5rm74zurr3823qhyqvk8,84DED0816ADB0763297E2D73BD0E9746FEC0650AEE240B8CF4790F1EFC8A3721,2026-09-14T16:59:47.940603611Z,pb13knswfs6ack05wveq5nua7jgc5jnld3zg8xl52,pb1rrwuxd65chqed6t0c5z8z505daw0rvsveyl0eq,,,,,,,,,,,,,2026-09-15T02:56:03.616196+00:00
scope1qr7zht7r70r5h2aee2rn60f67yrsdhyfmf,AC02F9F9D9E27B79301DC0F8957E86480AE7AD5C343810955DB6BD004C4B4417,2026-09-14T16:58:46.937987980Z,pb1589kxggzm5sd82dzre47zpp9wjnr4fr229srtj,pb1rrwuxd65chqed6t0c5z8z505daw0rvsveyl0eq,,,,,,,,,,,,,2026-09-15T02:56:04.174132+00:00
scope1qra5emaq26uys7v78fq4g0m2v2esk5vqfh,473A490F6305E33538B997BA7F31E785B7A41F99A9B9F9D373A53CB6C15551CC,2026-09-14T16:56:49.853940326Z,pb1xvd4k9jg5h0d4dhzr4z0txtwe9p5zxf58xcmxd,pb1rrwuxd65chqed6t0c5z8z505daw0rvsveyl0eq,,,,,,,,,,,,,2026-09-15T02:56:04.740630+00:00
scope1qrkdpk80rpl55jv4sf39j7hc9dks6h38wg,5E449E5E88A671B0076F65C51787EFA267277275B293D6E05C6280A65299B0EC,2026-09-14T16:55:26.948066183Z,pb1k38pa6rgnepcs592n4mvr3hxucw8tslprcmlvk,pb1rrwuxd65chqed6t0c5z8z505daw0rvsveyl0eq,,,,,,,,,,,,,2026-09-15T02:56:05.292321+00:00
scope1qrc02j895dwyq8y7nykjt8vfenns6v6dw8,4A892CDCE410D77411C25A5DDDBA7D094CA7DDB34A6B00228B993B03FA2630A1,2026-09-14T16:55:18.403950176Z,pb14ep8k6jtc338c00t9khyrydpw7vywagdzqntwz,pb1rrwuxd65chqed6t0c5z8z505daw0rvsveyl0eq,,,,,,,,,,,,,2026-09-15T02:56:06.400354+00:00
scope1qzuafeyz95ky9ya8y0w6h5gmw8nqd2t2cu,39F7AA672A1DA14115DE5777B34C692A2F24DAFA7016D9D9DFE7244C6A8F229F,2026-09-14T16:55:18.403950176Z,pb1q4ffj426hu5fj0h7muy2h7hj6sqmqe7vz67245,pb1rrwuxd65chqed6t0c5z8z505daw0rvsveyl0eq,,,,,,,,,,,,,2026-09-15T02:56:05.844346+00:00
scope1qr4w6gar4swyutvz79fdtvy04d5qvcttam,437A8DBA99A1F90218B918FBFA2CFD3022AE964ADC3E21A06F78067DCACD61DE,2026-09-14T16:53:42.850172815Z,pb16j3hxhr0m56h9u9ptdtz2qpmtd7333f77h64m6,pb1rrwuxd65chqed6t0c5z8z505daw0rvsveyl0eq,,,,,,,,,,,,,2026-09-15T02:56:19.340391+00:00
scope1qpa5tntxq745ea9sm8sn6d5pp38qnupg04,E62CA237D227699F8E73D658782F09BB9ADD9078D7D7ADD97A3FB8BB39E8B032,2026-09-14T16:53:25.416196473Z,pb1k38pa6rgnepcs592n4mvr3hxucw8tslprcmlvk,pb1rrwuxd65chqed6t0c5z8z505daw0rvsveyl0eq,,,,,,,,,,,,,2026-09-15T02:56:19.901017+00:00
scope1qpqaat8mke4y6x9l9lymvrhrya8sc5wlss,F22969EEBDBFBD0342BB2D7462CF5EECDDAFE24CE5ED9C4761724D6EF7415E4A,2026-09-14T16:51:49.034211889Z,pb1xvd4k9jg5h0d4dhzr4z0txtwe9p5zxf58xcmxd,pb1rrwuxd65chqed6t0c5z8z505daw0rvsveyl0eq,,,,,,,,,,,,,2026-09-15T02:56:20.461567+00:00
scope1qp6p2gcdv6lygvyv8483d42q3k5qdhm44t,30B23C0B102817330FA3804614B72160AF1A5D47503D4727A58540FF665B753F,2026-09-14T16:50:57.282242268Z,pb1xvd4k9jg5h0d4dhzr4z0txtwe9p5zxf58xcmxd,pb1rrwuxd65chqed6t0c5z8z505daw0rvsveyl0eq,,,,,,,,,,,,,2026-09-15T02:56:21.010998+00:00
scope1qrpfjpkupcq53gu2nc70m38wrxcs8nd2f8,4F752666A8663626DE27072C15A559457D16518CC2430AB9431F0F7F42F42854,2026-09-14T16:50:35.572921405Z,pb1kx5k0nr068xhxgcmnzzef9523cxdcexlm3r29w,pb1rrwuxd65chqed6t0c5z8z505daw0rvsveyl0eq,,,,,,,,,,,,,2026-09-15T02:56:21.567987+00:00
scope1qzfxkjs2f595rc4aq4sc6wtlanjq94pc6m,46342E173BCECCDC85AA93DA154423441997FB0CAAA68DEC17731A3286A9BB19,2026-09-14T16:50:26.951671754Z,pb1v3uda8qgxv69tx6wclsp0jn4n8xxa5h7gpt2jp,pb1rrwuxd65chqed6t0c5z8z505daw0rvsveyl0eq,,,,,,,,,,,,,2026-09-15T02:56:22.126386+00:00
scope1qpu5xnpxwm6503aarwpxl65p2t7srtp8gh,91AFDF088F7006978B57E242EB3FE763E05B617263508756151E04C5FB04B7DB,2026-09-14T16:50:22.740014637Z,pb16j3hxhr0m56h9u9ptdtz2qpmtd7333f77h64m6,pb1rrwuxd65chqed6t0c5z8z505daw0rvsveyl0eq,,,,,,,,,,,,,2026-09-15T02:56:22.690288+00:00
scope1qr0ajq9n3tj5dzawu60vaqvkgausuxpmmp,ADB18AAC74CEF4943501CAEF2C837FA2E47725BC438A4BE862289592AED64E41,2026-09-14T16:50:18.319230897Z,pb1xvd4k9jg5h0d4dhzr4z0txtwe9p5zxf58xcmxd,pb1rrwuxd65chqed6t0c5z8z505daw0rvsveyl0eq,,,,,,,,,,,,,2026-09-15T02:56:23.252565+00:00
scope1qpud2kx7f5r5p85rvqngfygj26js2ac2c7,442C8FF3CE4917E1008597FB9A838820B1314A9FE597C825AEE5520EEF49DAEC,2026-09-14T16:47:59.243789993Z,pb13knswfs6ack05wveq5nua7jgc5jnld3zg8xl52,pb1rrwuxd65chqed6t0c5z8z505daw0rvsveyl0eq,,,,,,,,,,,,,2026-09-15T02:56:23.827061+00:00
scope1qz58s9dw7fay6p4t4v86qj5059hswqsh2v,C96AFC750361DD4B6A4AD368185CD9F2A1ADF5D8DC09E695EA6D930810CB24ED,2026-09-14T16:44:44.008663886Z,pb1xvd4k9jg5h0d4dhzr4z0txtwe9p5zxf58xcmxd,pb1rrwuxd65chqed6t0c5z8z505daw0rvsveyl0eq,,,,,,,,,,,,,2026-09-15T02:56:24.386732+00:00
scope1qz5q3w2344kygc4n6n2pclegt0gqx9yeza,D8400C4E45C28C11041BDC17D615C86591AEDECB2B327C5216BD00A8BF953553,2026-09-14T16:44:39.657490094Z,pb1xvd4k9jg5h0d4dhzr4z0txtwe9p5zxf58xcmxd,pb1rrwuxd65chqed6t0c5z8z505daw0rvsveyl0eq,,,,,,,,,,,,,2026-09-15T02:56:24.949201+00:00
scope1qrm6dpe33asyredscclh8mumqgjsg5f0ws,EA4429C97894A6979328AE1023533E9A4A4CA95AF4531D188E9B95C9CF734DD2,2026-09-14T16:43:39.042397788Z,pb1ynpk833mljl5v4jl6qx6t6t4cqzy3nkx06ce8y,pb1rrwuxd65chqed6t0c5z8z505daw0rvsveyl0eq,,,,,,,,,,,,,2026-09-15T02:56:25.509752+00:00
scope1qr8a8f26ejvyzw5vql3652tewksqq9jk4m,3A78443C597C28B6C8093DD53A1112A497F4FB980F16CC2CAA9C5E455A461045,2026-09-14T16:43:34.465894683Z,pb1fmxzuzx5c4ja50vu94nt0aessnuedzmppde8qr,pb1rrwuxd65chqed6t0c5z8z505daw0rvsveyl0eq,,,,,,,,,,,,,2026-09-15T02:56:26.061047+00:00
scope1qpfw2dq0tzqy5sa3txa35ef2tm8stw94tz,905EF4CEF00535E61851C94ED32358BF21BE6E1AD9916176CD0890E8694A5997,2026-09-14T16:43:04.202893186Z,pb1xvd4k9jg5h0d4dhzr4z0txtwe9p5zxf58xcmxd,pb1rrwuxd65chqed6t0c5z8z505daw0rvsveyl0eq,,,,,,,,,,,,,2026-09-15T02:56:26.617374+00:00
scope1qqlv4037n65ynmv6lwl3kppaf9hqd9t6hc,2453F85DA7C51E1C7DEA11C45469715DE2006E27B627D10E8908A5DCAAE5C34C,2026-09-14T16:42:42.265527370Z,pb1xvd4k9jg5h0d4dhzr4z0txtwe9p5zxf58xcmxd,pb1rrwuxd65chqed6t0c5z8z505daw0rvsveyl0eq,,,,,,,,,,,,,2026-09-15T02:56:27.172109+00:00
scope1qzuv4qqrmux5dka5903jq3u4teesez3hfs,91B4A0CF9A4161E7E61F669F32950DBAF55CCD4DA2D3A766C0991BABFAB0EF33,2026-09-14T16:40:23.394665356Z,pb13knswfs6ack05wveq5nua7jgc5jnld3zg8xl52,pb1rrwuxd65chqed6t0c5z8z505daw0rvsveyl0eq,,,,,,,,,,,,,2026-09-15T02:56:27.719618+00:00
scope1qzjtvydgy075835vgzurtmsltfgq6ulv70,A61514B64328C1A5D6939737CA34708AF16D1F42E2E6EDEC6A838F006BB01162,2026-09-14T16:40:14.606055720Z,pb13knswfs6ack05wveq5nua7jgc5jnld3zg8xl52,pb1rrwuxd65chqed6t0c5z8z505daw0rvsveyl0eq,,,,,,,,,,,,,2026-09-15T02:56:28.276012+00:00
scope1qr75wsmm2ex5669zta03jtmc7uqqhpxd69,366F81C5995581C0CD6F549130E95B2069A69DAD2420DE18E04B6BD69747EC4E,2026-09-14T16:39:53.057486467Z,pb1xvd4k9jg5h0d4dhzr4z0txtwe9p5zxf58xcmxd,pb1rrwuxd65chqed6t0c5z8z505daw0rvsveyl0eq,,,,,,,,,,,,,2026-09-15T02:56:28.832383+00:00
scope1qqkwjt9qpzfylsuk70n7dy44dh7qnzlcp9,7C351FD0C9644D589C03D705A8CEA8B35533C091D3F5B62315F3A9B3924E3EED,2026-09-14T16:38:52.645694189Z,pb1xvd4k9jg5h0d4dhzr4z0txtwe9p5zxf58xcmxd,pb1rrwuxd65chqed6t0c5z8z505daw0rvsveyl0eq,,,,,,,,,,,,,2026-09-15T02:56:29.386186+00:00
scope1qpvuxx3clg753n9hvclzfuvutnfsfe9r6y,D120393B343ED13DB3BDE16A5AC56AB5AE266259F53D7B648678CF18AF7D42EA,2026-09-14T16:38:35.084666987Z,pb1xvd4k9jg5h0d4dhzr4z0txtwe9p5zxf58xcmxd,pb1rrwuxd65chqed6t0c5z8z505daw0rvsveyl0eq,,,,,,,,,,,,,2026-09-15T02:56:29.940565+00:00
scope1qrj5y7ex4t2yk79evleuc45h9q8qtt5g6z,75FEFA1EB00DFE838FFD25461099ABF95514F3258E33309437B21A80E8388372,2026-09-14T16:37:08.442353538Z,pb1kx5k0nr068xhxgcmnzzef9523cxdcexlm3r29w,pb1rrwuxd65chqed6t0c5z8z505daw0rvsveyl0eq,,,,,,,,,,,,,2026-09-15T02:56:30.525227+00:00
scope1qpu00dcldd6y4y5u3577cz9asyms9jwzcy,C6BE2AD7323021A65D851F806A7A18AB0B4360C74DD51A35E9DE43C87CEE183E,2026-09-14T16:35:23.988613699Z,pb1xvd4k9jg5h0d4dhzr4z0txtwe9p5zxf58xcmxd,pb1rrwuxd65chqed6t0c5z8z505daw0rvsveyl0eq,,,,,,,,,,,,,2026-09-15T02:56:31.079568+00:00
scope1qz0s0f2ehfq5xd5v07yyun7he7zqz5qf9p,7CCBBF356E1D2F1D333CA788E0B84A139473553BD76476322BD0349B38E9A6DB,2026-09-14T16:35:19.732873640Z,pb1xvd4k9jg5h0d4dhzr4z0txtwe9p5zxf58xcmxd,pb1rrwuxd65chqed6t0c5z8z505daw0rvsveyl0eq,,,,,,,,,,,,,2026-09-15T02:56:31.632613+00:00
scope1qzcm9gcz5x95t7vslfk3avgu4mgqf7gk5q,9ADCB45C193602CFA2A743B5823BB46C81526EB694B8632AFE3E8043EE366485,2026-09-14T16:34:32.287309533Z,pb13knswfs6ack05wveq5nua7jgc5jnld3zg8xl52,pb1rrwuxd65chqed6t0c5z8z505daw0rvsveyl0eq,,,,,,,,,,,,,2026-09-15T02:56:32.191862+00:00
scope1qq2m5swq52ryke56m7txvmx6mm2smvwxwz,D860E8836C9E564B1A0BE165DB5D345DAD5FD07D42B2D87D0B346CE4BDC8D844,2026-09-14T16:33:21.695782739Z,pb1xvd4k9jg5h0d4dhzr4z0txtwe9p5zxf58xcmxd,pb1rrwuxd65chqed6t0c5z8z505daw0rvsveyl0eq,,,,,,,,,,,,,2026-09-15T02:56:32.758375+00:00
scope1qpnws3caurzydkaz5npaf5k5tp9qstm56x,9FE19D2680ABBE1D6F732365CBE0AA3C672A76936EE24C3F6C8ED4DDA6F7E265,2026-09-14T16:30:18.804918073Z,pb13knswfs6ack05wveq5nua7jgc5jnld3zg8xl52,pb1rrwuxd65chqed6t0c5z8z505daw0rvsveyl0eq,,,,,,,,,,,,,2026-09-15T02:56:33.872429+00:00
scope1qqr4gchcc9p5pe4366cdayffzjeqpftqnw,8DB03C88037D8EFD9AFB90407D3DBEBBADACA6ED514029DFB563F1542AC860FE,2026-09-14T16:30:18.804918073Z,pb12dyqf6zh3g8tqvk5hp8mqavj75700yy04xud59,pb1rrwuxd65chqed6t0c5z8z505daw0rvsveyl0eq,,,,,,,,,,,,,2026-09-15T02:56:33.313539+00:00
scope1qz4lp26nqs4ywcyes68kx0lw2thsq30vwk,51A69F12AE43DD6F26034E88D8B482A54D11C0A2405B35A1C7DFA26723D2DE54,2026-09-14T16:28:17.794331526Z,pb1xvd4k9jg5h0d4dhzr4z0txtwe9p5zxf58xcmxd,pb1rrwuxd65chqed6t0c5z8z505daw0rvsveyl0eq,,,,,,,,,,,,,2026-09-15T02:56:34.427028+00:00
scope1qrvjqjc53gj5fn46nr9yd2ggwzps79z0f0,3ACC27ECA0F6C4F24F0325E2FC5D28A7FCF117FF7FDBACE18A4E18D876ED81A8,2026-09-14T16:27:42.738236493Z,pb1kx5k0nr068xhxgcmnzzef9523cxdcexlm3r29w,pb1rrwuxd65chqed6t0c5z8z505daw0rvsveyl0eq,,,,,,,,,,,,,2026-09-15T02:56:34.985343+00:00
scope1qzz0vatcgpe5yna3hu749g8f80xs6e3pcg,FF5E11FC8A13E25CE7C3D264A5713300EE8E48852889C8F4A2B92540748A1A1B,2026-09-14T16:25:24.012313885Z,pb1fmxzuzx5c4ja50vu94nt0aessnuedzmppde8qr,pb1rrwuxd65chqed6t0c5z8z505daw0rvsveyl0eq,,,,,,,,,,,,,2026-09-15T02:56:35.539034+00:00
scope1qzgl79ed3pwygvdknx4m3kuxszqs7kpjqp,4BACDEFC84188FA10E036FBEDD2E293CCF226D3F5CFE540DFA1891384F1911C9,2026-09-14T16:25:19.610756564Z,pb1xvd4k9jg5h0d4dhzr4z0txtwe9p5zxf58xcmxd,pb1rrwuxd65chqed6t0c5z8z505daw0rvsveyl0eq,,,,,,,,,,,,,2026-09-15T02:56:36.653848+00:00
scope1qp373uje3jcy9h4ezv2h0tmrz5kq0juqf0,79B6DB19D08724CC053C7698FFCFDA5AA7E71B18ADCEDC76AD9CDBF0BB49E6AA,2026-09-14T16:25:19.610756564Z,pb1h3cazsx4p6v3alf0ejuq68qge59k9r9pfrqzlr,pb1rrwuxd65chqed6t0c5z8z505daw0rvsveyl0eq,,,,,,,,,,,,,2026-09-15T02:56:36.097236+00:00
scope1qrzhhr58c4kyf2y6spnkdd5vztlqxedjlz,9849358EA81D9A2BC09ED82560D1044A26965CD09327551797D685470F8677C5,2026-09-14T16:22:47.606400907Z,pb1xvd4k9jg5h0d4dhzr4z0txtwe9p5zxf58xcmxd,pb1rrwuxd65chqed6t0c5z8z505daw0rvsveyl0eq,,,,,,,,,,,,,2026-09-15T02:56:37.221430+00:00
scope1qqsnfemgwhuyxl4w0x6u9jjk7j9syqc8ug,C8CA3D10EFF929ACC86BD3704D34783E1CF6E6EDAFE108DFD2B2709DB3727B9C,2026-09-14T16:21:58.987801276Z,pb1xvd4k9jg5h0d4dhzr4z0txtwe9p5zxf58xcmxd,pb1rrwuxd65chqed6t0c5z8z505daw0rvsveyl0eq,,,,,,,,,,,,,2026-09-15T02:56:37.779844+00:00
scope1qq849st6sk2yyry4mypzpqjqvmgqetheu6,251F09426E6BC1DA8630848CD73C6B3D3D44B600D31554CE43760E287CBBF6E5,2026-09-14T16:21:45.832156237Z,pb1xvd4k9jg5h0d4dhzr4z0txtwe9p5zxf58xcmxd,pb1rrwuxd65chqed6t0c5z8z505daw0rvsveyl0eq,,,,,,,,,,,,,2026-09-15T02:56:38.331618+00:00
scope1qzkj6y2kkn5ychya9lg2me2crqhq5gc48l,0064B6F1E109E1D92D0DDC62473F0CE141D1C9C885E9697E5EE7B258DB11ADB6,2026-09-14T16:20:18.983753447Z,pb1xvd4k9jg5h0d4dhzr4z0txtwe9p5zxf58xcmxd,pb1rrwuxd65chqed6t0c5z8z505daw0rvsveyl0eq,,,,,,,,,,,,,2026-09-15T02:56:38.887230+00:00
scope1qzm2v499gav5ysyterkp7qyhv8us5rdsc6,72CEAC0FD1F7393FE380A84FCF48B9F4C2AC3E6400BA99396FF478B8F0F421C8,2026-09-14T16:18:17.819534564Z,pb1kx5k0nr068xhxgcmnzzef9523cxdcexlm3r29w,pb1rrwuxd65chqed6t0c5z8z505daw0rvsveyl0eq,,,,,,,,,,,,,2026-09-15T02:56:39.447027+00:00
scope1qz99cwx40f65sr54zu4nxlksr3pqw3md2j,CE6228F95DC354D3BBF109CEE54B6A5F0777434FAC6F853A5C92324C72361D01,2026-09-14T16:18:13.504072783Z,pb1xvd4k9jg5h0d4dhzr4z0txtwe9p5zxf58xcmxd,pb1rrwuxd65chqed6t0c5z8z505daw0rvsveyl0eq,,,,,,,,,,,,,2026-09-15T02:56:40.000521+00:00
scope1qp6kk4gpxmp547apmteckdha53hste9tnq,A0F88689139DF6C3D31D90FCB6430E61E377D53DCC50940F939828745B908EC4,2026-09-14T16:15:37.164782073Z,pb13knswfs6ack05wveq5nua7jgc5jnld3zg8xl52,pb1rrwuxd65chqed6t0c5z8z505daw0rvsveyl0eq,,,,,,,,,,,,,2026-09-15T02:56:40.555082+00:00
scope1qqlmvpjc9x4y55u7w54764vktfhqdvzcyk,EFB69F3AF6299C877CD1B5DE122DE10CDDED38DD64DAE0DC5E911F65B3FD0A47,2026-09-14T16:15:28.604138812Z,pb1awn7unm6pv3rd9s0wzg4vje357dn3pn8ua530c,pb1rrwuxd65chqed6t0c5z8z505daw0rvsveyl0eq,,,,,,,,,,,,,2026-09-15T02:56:41.122208+00:00
scope1qqzn8lxyxply72dq3jwsvtv5qn2qrdz7ma,B3618953C2A7254AA963D1C75B0384E92F674B0890D56BADB4E8D4260A46AC8D,2026-09-14T16:15:20.009957533Z,pb13knswfs6ack05wveq5nua7jgc5jnld3zg8xl52,pb1rrwuxd65chqed6t0c5z8z505daw0rvsveyl0eq,,,,,,,,,,,,,2026-09-15T02:56:41.681101+00:00
scope1qzac3aaj7ugy4mazmkrupw39xc4smd4w9z,1065F708AD88F8FF3366165F80B5D583F48F49F5559458B2B6BAE0CB20AE2CD7,2026-09-14T16:13:19.017752054Z,pb1xzl9wgh0ry2dma43f58vmuteqd3996j6mhqhgz,pb1rrwuxd65chqed6t0c5z8z505daw0rvsveyl0eq,,,,,,,,,,,,,2026-09-15T02:56:42.229221+00:00
scope1qp6w22cwavpy8cuqjrj620xydthqmq2a5s,67D33F94204BA4ECF2DE9BAA657B1F2F735AFADA3720D36BF8B6921C1C2A1EF8,2026-09-14T16:11:51.985443931Z,pb1xvd4k9jg5h0d4dhzr4z0txtwe9p5zxf58xcmxd,pb1rrwuxd65chqed6t0c5z8z505daw0rvsveyl0eq,,,,,,,,,,,,,2026-09-15T02:56:42.785431+00:00
scope1qzdzxmpwvst5r3dm4ugs76c0wf8qze6pz9,9D2CE360C7C74F7265FA00C1857DA358AC0BE74104956E3F6245D74523291C6F,2026-09-14T16:11:47.633960674Z,pb1xvd4k9jg5h0d4dhzr4z0txtwe9p5zxf58xcmxd,pb1rrwuxd65chqed6t0c5z8z505daw0rvsveyl0eq,,,,,,,,,,,,,2026-09-15T02:56:43.899119+00:00
scope1qz024wghcez578dzr0ucr6hkw9nq9tnp8j,66DD193557B78D5BE127DC364BDDADE80CA47EA1E98341DE3252D738DE1006D5,2026-09-14T16:11:47.633960674Z,pb1xzl9wgh0ry2dma43f58vmuteqd3996j6mhqhgz,pb1rrwuxd65chqed6t0c5z8z505daw0rvsveyl0eq,,,,,,,,,,,,,2026-09-15T02:56:43.338821+00:00
scope1qrp82dqrcc65xq5x5grsskjpevvq4u4gps,1CD60735B0627ECFC8CDA7B4ED978F7BC97710ABF5415E8B2AB84F609E96E2E2,2026-09-14T16:10:42.173103815Z,pb13knswfs6ack05wveq5nua7jgc5jnld3zg8xl52,pb1rrwuxd65chqed6t0c5z8z505daw0rvsveyl0eq,,,,,,,,,,,,,2026-09-15T02:56:44.459631+00:00
scope1qruutzyckxp5rtdkuzvpqy6axwyq7nkrsq,197D8F6D733B63C93AF39134DE2FF8A8B2AB4D314FD5E8964DDC1B6C968C1706,2026-09-14T16:10:33.480829737Z,pb1xzl9wgh0ry2dma43f58vmuteqd3996j6mhqhgz,pb1rrwuxd65chqed6t0c5z8z505daw0rvsveyl0eq,,,,,,,,,,,,,2026-09-15T02:56:45.580846+00:00
scope1qqzp9yrczzryef4ydqnvg59897msghtw9j,9118607C055F66B2FC084E061A80A9B33CF025454960E54A4767FFC270009858,2026-09-14T16:10:33.480829737Z,pb1xvd4k9jg5h0d4dhzr4z0txtwe9p5zxf58xcmxd,pb1rrwuxd65chqed6t0c5z8z505daw0rvsveyl0eq,,,,,,,,,,,,,2026-09-15T02:56:45.017223+00:00
scope1qr84erg6jqt5gx59s8f8yzp2gvvsjcptv0,D793A2A4AA32B25701DCB9CB1BC81B178BB06288334A6CD24B7CE97950AA7FAF,2026-09-14T16:09:24.038927419Z,pb1xzl9wgh0ry2dma43f58vmuteqd3996j6mhqhgz,pb1rrwuxd65chqed6t0c5z8z505daw0rvsveyl0eq,,,,,,,,,,,,,2026-09-15T02:56:46.140295+00:00
scope1qzxfkfrd4fxyte9qah7wmpexma9qm280t9,8DD5E1BB683C454BC078A0A9FD21732AC77499B12C44AAEE176A341305AC37E2,2026-09-14T16:07:44.210884602Z,pb1xzl9wgh0ry2dma43f58vmuteqd3996j6mhqhgz,pb1rrwuxd65chqed6t0c5z8z505daw0rvsveyl0eq,,,,,,,,,,,,,2026-09-15T02:56:46.752857+00:00
scope1qz90w0mz930yqgd3mftmwhh9nncqdzf7qh,C46D0A57E7A3A8672B326245CC42493B0A943D99DEF75DD3F56ABA6C7B793900,2026-09-14T16:07:18.032116491Z,pb1xvd4k9jg5h0d4dhzr4z0txtwe9p5zxf58xcmxd,pb1rrwuxd65chqed6t0c5z8z505daw0rvsveyl0eq,,,,,,,,,,,,,2026-09-15T02:56:47.309847+00:00
scope1qpk8wr8hu4g50gucknkzxuqkgp3qj9u780,68C7D9B3B258E36567EE50C1EF502AA79B08548B6658B3C8536338333CE1CE5E,2026-09-14T16:06:51.940258794Z,pb1jxzl7tqrga090yz8sf0z0z76sxj6an3kcuwy6g,pb1rrwuxd65chqed6t0c5z8z505daw0rvsveyl0eq,,,,,,,,,,,,,2026-09-15T02:56:47.868891+00:00
scope1qza5c0sjct55jwvp8v3lnclqfy4sptyssc,5E24D35BC79129881D7C3E980729E5F51293D8457C38811E94DA07F64A31D325,2026-09-14T16:05:38.257419986Z,pb1xvd4k9jg5h0d4dhzr4z0txtwe9p5zxf58xcmxd,pb1rrwuxd65chqed6t0c5z8z505daw0rvsveyl0eq,,,,,,,,,,,,,2026-09-15T02:56:48.422316+00:00
scope1qz2dlrrlurt5ruauf4kr0ycszlvqr0627g,786EA7DC9BEC022202A2570BA74F5C8960B509BD686B7AEE7CA983F15813970D,2026-09-14T16:05:21.090771990Z,pb1fmxzuzx5c4ja50vu94nt0aessnuedzmppde8qr,pb1rrwuxd65chqed6t0c5z8z505daw0rvsveyl0eq,,,,,,,,,,,,,2026-09-15T02:56:49.534213+00:00
scope1qqpfd844n0my44dpxp8e860fm78s7htph2,1599C62B6C0B2CFBE52E77197E8E1C6D16DF8C4C54DB21BB0F07AE8EB0D9ECD2,2026-09-14T16:05:21.090771990Z,pb1xvd4k9jg5h0d4dhzr4z0txtwe9p5zxf58xcmxd,pb1rrwuxd65chqed6t0c5z8z505daw0rvsveyl0eq,,,,,,,,,,,,,2026-09-15T02:56:48.978970+00:00
scope1qpy65fcznht5ty4kukaf6ttj8tkqs2krd0,6DFFC745F051B5054E910726DC63DB10109D2BCD44210A35945482CFEEBFFDCE,2026-09-14T16:04:54.979506839Z,pb1xzl9wgh0ry2dma43f58vmuteqd3996j6mhqhgz,pb1rrwuxd65chqed6t0c5z8z505daw0rvsveyl0eq,,,,,,,,,,,,,2026-09-15T02:56:50.098334+00:00
scope1qqw3cs2fxclymd4nulwwztn6pl9qq7a80n,E56409F2A549EC99E4A7DF32021BE48D9C7BF208137019EF3B9570AD05BAF65B,2026-09-14T16:04:37.745055130Z,pb18ahv649kg2lfxs786zmpzepn0mhdrafk4fn7df,pb1rrwuxd65chqed6t0c5z8z505daw0rvsveyl0eq,,,,,,,,,,,,,2026-09-15T02:56:50.657026+00:00
scope1qp3pl659k0zyr9dr9u3j039jfc0s8h2alz,98B90A0DAA3254AD209C30958D130841D2141F89CEFBFC51E5B9FA5267677323,2026-09-14T16:03:58.455430989Z,pb1xzl9wgh0ry2dma43f58vmuteqd3996j6mhqhgz,pb1rrwuxd65chqed6t0c5z8z505daw0rvsveyl0eq,,,,,,,,,,,,,2026-09-15T02:56:51.214515+00:00
scope1qpr5flanuvyyv39w8j76l8fjewfsn9k8xr,BD86E76308C8D45A1483E0EF9483E5BC9C87CECDC79DC500A3D6642C18F4FEE6,2026-09-14T16:03:49.738537898Z,pb1xvd4k9jg5h0d4dhzr4z0txtwe9p5zxf58xcmxd,pb1rrwuxd65chqed6t0c5z8z505daw0rvsveyl0eq,,,,,,,,,,,,,2026-09-15T02:56:51.774897+00:00
scope1qpxntn54vm5yc8vmnugwzfq4admqqut7rr,66C56C7CDB53618B4B8B24B18636B70C9151C0003870A12D03AE69FAC7212177,2026-09-14T16:03:32.697882632Z,pb1xvd4k9jg5h0d4dhzr4z0txtwe9p5zxf58xcmxd,pb1rrwuxd65chqed6t0c5z8z505daw0rvsveyl0eq,,,,,,,,,,,,,2026-09-15T02:56:52.334635+00:00
scope1qqwtwg7xxvg5ycap235guhpjcdaq327pq7,C6FA3B11E2C0629E067E4A67D1CAA49F6EBBE5CA899A3C2B5C382931FD8A73C0,2026-09-14T16:02:40.558244523Z,pb18ahv649kg2lfxs786zmpzepn0mhdrafk4fn7df,pb1rrwuxd65chqed6t0c5z8z505daw0rvsveyl0eq,,,,,,,,,,,,,2026-09-15T02:56:52.892565+00:00
scope1qqw3dhgsg6u5gq5cxz9wf828t0tqvc7g6p,B9B7266759A1C35B77F361B82BE949FDF304C49D6113194E2E53D963A53E7906,2026-09-14T16:02:22.948002800Z,pb1jxzl7tqrga090yz8sf0z0z76sxj6an3kcuwy6g,pb1rrwuxd65chqed6t0c5z8z505daw0rvsveyl0eq,,,,,,,,,,,,,2026-09-15T02:56:53.442402+00:00
scope1qp7m4n85us7ywzapyq00ma8nve4shrdx3z,E0F343F0007E9173228AFD96A942A88804AACA994F8C47CF873D02B60BE10456,2026-09-14T16:00:47.760175280Z,pb1jxzl7tqrga090yz8sf0z0z76sxj6an3kcuwy6g,pb1rrwuxd65chqed6t0c5z8z505daw0rvsveyl0eq,,,,,,,,,,,,,2026-09-15T02:56:53.995575+00:00
scope1qpp3xhs0qjh5uvdlh6v53q265hgq3nrtgt,514C7DD67C5A7E93994965527AA6FD779533F637228226237E94B4D1CEC88E9C,2026-09-14T16:00:30.175102286Z,pb1k38pa6rgnepcs592n4mvr3hxucw8tslprcmlvk,pb1rrwuxd65chqed6t0c5z8z505daw0rvsveyl0eq,,,,,,,,,,,,,2026-09-15T02:56:54.552450+00:00
scope1qralvz5vg68yng5hy6k4dk4u6z4qv650f8,F3F1B8B8E4CA4601AC8741CF320C75A1B7A0AED834305C2BA90CE88F56261B08,2026-09-14T16:00:25.701575087Z,pb1awn7unm6pv3rd9s0wzg4vje357dn3pn8ua530c,pb1rrwuxd65chqed6t0c5z8z505daw0rvsveyl0eq,,,,,,,,,,,,,2026-09-15T02:56:55.109399+00:00
scope1qr5tm3w49p45tz5w2uccnx3zfgws03a46k,13AADE1A9B9A8D19829E4D0F9F7EC52AAE4E07BE8CC5E9853C1D8C0265DEE714,2026-09-14T16:00:16.889970418Z,pb1xvd4k9jg5h0d4dhzr4z0txtwe9p5zxf58xcmxd,pb1rrwuxd65chqed6t0c5z8z505daw0rvsveyl0eq,,,,,,,,,,,,,2026-09-15T02:56:55.661495+00:00
scope1qre4jpzw8yrys9vunhcpnklam4lsa75zjw,EB13D8725341EA0D825EE3DF21CB08DA1B6C424DE5889129E90C77F2B95CCD8A,2026-09-14T15:59:37.228569677Z,pb18ahv649kg2lfxs786zmpzepn0mhdrafk4fn7df,pb1rrwuxd65chqed6t0c5z8z505daw0rvsveyl0eq,,,,,,,,,,,,,2026-09-15T02:56:56.204238+00:00
scope1qq2jpr5dpa85dquqskgx3e8clnjs25kcch,DF8705C75FF0B579805150B8F666933B31CD2057CE44EA1D27E878C960D5595F,2026-09-14T15:57:40.280945177Z,pb1xvd4k9jg5h0d4dhzr4z0txtwe9p5zxf58xcmxd,pb1rrwuxd65chqed6t0c5z8z505daw0rvsveyl0eq,,,,,,,,,,,,,2026-09-15T02:56:56.761163+00:00
scope1qqv2e32e85t56yvf23hnsx8kwkxqev2d2n,7068BC0D23C4490C713844E4724CE34FD16A84A2A4C3DDB157F813BF2C37BDD5,2026-09-14T15:55:39.516988553Z,pb18ahv649kg2lfxs786zmpzepn0mhdrafk4fn7df,pb1rrwuxd65chqed6t0c5z8z505daw0rvsveyl0eq,,,,,,,,,,,,,2026-09-15T02:56:57.345189+00:00
scope1qrvdap3hsn95kqdrxx8gth84tp4qfl9fh0,76D9969917CE4C636BCB994D322E60F6FC20AE39A13C53F2F523004300253533,2026-09-14T15:55:22.019948070Z,pb1xvd4k9jg5h0d4dhzr4z0txtwe9p5zxf58xcmxd,pb1rrwuxd65chqed6t0c5z8z505daw0rvsveyl0eq,,,,,,,,,,,,,2026-09-15T02:56:57.916817+00:00
scope1qrdy0hhp00r5cpv4y4p4nglefm9scm3vme,9B69772D908FDB5C59AFCC632F28A6C7B53D34FE453551DB6B4385396C97B6DB,2026-09-14T15:55:17.556517625Z,pb1k38pa6rgnepcs592n4mvr3hxucw8tslprcmlvk,pb1rrwuxd65chqed6t0c5z8z505daw0rvsveyl0eq,,,,,,,,,,,,,2026-09-15T02:56:58.469603+00:00
scope1qrs5d93hufj5cma0m8rrx6qdf6nsqd7aja,7E9E0CD3DEE0D0397FB3E5FE6FE8A38CBCD733C6C736A21084CC2E1F86E7199D,2026-09-14T15:52:37.150819092Z,pb18ahv649kg2lfxs786zmpzepn0mhdrafk4fn7df,pb1rrwuxd65chqed6t0c5z8z505daw0rvsveyl0eq,,,,,,,,,,,,,2026-09-15T02:56:59.023274+00:00
scope1qrzufxkeuxn5uky94pdvs4j45c9scurtqg,7CE783B156205DB3EADF28C844B65B326A20E0880153AFF4A7710527D0CB03EF,2026-09-14T15:51:57.800597635Z,pb13knswfs6ack05wveq5nua7jgc5jnld3zg8xl52,pb1rrwuxd65chqed6t0c5z8z505daw0rvsveyl0eq,,,,,,,,,,,,,2026-09-15T02:56:59.567098+00:00
scope1qp5ed3zypm05wx5m6xmvau7cetqq7cut8z,DADC03D5CE3F7632D7B3C956EFF0D975288BBB45918C642803FCE7D1B6B4277F,2026-09-14T15:50:22.258712230Z,pb16j3hxhr0m56h9u9ptdtz2qpmtd7333f77h64m6,pb1rrwuxd65chqed6t0c5z8z505daw0rvsveyl0eq,,,,,,,,,,,,,2026-09-15T02:57:00.113093+00:00
scope1qzh8ut5u0dayq6auwfwhtj95847snp2td0,A4928F6640B35DF4DBF4DB2C6E2173B37A944A510D9585E6B081480F9C47EDB5,2026-09-14T15:50:17.878843073Z,pb1kx5k0nr068xhxgcmnzzef9523cxdcexlm3r29w,pb1rrwuxd65chqed6t0c5z8z505daw0rvsveyl0eq,,,,,,,,,,,,,2026-09-15T02:57:00.670330+00:00
scope1qpx7ucnpekaycp4f5y4wsrhvye3q4d8whx,6CECC0145E81BE5B1ECC2E2517858276D2F8EBEA4DD08100CD4AEACA07EFBD5E,2026-09-14T15:50:13.579597091Z,pb1xvd4k9jg5h0d4dhzr4z0txtwe9p5zxf58xcmxd,pb1rrwuxd65chqed6t0c5z8z505daw0rvsveyl0eq,,,,,,,,,,,,,2026-09-15T02:57:01.220533+00:00
scope1qr7xlh37aqqypevwhdzga2p3n6ts56cddf,ED1DF46C88F7DE4B9D9A661578F3668B43AC5CCFC3CC0FC17FF7FFB1978C2EAA,2026-09-14T15:50:09.100449879Z,pb1xn26pu6csqg4vj2apq4x4muvc8g2vgazea9ack,pb1rrwuxd65chqed6t0c5z8z505daw0rvsveyl0eq,,,,,,,,,,,,,2026-09-15T02:57:01.788054+00:00
scope1qrlsrtrhacj5sgu2fpq5827ch4gsd5grgn,ED1DF46C88F7DE4B9D9A661578F3668B43AC5CCFC3CC0FC17FF7FFB1978C2EAA,2026-09-14T15:50:09.100449879Z,pb1xn26pu6csqg4vj2apq4x4muvc8g2vgazea9ack,pb1rrwuxd65chqed6t0c5z8z505daw0rvsveyl0eq,,,,,,,,,,,,,2026-09-15T02:57:01.787995+00:00
scope1qrutf7etttz5wwyc0zz5952vvj5s6xa87h,78F73DB555BA3F171C302327D7ED5C9A38D8612E9C63FA4B72137FDD94CE7721,2026-09-14T15:50:00.397829668Z,pb1xn26pu6csqg4vj2apq4x4muvc8g2vgazea9ack,pb1rrwuxd65chqed6t0c5z8z505daw0rvsveyl0eq,,,,,,,,,,,,,2026-09-15T02:57:02.340755+00:00
scope1qrtmfqg4yv8ynw5qd978mjyr25gs5ll5rr,6D1E8C95B1011E2B1EAB2F10CDA22A3BD1F7AF9DABEA547A11DD6E4E536126F3,2026-09-14T15:49:55.930416363Z,pb1xn26pu6csqg4vj2apq4x4muvc8g2vgazea9ack,pb1rrwuxd65chqed6t0c5z8z505daw0rvsveyl0eq,,,,,,,,,,,,,2026-09-15T02:57:02.890878+00:00
scope1qr879hzqkg3yp0asu9ueas0ta2lqk2jh49,EFC76D5AAF834C0A7F7861AA99FFC3AB1E572C206B070653D7096481D6FEA8BE,2026-09-14T15:49:47.147996142Z,pb1xn26pu6csqg4vj2apq4x4muvc8g2vgazea9ack,pb1rrwuxd65chqed6t0c5z8z505daw0rvsveyl0eq,,,,,,,,,,,,,2026-09-15T02:57:03.443973+00:00
scope1qrr24ty00pm5d8a0qn79kc4m9xuqkh8zdy,EFC76D5AAF834C0A7F7861AA99FFC3AB1E572C206B070653D7096481D6FEA8BE,2026-09-14T15:49:47.147996142Z,pb1xn26pu6csqg4vj2apq4x4muvc8g2vgazea9ack,pb1rrwuxd65chqed6t0c5z8z505daw0rvsveyl0eq,,,,,,,,,,,,,2026-09-15T02:57:03.443909+00:00
scope1qrpv26zwyn05t4yuvfvs4vednwrstup9n7,13466DE59A8D943DDAFC4A87C684BFCF6B131F07A63C6D96A1787E588FA473BA,2026-09-14T15:49:42.630621729Z,pb1xn26pu6csqg4vj2apq4x4muvc8g2vgazea9ack,pb1rrwuxd65chqed6t0c5z8z505daw0rvsveyl0eq,,,,,,,,,,,,,2026-09-15T02:57:03.993847+00:00
scope1qz8gcy2rhg05c6a2px0jrg6qxfvscssseu,ADC199326DE3FFBE9839378F6904241732204F6635D67238D449B151F16110B3,2026-09-14T15:49:25.303435868Z,pb1xn26pu6csqg4vj2apq4x4muvc8g2vgazea9ack,pb1rrwuxd65chqed6t0c5z8z505daw0rvsveyl0eq,,,,,,,,,,,,,2026-09-15T02:57:04.541019+00:00
scope1qz6ak0zyrsw594d4wte56jkxymlq5cdamr,0691234AD1C933B96BA6F9045478A56E50B704BB3DEE3AAB69C452E385D7430D,2026-09-14T15:49:12.415355611Z,pb1xvd4k9jg5h0d4dhzr4z0txtwe9p5zxf58xcmxd,pb1rrwuxd65chqed6t0c5z8z505daw0rvsveyl0eq,,,,,,,,,,,,,2026-09-15T02:57:05.647372+00:00
scope1qpk6cnweg5lyr0aqam4kj0l9m8gskg4gxy,D0A3AED9CBF0342F096E0286F6BE4A04E5A8D5057AB5E433F2AD0E66F05DB2C1,2026-09-14T15:49:12.415355611Z,pb1xn26pu6csqg4vj2apq4x4muvc8g2vgazea9ack,pb1rrwuxd65chqed6t0c5z8z505daw0rvsveyl0eq,,,,,,,,,,,,,2026-09-15T02:57:05.091330+00:00
scope1qp3fq52zjlcy5hdzw8dzka3fuy6s9zzes4,7F1BE082E48AAE1541ECF3F995B840FEA19D839ECC733D0E858DE978361496E5,2026-09-14T15:49:08.069521068Z,pb1xn26pu6csqg4vj2apq4x4muvc8g2vgazea9ack,pb1rrwuxd65chqed6t0c5z8z505daw0rvsveyl0eq,,,,,,,,,,,,,2026-09-15T02:57:06.219301+00:00
scope1qpwmx3e2zym5vsyz3tpwg2646ppssdshx6,7F1BE082E48AAE1541ECF3F995B840FEA19D839ECC733D0E858DE978361496E5,2026-09-14T15:49:08.069521068Z,pb1xn26pu6csqg4vj2apq4x4muvc8g2vgazea9ack,pb1rrwuxd65chqed6t0c5z8z505daw0rvsveyl0eq,,,,,,,,,,,,,2026-09-15T02:57:06.219289+00:00
scope1qpwuur4tsa9yqdu723yle0jyzxcs6npug3,7F1BE082E48AAE1541ECF3F995B840FEA19D839ECC733D0E858DE978361496E5,2026-09-14T15:49:08.069521068Z,pb1xn26pu6csqg4vj2apq4x4muvc8g2vgazea9ack,pb1rrwuxd65chqed6t0c5z8z505daw0rvsveyl0eq,,,,,,,,,,,,,2026-09-15T02:57:06.219231+00:00
scope1qpfxjccu8uw55045fjgylt8mh26s5gxak7,E9EC1C033521722E5EB9EE7368A406016834F846B7EB8A2BE4091C8FFB16A065,2026-09-14T15:49:03.714791786Z,pb1xn26pu6csqg4vj2apq4x4muvc8g2vgazea9ack,pb1rrwuxd65chqed6t0c5z8z505daw0rvsveyl0eq,,,,,,,,,,,,,2026-09-15T02:57:06.787118+00:00
scope1qpdcjr7sgg25x55grpzs054y8ess2wjdfc,E9EC1C033521722E5EB9EE7368A406016834F846B7EB8A2BE4091C8FFB16A065,2026-09-14T15:49:03.714791786Z,pb1xn26pu6csqg4vj2apq4x4muvc8g2vgazea9ack,pb1rrwuxd65chqed6t0c5z8z505daw0rvsveyl0eq,,,,,,,,,,,,,2026-09-15T02:57:06.787104+00:00
scope1qp27dqadgzuy0qaghg8w9k7v7zxs5r3fdr,E9EC1C033521722E5EB9EE7368A406016834F846B7EB8A2BE4091C8FFB16A065,2026-09-14T15:49:03.714791786Z,pb1xn26pu6csqg4vj2apq4x4muvc8g2vgazea9ack,pb1rrwuxd65chqed6t0c5z8z505daw0rvsveyl0eq,,,,,,,,,,,,,2026-09-15T02:57:06.787033+00:00
scope1qpxpst02w475au470a6rc328w3fqyy6tvl,6B196279F96DF3198231BC3C7476F0C7D8A81478407CCC929E48BE2F8766CC85,2026-09-14T15:48:59.279172073Z,pb1xn26pu6csqg4vj2apq4x4muvc8g2vgazea9ack,pb1rrwuxd65chqed6t0c5z8z505daw0rvsveyl0eq,,,,,,,,,,,,,2026-09-15T02:57:07.349030+00:00
scope1qpz64j0q0lm5jy4ytcprzl6df2ws8a37v8,6B196279F96DF3198231BC3C7476F0C7D8A81478407CCC929E48BE2F8766CC85,2026-09-14T15:48:59.279172073Z,pb1xn26pu6csqg4vj2apq4x4muvc8g2vgazea9ack,pb1rrwuxd65chqed6t0c5z8z505daw0rvsveyl0eq,,,,,,,,,,,,,2026-09-15T02:57:07.349013+00:00
scope1qqlsd2tmx7yyxvdmcehfv2dz667q4twmv2,6B196279F96DF3198231BC3C7476F0C7D8A81478407CCC929E48BE2F8766CC85,2026-09-14T15:48:59.279172073Z,pb1xn26pu6csqg4vj2apq4x4muvc8g2vgazea9ack,pb1rrwuxd65chqed6t0c5z8z505daw0rvsveyl0eq,,,,,,,,,,,,,2026-09-15T02:57:07.348935+00:00
scope1qqmh996e9geyksyat8ftdh7av58q8lv4q3,83B71C87046286D290BA3F5196E8219E6F17D6603EF5497950CC75E5E1565DF9,2026-09-14T15:48:50.380550652Z,pb1xn26pu6csqg4vj2apq4x4muvc8g2vgazea9ack,pb1rrwuxd65chqed6t0c5z8z505daw0rvsveyl0eq,,,,,,,,,,,,,2026-09-15T02:57:07.898014+00:00
scope1qqja8jax7uwyep946cjmsmrv7f7qaxgtcm,0977353D4E059C9F60BC1C5ACB2856C84FD770A2F270EE01C835F1D3F7994518,2026-09-14T15:48:45.985539339Z,pb1xn26pu6csqg4vj2apq4x4muvc8g2vgazea9ack,pb1rrwuxd65chqed6t0c5z8z505daw0rvsveyl0eq,,,,,,,,,,,,,2026-09-15T02:57:09.020104+00:00
scope1qqtzl7swhvx5uc4w8ld0xrddvzjsjskda2,0977353D4E059C9F60BC1C5ACB2856C84FD770A2F270EE01C835F1D3F7994518,2026-09-14T15:48:45.985539339Z,pb1xn26pu6csqg4vj2apq4x4muvc8g2vgazea9ack,pb1rrwuxd65chqed6t0c5z8z505daw0rvsveyl0eq,,,,,,,,,,,,,2026-09-15T02:57:09.020091+00:00
scope1qqfd4u9f4r4yrmy8a66mrg8sszdqad8es9,0977353D4E059C9F60BC1C5ACB2856C84FD770A2F270EE01C835F1D3F7994518,2026-09-14T15:48:45.985539339Z,pb1xn26pu6csqg4vj2apq4x4muvc8g2vgazea9ack,pb1rrwuxd65chqed6t0c5z8z505daw0rvsveyl0eq,,,,,,,,,,,,,2026-09-15T02:57:09.019984+00:00
scope1qqj6v8kn4mj5f29rk205g75s8c6q9rcpk9,64C041153E00B31458F0CCBA5DCA1E26D021DC684250E57D5E4BE52D3AEDF265,2026-09-14T15:48:45.985539339Z,pb1xvd4k9jg5h0d4dhzr4z0txtwe9p5zxf58xcmxd,pb1rrwuxd65chqed6t0c5z8z505daw0rvsveyl0eq,,,,,,,,,,,,,2026-09-15T02:57:08.451093+00:00
scope1qqssy3afshpyg0uftfd3ekyx7uqq55hu64,4F7807FC3FE7DC3FFCCEFC266E45D5F8E8A635ACF91FBE162A1D3062B454CD18,2026-09-14T15:48:41.694694024Z,pb1xn26pu6csqg4vj2apq4x4muvc8g2vgazea9ack,pb1rrwuxd65chqed6t0c5z8z505daw0rvsveyl0eq,,,,,,,,,,,,,2026-09-15T02:57:09.574521+00:00
scope1qqtw2l95pghyx7ujtfqdrfsmd4fscmfpdv,4F7807FC3FE7DC3FFCCEFC266E45D5F8E8A635ACF91FBE162A1D3062B454CD18,2026-09-14T15:48:41.694694024Z,pb1xn26pu6csqg4vj2apq4x4muvc8g2vgazea9ack,pb1rrwuxd65chqed6t0c5z8z505daw0rvsveyl0eq,,,,,,,,,,,,,2026-09-15T02:57:09.574448+00:00
scope1qq9gzfzgqtx52wdq706azcqdg5sq6wsuhp,3AED1B830A07CDF6A1A660D6DB98BA348C93376BF160AD56AF4D6028695C6DAA,2026-09-14T15:48:32.835766505Z,pb1xn26pu6csqg4vj2apq4x4muvc8g2vgazea9ack,pb1rrwuxd65chqed6t0c5z8z505daw0rvsveyl0eq,,,,,,,,,,,,,2026-09-15T02:57:10.706384+00:00
scope1qqrh5z3z0tnynrud46zggdf88gqqga3v4n,3AED1B830A07CDF6A1A660D6DB98BA348C93376BF160AD56AF4D6028695C6DAA,2026-09-14T15:48:32.835766505Z,pb1xn26pu6csqg4vj2apq4x4muvc8g2vgazea9ack,pb1rrwuxd65chqed6t0c5z8z505daw0rvsveyl0eq,,,,,,,,,,,,,2026-09-15T02:57:10.706325+00:00
scope1qpxge2cjuhly9ddvhf4k7wlegu8qcjmace,7FC73C8A3E6DE73A8D4B68752E1A4470E7D682AEEC92D5599A8DFAB195E2AA85,2026-09-14T15:48:32.835766505Z,pb1xvd4k9jg5h0d4dhzr4z0txtwe9p5zxf58xcmxd,pb1rrwuxd65chqed6t0c5z8z505daw0rvsveyl0eq,,,,,,,,,,,,,2026-09-15T02:57:10.141494+00:00
scope1qr5nyj60yygy5mall3nc4fa22zusr5dkke,EB873641B116D7F6ABCCF83C5C697407D442A25C1D4E560EA27CF2E137C9033E,2026-09-14T15:45:43.277522493Z,pb1xn26pu6csqg4vj2apq4x4muvc8g2vgazea9ack,pb1rrwuxd65chqed6t0c5z8z505daw0rvsveyl0eq,,,,,,,,,,,,,2026-09-15T02:57:11.270377+00:00
scope1qzxdtj72jzry575gr9kvmc385heqk5fxq3,78A827F1513BFD520B4D3A20799FE8BCABBD009C41CA06770314DEF01AF462E0,2026-09-14T15:45:25.090003315Z,pb1k38pa6rgnepcs592n4mvr3hxucw8tslprcmlvk,pb1rrwuxd65chqed6t0c5z8z505daw0rvsveyl0eq,,,,,,,,,,,,,2026-09-15T02:57:11.831397+00:00
scope1qr4crhz6jng5cc48gzylp4n556vqhc7l53,78A827F1513BFD520B4D3A20799FE8BCABBD009C41CA06770314DEF01AF462E0,2026-09-14T15:45:25.090003315Z,pb1k38pa6rgnepcs592n4mvr3hxucw8tslprcmlvk,pb1rrwuxd65chqed6t0c5z8z505daw0rvsveyl0eq,,,,,,,,,,,,,2026-09-15T02:57:11.831326+00:00
scope1qz45srluvwh56x922vtrwfs6u92sakw0le,ECDA62D3FC987D566045FB08C18A16B396B111AD54B17EA31CA487F8277FE8B5,2026-09-14T15:45:20.714075850Z,pb1xvd4k9jg5h0d4dhzr4z0txtwe9p5zxf58xcmxd,pb1rrwuxd65chqed6t0c5z8z505daw0rvsveyl0eq,,,,,,,,,,,,,2026-09-15T02:57:12.385148+00:00
scope1qqhpu57jhx356uaj4a6gu05lxagqqca8xs,4D07683F27DB6A74E244602286B30029F6D1BAD34F3CCA8AFB8F8953718777B1,2026-09-14T15:45:16.329850516Z,pb1xvd4k9jg5h0d4dhzr4z0txtwe9p5zxf58xcmxd,pb1rrwuxd65chqed6t0c5z8z505daw0rvsveyl0eq,,,,,,,,,,,,,2026-09-15T02:57:12.945554+00:00
scope1qqxlwnz5jxy5zy5m6dpcs9vk9luqael644,F8D8D2A364C6EAEC0C525A6E0FE890CD0D1281167193EB798BAD66CE2F18EBB3,2026-09-14T15:44:59.042200774Z,pb1xvd4k9jg5h0d4dhzr4z0txtwe9p5zxf58xcmxd,pb1rrwuxd65chqed6t0c5z8z505daw0rvsveyl0eq,,,,,,,,,,,,,2026-09-15T02:57:13.497440+00:00
scope1qqn9xxn0m4y5u2vdq7paygf0sfgq4l2kn3,ACD2F9D3F97E8535572E4202AD5BBA4F8A3006E84C92F97542472232501EE733,2026-09-14T15:44:33.016882593Z,pb1xvd4k9jg5h0d4dhzr4z0txtwe9p5zxf58xcmxd,pb1rrwuxd65chqed6t0c5z8z505daw0rvsveyl0eq,,,,,,,,,,,,,2026-09-15T02:57:14.057652+00:00
scope1qrdujman68h5q6dmargaucynsd2q7gux3a,FF9A3415C3EBE1D30D47D8E2DA83B5861CA4A8C33262AD72FEFEB8B745CB9950,2026-09-14T15:41:43.221929160Z,pb1xvd4k9jg5h0d4dhzr4z0txtwe9p5zxf58xcmxd,pb1rrwuxd65chqed6t0c5z8z505daw0rvsveyl0eq,,,,,,,,,,,,,2026-09-15T02:57:14.603613+00:00
scope1qrxxpux0s8lyf5vkxtd9rhve53vq99rse0,1ED1C4446702D225648306176A238DDD29ABCA2F79075D44D397833D2D42A5FA,2026-09-14T15:40:33.519934739Z,pb1kx5k0nr068xhxgcmnzzef9523cxdcexlm3r29w,pb1rrwuxd65chqed6t0c5z8z505daw0rvsveyl0eq,,,,,,,,,,,,,2026-09-15T02:57:31.886162+00:00
scope1qp06866k00w5985t4ugt282vp5wsq2fy0m,12B4232F3017745475721F29B22192C7B3384DD2B1134ECF2FD45B139D98111A,2026-09-14T15:40:24.668758630Z,pb1awn7unm6pv3rd9s0wzg4vje357dn3pn8ua530c,pb1rrwuxd65chqed6t0c5z8z505daw0rvsveyl0eq,,,,,,,,,,,,,2026-09-15T02:57:32.438938+00:00
scope1qreq2w97shs5w5dsk0hwk272rx5q8jhh8z,91F89B4E1097761D75A489986527C1A1774A7A5F5BA93D28CC649C160402A4B7,2026-09-14T15:40:20.381647672Z,pb1awn7unm6pv3rd9s0wzg4vje357dn3pn8ua530c,pb1rrwuxd65chqed6t0c5z8z505daw0rvsveyl0eq,,,,,,,,,,,,,2026-09-15T02:57:33.003466+00:00
scope1qqqem44h9lc56m4envrtzacpt4zsqsgcq2,7C306C67D50AABAB7765D11C99FD53B504C3930824D795F0415124AD1DED1A66,2026-09-14T15:39:58.646099893Z,pb1xvd4k9jg5h0d4dhzr4z0txtwe9p5zxf58xcmxd,pb1rrwuxd65chqed6t0c5z8z505daw0rvsveyl0eq,,,,,,,,,,,,,2026-09-15T02:57:33.559351+00:00
scope1qrxmkj676g45gxd9gmsu042dg57sgez702,55E22C920398401C21F5D948F5ABFCF4CF53CA742606AC9A93F6493EBC7E5D7D,2026-09-14T15:39:49.668505524Z,pb13knswfs6ack05wveq5nua7jgc5jnld3zg8xl52,pb1rrwuxd65chqed6t0c5z8z505daw0rvsveyl0eq,,,,,,,,,,,,,2026-09-15T02:57:34.119944+00:00
scope1qqep2ls70pe5s7awfdsktyz50ghqqyl0lp,24F5E3D32BE026A564B0D2123F51635A8DD1C542F2D324C3B08E95E8A6F5F7FF,2026-09-14T15:35:41.992897637Z,pb13knswfs6ack05wveq5nua7jgc5jnld3zg8xl52,pb1rrwuxd65chqed6t0c5z8z505daw0rvsveyl0eq,,,,,,,,,,,,,2026-09-15T02:57:34.688232+00:00
scope1qzvgjxwa6h9yp95dfl2k5f09e8jsnnhqcy,2456298D3FC1AB97603A536C999BDD8BF6C8EF958211B1D364ADFA4B0977EF65,2026-09-14T15:35:24.843639034Z,pb1qjxvmds5pwjt3zursu967phrlf29ndtqr82r4e,pb1rrwuxd65chqed6t0c5z8z505daw0rvsveyl0eq,,,,,,,,,,,,,2026-09-15T02:57:35.240648+00:00
scope1qzkyzd0m22ny64dngv2z5ynvnvxsctv58a,7ABDD3D6F77555ED474598FBB0484689D2864C53279F4D1B796F7BC77431AE82,2026-09-14T15:35:20.442861265Z,pb1xvd4k9jg5h0d4dhzr4z0txtwe9p5zxf58xcmxd,pb1rrwuxd65chqed6t0c5z8z505daw0rvsveyl0eq,,,,,,,,,,,,,2026-09-15T02:57:36.349395+00:00
scope1qrzz443dpygyxh42rw9ddhaq9xlql5x935,7E5FE66AA2CE6D6302F0DE2955062E5E9723F9B002E37868CD076F7F3173FAB0,2026-09-14T15:35:20.442861265Z,pb1rsc5424sgxhxd6jfxr6n7agl50c7kxppkult50,pb1rrwuxd65chqed6t0c5z8z505daw0rvsveyl0eq,,,,,,,,,,,,,2026-09-15T02:57:35.797983+00:00
scope1qptd87e9u0r5pcuk4gkv0ly59rqs9ku90a,EE3864D5A427FAE5B3A8C5231D148ED27EFBEE909B0A33D874064ADCA40939B6,2026-09-14T15:32:07.925586519Z,pb1xvd4k9jg5h0d4dhzr4z0txtwe9p5zxf58xcmxd,pb1rrwuxd65chqed6t0c5z8z505daw0rvsveyl0eq,,,,,,,,,,,,,2026-09-15T02:57:36.906192+00:00
scope1qrkqpau02sry2759nnf00drmt5jsykpdyc,B6026E17A794DADEB8DD900B753F744F97781760304A3DD0C262C7C73CB59FB1,2026-09-14T15:31:20.667157977Z,pb13knswfs6ack05wveq5nua7jgc5jnld3zg8xl52,pb1rrwuxd65chqed6t0c5z8z505daw0rvsveyl0eq,,,,,,,,,,,,,2026-09-15T02:57:37.453577+00:00
scope1qrlq33hahndy424vq4wvrw4l6qhqk475tx,1D4BC17C682137474D8258F821F7BA10F6A35E5473D16B80CC0A1E47EA44409B,2026-09-14T15:30:28.738278744Z,pb134yg6h3g0vjq9ct2lpmx6sdxv3yuz942wrpxuu,pb1rrwuxd65chqed6t0c5z8z505daw0rvsveyl0eq,,,,,,,,,,,,,2026-09-15T02:57:38.004557+00:00
scope1qr2zwa89ah4y8yd3p0qg2384fxfsxkjxy5,BD33D619E4C7C8D8FF813FC5EA855E8F6CC880A95F99C17E076DFFB2C927E0EF,2026-09-14T15:30:24.252794810Z,pb16j3hxhr0m56h9u9ptdtz2qpmtd7333f77h64m6,pb1rrwuxd65chqed6t0c5z8z505daw0rvsveyl0eq,,,,,,,,,,,,,2026-09-15T02:57:38.556592+00:00
scope1qqjxufc5cgt50x5525vj0j8l558qslvmsy,2B528CA8611893ADF5C9A29D6DD0C26083F7F4829EF4DAE7A6CC52434B7D0F37,2026-09-14T15:30:19.674536857Z,pb1xvd4k9jg5h0d4dhzr4z0txtwe9p5zxf58xcmxd,pb1rrwuxd65chqed6t0c5z8z505daw0rvsveyl0eq,,,,,,,,,,,,,2026-09-15T02:57:39.109374+00:00
scope1qzj2qdxxensyhq90h70jlrchvs3swf9ztd,2369DAA35C36F5FA441A4E5F4E1E2EBC54EE041DBAD59113F014095CFBB7E88C,2026-09-14T15:27:46.705136766Z,pb1xvd4k9jg5h0d4dhzr4z0txtwe9p5zxf58xcmxd,pb1rrwuxd65chqed6t0c5z8z505daw0rvsveyl0eq,,,,,,,,,,,,,2026-09-15T02:57:39.666037+00:00
scope1qr23p8wk2ya5javxyqfqn6sqgxys7ahsvf,658D35B2A233A540CB09C7CAAA60CFF13710D3998792564F9A49C996E29AC37C,2026-09-14T15:26:50.563540784Z,pb1kx5k0nr068xhxgcmnzzef9523cxdcexlm3r29w,pb1rrwuxd65chqed6t0c5z8z505daw0rvsveyl0eq,,,,,,,,,,,,,2026-09-15T02:57:40.224944+00:00
scope1qp7msmnp0nh57ev9c40yy40s4qyqrfqhf8,040489D3A28096A06A2DF50A5070D1DEDF13E5C039BC2E66BE2B776D160AB721,2026-09-14T15:26:15.475404483Z,pb1xvd4k9jg5h0d4dhzr4z0txtwe9p5zxf58xcmxd,pb1rrwuxd65chqed6t0c5z8z505daw0rvsveyl0eq,,,,,,,,,,,,,2026-09-15T02:57:40.784888+00:00
scope1qr8nr89n7aqy8m4fxhj2tsz4nawqgeujxx,4659FCA3974924820CC713727F3E5A0F76C0EFF55FACCA3E232C62DE68A50087,2026-09-14T15:25:23.132809081Z,pb109v8r0nk4du3k7vw3yf5dt8cjnhp9dtmaqahaa,pb1rrwuxd65chqed6t0c5z8z505daw0rvsveyl0eq,,,,,,,,,,,,,2026-09-15T02:57:41.336535+00:00
scope1qq9ngrdzmztym34z2unhnq8wvp9qx3603t,35FE39560752DB0AB82D6AE1662CD063E35754C0779766EEB3F66C68A49C5A7C,2026-09-14T15:25:18.828996907Z,pb1xvd4k9jg5h0d4dhzr4z0txtwe9p5zxf58xcmxd,pb1rrwuxd65chqed6t0c5z8z505daw0rvsveyl0eq,,,,,,,,,,,,,2026-09-15T02:57:41.890932+00:00
scope1qryvu4frkgqylavw45642u0cxdhqfepxzv,20A3353FBDBF24F6BA50BCC36F03E24AD12727D5D2A52DB14B9BFAA67D3BA3ED,2026-09-14T15:23:56.786282162Z,pb1awn7unm6pv3rd9s0wzg4vje357dn3pn8ua530c,pb1rrwuxd65chqed6t0c5z8z505daw0rvsveyl0eq,,,,,,,,,,,,,2026-09-15T02:57:42.446136+00:00
scope1qrsaweq20a559sa2n5jutrjd359svzzrxq,AA5DF1D51140796BB05848E01CDC50EE621AD125FF0C50D75C089F2DACD217F9,2026-09-14T15:22:51.789346489Z,pb1xvd4k9jg5h0d4dhzr4z0txtwe9p5zxf58xcmxd,pb1rrwuxd65chqed6t0c5z8z505daw0rvsveyl0eq,,,,,,,,,,,,,2026-09-15T02:57:42.998238+00:00
scope1qrkyrhma6fzyquy88tl5m9vg62fqd78rxx,46C30110B3A8404AD11EDD42B4CC446AD4219D79CD1BF6BC8BE3F91514EBDA40,2026-09-14T15:22:16.868409128Z,pb1mlw6hrg0fx79txuzq6frj2vms8gvxntep75f67,pb1rrwuxd65chqed6t0c5z8z505daw0rvsveyl0eq,,,,,,,,,,,,,2026-09-15T02:57:43.553716+00:00
scope1qqlhav3zd02y0f45kvu5nd8wf7nq9z9n8n,A4E006B99AA58A8502F10B209559D41CEB316140A794B802D3D02087372A3692,2026-09-14T15:21:29.494358232Z,pb1xvd4k9jg5h0d4dhzr4z0txtwe9p5zxf58xcmxd,pb1rrwuxd65chqed6t0c5z8z505daw0rvsveyl0eq,,,,,,,,,,,,,2026-09-15T02:57:44.108231+00:00
scope1qpxgeerm60r5ffdjl5a82rsv5dfsg0tn7x,66369807DD34AEDFB43F42687D55A7C43C9DD2C0F3AD27A4A43B2985BD1928DF,2026-09-14T15:20:50.340942858Z,pb1xvd4k9jg5h0d4dhzr4z0txtwe9p5zxf58xcmxd,pb1rrwuxd65chqed6t0c5z8z505daw0rvsveyl0eq,,,,,,,,,,,,,2026-09-15T02:57:44.664398+00:00
scope1qzrqv6vtp2zyzlajucdmeyy0kajqy0vrl5,8439AE74977697B5F7654DFC3D7B6BAD9CEDBE1CF2E386E91855CBB4A1CBA919,2026-09-14T15:20:33.101203892Z,pb1q4ffj426hu5fj0h7muy2h7hj6sqmqe7vz67245,pb1rrwuxd65chqed6t0c5z8z505daw0rvsveyl0eq,,,,,,,,,,,,,2026-09-15T02:57:45.224030+00:00
scope1qrdrpgk06465d75yxw9av5m39mnsq86dye,F030A79B3A25F822219BD558884C55BB52FB973B88287B2B84908189253856F6,2026-09-14T15:20:28.494764229Z,pb1kx5k0nr068xhxgcmnzzef9523cxdcexlm3r29w,pb1rrwuxd65chqed6t0c5z8z505daw0rvsveyl0eq,,,,,,,,,,,,,2026-09-15T02:57:46.333621+00:00
scope1qq9azx3je26ye7yppufjlyaukquslc7pm2,F14BA271CE746568614C08AA246423B808FA79C7DA6D6F6C92811F4E6B1CE879,2026-09-14T15:20:28.494764229Z,pb1xvd4k9jg5h0d4dhzr4z0txtwe9p5zxf58xcmxd,pb1rrwuxd65chqed6t0c5z8z505daw0rvsveyl0eq,,,,,,,,,,,,,2026-09-15T02:57:45.778488+00:00
scope1qqwpr0u0mzhy9f92yrpwjrhk583sw82hpr,25E31132570DFAE5F531617E059AFD7D399D57C4F63EA16C73AC34A4F873CC01,2026-09-14T15:20:19.789933841Z,pb1kx5k0nr068xhxgcmnzzef9523cxdcexlm3r29w,pb1rrwuxd65chqed6t0c5z8z505daw0rvsveyl0eq,,,,,,,,,,,,,2026-09-15T02:57:46.894288+00:00
scope1qz0clasx58954094k6x3eh0qxlgqc6xjtl,27FC7A0652D82AEFEFDB771651EF5690E25C68A363D229C61AA9733FA3A3D0DB,2026-09-14T15:19:53.789450818Z,pb1xvd4k9jg5h0d4dhzr4z0txtwe9p5zxf58xcmxd,pb1rrwuxd65chqed6t0c5z8z505daw0rvsveyl0eq,,,,,,,,,,,,,2026-09-15T02:57:47.447038+00:00
scope1qq96wdfu0ckyzr4x9qhug5j5cu2qljzehu,6739090B7B9879CA61B626CEB5948359697D2A7F122ACBD961A9A4ACC708FB91,2026-09-14T15:16:25.333369819Z,pb13knswfs6ack05wveq5nua7jgc5jnld3zg8xl52,pb1rrwuxd65chqed6t0c5z8z505daw0rvsveyl0eq,,,,,,,,,,,,,2026-09-15T02:57:47.995975+00:00
scope1qpwhv4vk5ye5atyenccm0yj8algswgl00l,E6F667A8F345FBC87AF5D055E3B458EADA69B3871D866E4D2CD6FC5F51A30DF1,2026-09-14T15:15:33.518613725Z,pb1xzl9wgh0ry2dma43f58vmuteqd3996j6mhqhgz,pb1rrwuxd65chqed6t0c5z8z505daw0rvsveyl0eq,,,,,,,,,,,,,2026-09-15T02:57:49.108652+00:00
scope1qp65vd583efytn9nlvxfztz2ce7slaps5j,8420D66587E9957AB9801F4D05EBC119D25221DE0172A0A86DEFA9C8C058FB01,2026-09-14T15:15:33.518613725Z,pb1xzvkzyt5q3940rp2e299hx0e5udrhgne2a8ylk,pb1rrwuxd65chqed6t0c5z8z505daw0rvsveyl0eq,,,,,,,,,,,,,2026-09-15T02:57:48.548638+00:00
scope1qr8zh4sv539yuvyrf9etv2rxkg4ss5kfmz,302BF8054E11D4F08D4FE4A75A5B6AB33AA52C1222E366717F0E7F5BD17C6514,2026-09-14T15:15:24.984347397Z,pb1kx5k0nr068xhxgcmnzzef9523cxdcexlm3r29w,pb1rrwuxd65chqed6t0c5z8z505daw0rvsveyl0eq,,,,,,,,,,,,,2026-09-15T02:57:50.226927+00:00
scope1qqueu7s7upq5c6urg7sl7cghu8msku9kzp,1B3D6E171E7B2E32F77ECFD02B941634FCD284DC068E39AEF36A9838722FF952,2026-09-14T15:15:24.984347397Z,pb1qqzphpm5wlnere7ctv65zef82vgfjq2vppvefg,pb1rrwuxd65chqed6t0c5z8z505daw0rvsveyl0eq,,,,,,,,,,,,,2026-09-15T02:57:49.668948+00:00
scope1qq33fppnr0p5z6yun3jl3ue8355stmk3ck,D8D33C7FEC844BB9F3F51885D8EF2BEE9E269785F2C0F6568A70DB7A85843975,2026-09-14T15:15:20.601029374Z,pb1kx5k0nr068xhxgcmnzzef9523cxdcexlm3r29w,pb1rrwuxd65chqed6t0c5z8z505daw0rvsveyl0eq,,,,,,,,,,,,,2026-09-15T02:57:50.781436+00:00
scope1qz0hfqwzzkmyelalk0p652n646uqf87elw,881765E9171DCD9DBEDD438E889F7B193920747F8C99266E5B3B21B9E8D5E5B4,2026-09-14T15:13:23.506960554Z,pb18ahv649kg2lfxs786zmpzepn0mhdrafk4fn7df,pb1rrwuxd65chqed6t0c5z8z505daw0rvsveyl0eq,,,,,,,,,,,,,2026-09-15T02:57:51.335718+00:00
scope1qz3h9nul5cdyzeyyp7v4lf5e2s9q7wwdev,93E4025A32B6C356207AC6EF07A0315A51A8E9177B4E8E37E6AD5E3A8288AFD2,2026-09-14T15:12:57.303982078Z,pb1k38pa6rgnepcs592n4mvr3hxucw8tslprcmlvk,pb1rrwuxd65chqed6t0c5z8z505daw0rvsveyl0eq,,,,,,,,,,,,,2026-09-15T02:57:51.889536+00:00
scope1qp0lrd8gghj5z2uwsavvt0pmnylqdx4wk5,3B02FD2F3DAE99DCD91C06A95A6D5DD47458560AA28C8EF725C3145113000C4A,2026-09-14T15:12:04.992720813Z,pb13knswfs6ack05wveq5nua7jgc5jnld3zg8xl52,pb1rrwuxd65chqed6t0c5z8z505daw0rvsveyl0eq,,,,,,,,,,,,,2026-09-15T02:57:52.448053+00:00
scope1qrs39u5qyxq59p47xzs40y2dzrss3udyt4,C117A9E6065AADA1220EA48D5238D10329446B490256F70630C323866C3B2384,2026-09-14T15:10:17.028129356Z,pb1mlw6hrg0fx79txuzq6frj2vms8gvxntep75f67,pb1rrwuxd65chqed6t0c5z8z505daw0rvsveyl0eq,,,,,,,,,,,,,2026-09-15T02:57:53.003238+00:00
scope1qzql4km4aee58zdpyma7wxmw6ejqpkwrlt,887220ECB75A6531B2E52FBD6B874AD502DB8214164FEA9A0B9299122BD7911E,2026-09-14T15:08:45.771399159Z,pb1xvd4k9jg5h0d4dhzr4z0txtwe9p5zxf58xcmxd,pb1rrwuxd65chqed6t0c5z8z505daw0rvsveyl0eq,,,,,,,,,,,,,2026-09-15T02:57:53.552333+00:00
scope1qz85u5u09faych4wcq06759a9knqpvhe4h,F01C653B6B7C9778F85E5B3EDF20F706575CF97016F5B9BBADDEB0DB2BACF773,2026-09-14T15:06:35.879184804Z,pb1xvd4k9jg5h0d4dhzr4z0txtwe9p5zxf58xcmxd,pb1rrwuxd65chqed6t0c5z8z505daw0rvsveyl0eq,,,,,,,,,,,,,2026-09-15T02:57:54.112419+00:00
scope1qzhe3c57377yauysv02dqmzsfv2swke9x4,481D0A9C0EE6F7E2435578D5C19DE81619EFF5EF37291D7314BBBF95E8BB41EB,2026-09-14T15:05:25.853770415Z,pb1fmxzuzx5c4ja50vu94nt0aessnuedzmppde8qr,pb1rrwuxd65chqed6t0c5z8z505daw0rvsveyl0eq,,,,,,,,,,,,,2026-09-15T02:57:54.674085+00:00
scope1qzvr02f6ast5mq5n2ptqj326xpgqakvmqw,F2E4969DF07C7866930BDA52814F923ACBA41AD6289E5B292BB1993EB13A9BB1,2026-09-14T15:05:17.293813405Z,pb1awn7unm6pv3rd9s0wzg4vje357dn3pn8ua530c,pb1rrwuxd65chqed6t0c5z8z505daw0rvsveyl0eq,,,,,,,,,,,,,2026-09-15T02:57:55.228118+00:00
scope1qqky6kznnkuylcvjzdp9np4g37tsr2sf6m,8F22C563C68DB9DE25C1FEEFF22F8C9612DA0B93CF9CA1D6AAA47DD57FB4383B,2026-09-14T15:04:59.829340632Z,pb1k38pa6rgnepcs592n4mvr3hxucw8tslprcmlvk,pb1rrwuxd65chqed6t0c5z8z505daw0rvsveyl0eq,,,,,,,,,,,,,2026-09-15T02:57:55.789849+00:00
scope1qz68hgpkr4x504557uvc0gz3vc2sht325v,FF300E7E621DC2382C408DADB0CFA8FB90713E192146E01B91CF2D389C46BDEB,2026-09-14T15:00:31.021515229Z,pb13knswfs6ack05wveq5nua7jgc5jnld3zg8xl52,pb1rrwuxd65chqed6t0c5z8z505daw0rvsveyl0eq,,,,,,,,,,,,,2026-09-15T02:57:57.479241+00:00
scope1qrgn37vmtmpy3fdlt0n6c8e6kmhqsk07xt,9F4F29187B447468EEC1935194F04E72C20811A8D8ADB92C99EF9086C38CF29D,2026-09-14T15:00:31.021515229Z,pb1qjxvmds5pwjt3zursu967phrlf29ndtqr82r4e,pb1rrwuxd65chqed6t0c5z8z505daw0rvsveyl0eq,,,,,,,,,,,,,2026-09-15T02:57:56.922103+00:00
scope1qplt70ez8quydu9lr025xv6gcqfqfd6txs,2FBBB8D3E17C3EADE2C6361A513DED555FAB4279D661FA3AC1B9504BE58CF09C,2026-09-14T15:00:31.021515229Z,pb1sdentsz7ymu9qv3rvyscnseqyj02z2dvrakywv,pb1rrwuxd65chqed6t0c5z8z505daw0rvsveyl0eq,,,,,,,,,,,,,2026-09-15T02:57:56.345308+00:00
scope1qphxlvd43zr5f34u54htje385zmqmxf3e9,EF48F2C34778C7211E5843FAEB5F5A9C02085F91BF49375CAB33E99CF9720372,2026-09-14T15:00:22.359276084Z,pb1xvd4k9jg5h0d4dhzr4z0txtwe9p5zxf58xcmxd,pb1rrwuxd65chqed6t0c5z8z505daw0rvsveyl0eq,,,,,,,,,,,,,2026-09-15T02:57:58.030761+00:00
scope1qp64r6k4cazy8huf9z9urrcwl37ssrjx5e,B6410FEE4BCA44CDA9BE7E131F3EB6E3F0D6B1FEC7284887886FD38F5C26D2BD,2026-09-14T14:59:00.289391900Z,pb1k38pa6rgnepcs592n4mvr3hxucw8tslprcmlvk,pb1rrwuxd65chqed6t0c5z8z505daw0rvsveyl0eq,,,,,,,,,,,,,2026-09-15T02:57:58.593227+00:00
scope1qzky49mw5z85fy44kpgr90gpa5zq9fa6my,1B5D3247D6914C0D2A2EEFEEEC8FE82E4A42BBF5D6D0723949061C9E1E8FA217,2026-09-14T14:58:20.723278046Z,pb13knswfs6ack05wveq5nua7jgc5jnld3zg8xl52,pb1rrwuxd65chqed6t0c5z8z505daw0rvsveyl0eq,,,,,,,,,,,,,2026-09-15T02:57:59.145511+00:00
scope1qpefd5jwfzuyq9dx3kewvy8v2e5qv9ng7f,71E2DDDD6B70DE6F8BCB8508FDFB53F73E056349EF7DFC134F807FB743C53C69,2026-09-14T14:57:33.234105107Z,pb1xvd4k9jg5h0d4dhzr4z0txtwe9p5zxf58xcmxd,pb1rrwuxd65chqed6t0c5z8z505daw0rvsveyl0eq,,,,,,,,,,,,,2026-09-15T02:57:59.703598+00:00
scope1qzlsjr5pf8hyutu5pfu402n6fxsseff7s6,14F058AC1252453646F38C15CAB33441DD6011D0574539671D6066A43B7D977D,2026-09-14T14:55:40.241969412Z,pb1xvd4k9jg5h0d4dhzr4z0txtwe9p5zxf58xcmxd,pb1rrwuxd65chqed6t0c5z8z505daw0rvsveyl0eq,,,,,,,,,,,,,2026-09-15T02:58:00.259590+00:00
scope1qz5p4ze8z2l5vvd5s24fkne7rt4svtjhtw,581C7EE9BAEF34F2AB1CE2B3A51A0DE96A0C116F0F2A8BB2A7283412A13FF93A,2026-09-14T14:55:27.273831406Z,pb14ep8k6jtc338c00t9khyrydpw7vywagdzqntwz,pb1rrwuxd65chqed6t0c5z8z505daw0rvsveyl0eq,,,,,,,,,,,,,2026-09-15T02:58:00.812635+00:00
scope1qqwhy03pqps5sy4j8vwe93jp9lnq6clytt,EFE99C8A6AC66A5EF981152ED162C1B009FBD063F7BD52B5A6CDA7B52A8B19B0,2026-09-14T14:55:22.963321078Z,pb1xvd4k9jg5h0d4dhzr4z0txtwe9p5zxf58xcmxd,pb1rrwuxd65chqed6t0c5z8z505daw0rvsveyl0eq,,,,,,,,,,,,,2026-09-15T02:58:01.374710+00:00
scope1qqrm6cy2qvn5ng573cx47z9u9yrq6wg7yv,CAC96FE631BC83692B23C8B2BE04CAF6928DAF8908261211309C790A791E0A03,2026-09-14T14:50:45.851026781Z,pb1k38pa6rgnepcs592n4mvr3hxucw8tslprcmlvk,pb1rrwuxd65chqed6t0c5z8z505daw0rvsveyl0eq,,,,,,,,,,,,,2026-09-15T02:58:01.932459+00:00
scope1qpyduyye0e05gw5gyl6qv7w3uhlqap7uh5,6013115584D71DCC7D40749452FBC977F0049D95561A95F20F96046A5E9022C7,2026-09-14T14:50:41.434471548Z,pb14ep8k6jtc338c00t9khyrydpw7vywagdzqntwz,pb1rrwuxd65chqed6t0c5z8z505daw0rvsveyl0eq,,,,,,,,,,,,,2026-09-15T02:58:02.482475+00:00
scope1qq698sc09ga5sz9fvpn8496yasmsjfsw6g,9127185199ADF34FD4B8FA0D8B3D2E28C694B7039A0DA2A189D846D7CF36CCF7,2026-09-14T14:50:32.641046707Z,pb1xvd4k9jg5h0d4dhzr4z0txtwe9p5zxf58xcmxd,pb1rrwuxd65chqed6t0c5z8z505daw0rvsveyl0eq,,,,,,,,,,,,,2026-09-15T02:58:03.036078+00:00
scope1qrt909va8pzyqe50dvxe8q8agjas22y207,1C8D53A71485CC17EFDBC800C9E589B03462088DD48291B9426CE5741F304721,2026-09-14T14:50:19.588840207Z,pb1fmxzuzx5c4ja50vu94nt0aessnuedzmppde8qr,pb1rrwuxd65chqed6t0c5z8z505daw0rvsveyl0eq,,,,,,,,,,,,,2026-09-15T02:58:03.587662+00:00
scope1qquuc2v8fus5msvfesw4amj8unls64f04h,8F56A1247ABB7C3BA59474B1B399B06EA17E819A6155CB2F0691ECA2D1971F9D,2026-09-14T14:48:53.131682646Z,pb13knswfs6ack05wveq5nua7jgc5jnld3zg8xl52,pb1rrwuxd65chqed6t0c5z8z505daw0rvsveyl0eq,,,,,,,,,,,,,2026-09-15T02:58:04.145468+00:00
scope1qqj8wamc5zw58ga2rkuntdgkat7qxvgwlu,4BCF82D8D334A67EAB2B3D49E1FB803C100EDEB6BDA0FE6694CD600CDA62C4BE,2026-09-14T14:47:09.026171025Z,pb1xvd4k9jg5h0d4dhzr4z0txtwe9p5zxf58xcmxd,pb1rrwuxd65chqed6t0c5z8z505daw0rvsveyl0eq,,,,,,,,,,,,,2026-09-15T02:58:04.717146+00:00
scope1qzjqvz89ja95va582thw84e8qw0sfehn30,5EDA70700C7A823612478DAAC30D7F8531AFC1C656E9C4F25F9F13C0056C76F0,2026-09-14T14:46:17.268564089Z,pb1xvd4k9jg5h0d4dhzr4z0txtwe9p5zxf58xcmxd,pb1rrwuxd65chqed6t0c5z8z505daw0rvsveyl0eq,,,,,,,,,,,,,2026-09-15T02:58:05.276167+00:00
scope1qq2fuwvav8dy0t4s06c0qavgvxxsneaqyk,E12F1D2CE189059FC7E56575D7B5F143F32C744C4718541D1B84C34B80C1E1F2,2026-09-14T14:46:12.994045885Z,pb13knswfs6ack05wveq5nua7jgc5jnld3zg8xl52,pb1rrwuxd65chqed6t0c5z8z505daw0rvsveyl0eq,,,,,,,,,,,,,2026-09-15T02:58:05.862830+00:00
scope1qpvhudw2vys59n5u7gstfq2r9nxq58zlvy,8FE3AAAF072CB7FAF6698DFA77A2FB5B52A15CBB6FA7BCACAC211AD62F117B5F,2026-09-14T14:45:21.060402262Z,pb1xzl9wgh0ry2dma43f58vmuteqd3996j6mhqhgz,pb1rrwuxd65chqed6t0c5z8z505daw0rvsveyl0eq,,,,,,,,,,,,,2026-09-15T02:58:06.412913+00:00
scope1qr5lmntcza458turnsxfnx2aku9skneppr,8643F6AC19FB1D4CC5424FD09962D405F62248EFA949FF90A4C51D5167C9A2D7,2026-09-14T14:45:16.514524596Z,pb17e03lfm0sxjkf860l4n2j2h5yh4s9etq5l9laq,pb1rrwuxd65chqed6t0c5z8z505daw0rvsveyl0eq,,,,,,,,,,,,,2026-09-15T02:58:07.530431+00:00
scope1qrsrwdadeq950k5x0mvqag656qxs864u93,98D8C02A87A0E5185FE95EABA5CADF6679222807F10F3FC3123A5DB5B2B55323,2026-09-14T14:45:16.514524596Z,pb1xvd4k9jg5h0d4dhzr4z0txtwe9p5zxf58xcmxd,pb1rrwuxd65chqed6t0c5z8z505daw0rvsveyl0eq,,,,,,,,,,,,,2026-09-15T02:58:06.970741+00:00
scope1qrrfk9pf74n5x2utkyljwxet4q5skv082e,8443167B2291578F1901923CB037F065FA9CD13215A8A6219BED3B49412C67E0,2026-09-14T14:44:37.332839110Z,pb1xvd4k9jg5h0d4dhzr4z0txtwe9p5zxf58xcmxd,pb1rrwuxd65chqed6t0c5z8z505daw0rvsveyl0eq,,,,,,,,,,,,,2026-09-15T02:58:08.091194+00:00
scope1qp5mtsjnrse5lq53fx3nnkjerxdqa3tqru,255D1D94D9D22169792D04BBEC31D928CD4C79D8289E8C819D8A909E0CB95162,2026-09-14T14:43:53.979803799Z,pb1xvd4k9jg5h0d4dhzr4z0txtwe9p5zxf58xcmxd,pb1rrwuxd65chqed6t0c5z8z505daw0rvsveyl0eq,,,,,,,,,,,,,2026-09-15T02:58:09.216576+00:00
scope1qrag27as3myyk7vsrth4ynm3ajzq4rrfgq,3746AF52E8110F18E914996517C9FFFA1B27137F11F40AA39F1DFB23A3E3BAEE,2026-09-14T14:43:53.979803799Z,pb1xn26pu6csqg4vj2apq4x4muvc8g2vgazea9ack,pb1rrwuxd65chqed6t0c5z8z505daw0rvsveyl0eq,,,,,,,,,,,,,2026-09-15T02:58:08.657409+00:00
scope1qrkqj38wnd656mywj8zkk9jepxqs456xy3,3746AF52E8110F18E914996517C9FFFA1B27137F11F40AA39F1DFB23A3E3BAEE,2026-09-14T14:43:53.979803799Z,pb1xn26pu6csqg4vj2apq4x4muvc8g2vgazea9ack,pb1rrwuxd65chqed6t0c5z8z505daw0rvsveyl0eq,,,,,,,,,,,,,2026-09-15T02:58:08.657339+00:00
scope1qr4jxg666r5ygr5v2wsyvenpxg4sg9pqp2,80DF1A2EF9DEE2DE1FB83449792223A03A61ADAC6642268FFBD4DEDE73806281,2026-09-14T14:43:49.544135779Z,pb1xvd4k9jg5h0d4dhzr4z0txtwe9p5zxf58xcmxd,pb1rrwuxd65chqed6t0c5z8z505daw0rvsveyl0eq,,,,,,,,,,,,,2026-09-15T02:58:10.920116+00:00
scope1qrs937fwvtwy8fywfgaw6nsrtcvsk038tt,27B6AFFD8062D5A9692EC16FEEAAB8986003560ABEB7E162D52AD17E4FDA86E3,2026-09-14T14:43:49.544135779Z,pb1xn26pu6csqg4vj2apq4x4muvc8g2vgazea9ack,pb1rrwuxd65chqed6t0c5z8z505daw0rvsveyl0eq,,,,,,,,,,,,,2026-09-15T02:58:10.360251+00:00
scope1qr8u86vcwpcyhmacymwankx0ztaq050qhc,27B6AFFD8062D5A9692EC16FEEAAB8986003560ABEB7E162D52AD17E4FDA86E3,2026-09-14T14:43:49.544135779Z,pb1xn26pu6csqg4vj2apq4x4muvc8g2vgazea9ack,pb1rrwuxd65chqed6t0c5z8z505daw0rvsveyl0eq,,,,,,,,,,,,,2026-09-15T02:58:10.360239+00:00
scope1qru748t5x54ytgauampl8cw75mts4mzcpc,27B6AFFD8062D5A9692EC16FEEAAB8986003560ABEB7E162D52AD17E4FDA86E3,2026-09-14T14:43:49.544135779Z,pb1xn26pu6csqg4vj2apq4x4muvc8g2vgazea9ack,pb1rrwuxd65chqed6t0c5z8z505daw0rvsveyl0eq,,,,,,,,,,,,,2026-09-15T02:58:10.360165+00:00
scope1qrum40yhz3q59a502c0hcvakjqgqges96c,9934C8FA6E0DF56486DA88A2A4B72A8289052EF754287C5B84D1B782CCD26F5E,2026-09-14T14:43:49.544135779Z,pb1xn26pu6csqg4vj2apq4x4muvc8g2vgazea9ack,pb1rrwuxd65chqed6t0c5z8z505daw0rvsveyl0eq,,,,,,,,,,,,,2026-09-15T02:58:09.785682+00:00
scope1qrpl0wnsnpy5pudd0kwjv50t34mq46yynp,44AEFAD69F10795A1183ED50A40F603269FCCFF7CE9DADECD86D37B464B859AE,2026-09-14T14:43:45.267295897Z,pb1xn26pu6csqg4vj2apq4x4muvc8g2vgazea9ack,pb1rrwuxd65chqed6t0c5z8z505daw0rvsveyl0eq,,,,,,,,,,,,,2026-09-15T02:58:11.490834+00:00
scope1qr090e2v4wwyusu9w4307x8ew95qxgwhwx,44AEFAD69F10795A1183ED50A40F603269FCCFF7CE9DADECD86D37B464B859AE,2026-09-14T14:43:45.267295897Z,pb1xn26pu6csqg4vj2apq4x4muvc8g2vgazea9ack,pb1rrwuxd65chqed6t0c5z8z505daw0rvsveyl0eq,,,,,,,,,,,,,2026-09-15T02:58:11.490820+00:00
scope1qrh79qq7uh55u79vvx3m36y50tfs3fuves,44AEFAD69F10795A1183ED50A40F603269FCCFF7CE9DADECD86D37B464B859AE,2026-09-14T14:43:45.267295897Z,pb1xn26pu6csqg4vj2apq4x4muvc8g2vgazea9ack,pb1rrwuxd65chqed6t0c5z8z505daw0rvsveyl0eq,,,,,,,,,,,,,2026-09-15T02:58:11.490745+00:00
scope1qrzncrwar2rycwd9d28hm9stml2sx9s5e0,4FB112DB8EA1A9FA2B0640EB702BADA0335BDEDBDE84EF72BA848D8604798B4E,2026-09-14T14:43:40.742604681Z,pb1xn26pu6csqg4vj2apq4x4muvc8g2vgazea9ack,pb1rrwuxd65chqed6t0c5z8z505daw0rvsveyl0eq,,,,,,,,,,,,,2026-09-15T02:58:12.670978+00:00
scope1qze07nqzu67y9m9dgd3lymcz3k8shag7ar,4FB112DB8EA1A9FA2B0640EB702BADA0335BDEDBDE84EF72BA848D8604798B4E,2026-09-14T14:43:40.742604681Z,pb1xn26pu6csqg4vj2apq4x4muvc8g2vgazea9ack,pb1rrwuxd65chqed6t0c5z8z505daw0rvsveyl0eq,,,,,,,,,,,,,2026-09-15T02:58:12.670945+00:00
scope1qzcwxtlr50myk3anlm6039d4eays6y366q,4FB112DB8EA1A9FA2B0640EB702BADA0335BDEDBDE84EF72BA848D8604798B4E,2026-09-14T14:43:40.742604681Z,pb1xn26pu6csqg4vj2apq4x4muvc8g2vgazea9ack,pb1rrwuxd65chqed6t0c5z8z505daw0rvsveyl0eq,,,,,,,,,,,,,2026-09-15T02:58:12.670867+00:00
scope1qz7hyrjdvrm5zpa3p3thhw93cj5sms30ah,B1017ACDA3D5284B424534E4033D6C0E9F7EF90C347C34676DB0EEFDF5E1FDC4,2026-09-14T14:43:40.742604681Z,pb1xn26pu6csqg4vj2apq4x4muvc8g2vgazea9ack,pb1rrwuxd65chqed6t0c5z8z505daw0rvsveyl0eq,,,,,,,,,,,,,2026-09-15T02:58:12.105009+00:00
scope1qza9e7kz3fs503590q40a7hln0wq2xsne0,B1017ACDA3D5284B424534E4033D6C0E9F7EF90C347C34676DB0EEFDF5E1FDC4,2026-09-14T14:43:40.742604681Z,pb1xn26pu6csqg4vj2apq4x4muvc8g2vgazea9ack,pb1rrwuxd65chqed6t0c5z8z505daw0rvsveyl0eq,,,,,,,,,,,,,2026-09-15T02:58:12.104937+00:00
scope1qz7l08tr7eu5w4dpc2hdm95nusasw582r9,B6078A49FDAEA746789AC4A1CB209D14291D88B8D80DFE1688EC65182B568542,2026-09-14T14:43:36.370765059Z,pb1xn26pu6csqg4vj2apq4x4muvc8g2vgazea9ack,pb1rrwuxd65chqed6t0c5z8z505daw0rvsveyl0eq,,,,,,,,,,,,,2026-09-15T02:58:13.233563+00:00
scope1qzcm9kcj6jzywm5sv8hck2jhxlps0a5dyf,B6078A49FDAEA746789AC4A1CB209D14291D88B8D80DFE1688EC65182B568542,2026-09-14T14:43:36.370765059Z,pb1xn26pu6csqg4vj2apq4x4muvc8g2vgazea9ack,pb1rrwuxd65chqed6t0c5z8z505daw0rvsveyl0eq,,,,,,,,,,,,,2026-09-15T02:58:13.233505+00:00
scope1qzjta8nnu5syehu2zc6v85xrjqgqz29cpg,E4D8B357D1E7FC3A9BC014F174591EDBE7269940A5D8D8FB4051D15FA33855DB,2026-09-14T14:43:32.163349583Z,pb1xn26pu6csqg4vj2apq4x4muvc8g2vgazea9ack,pb1rrwuxd65chqed6t0c5z8z505daw0rvsveyl0eq,,,,,,,,,,,,,2026-09-15T02:58:13.806484+00:00
scope1qzugydc6fguy4zdzvp7ajf6jzmcql35psk,E4D8B357D1E7FC3A9BC014F174591EDBE7269940A5D8D8FB4051D15FA33855DB,2026-09-14T14:43:32.163349583Z,pb1xn26pu6csqg4vj2apq4x4muvc8g2vgazea9ack,pb1rrwuxd65chqed6t0c5z8z505daw0rvsveyl0eq,,,,,,,,,,,,,2026-09-15T02:58:13.806472+00:00
scope1qz476purkz8yk0vpnjxzc7fe4pcqkfmcac,E4D8B357D1E7FC3A9BC014F174591EDBE7269940A5D8D8FB4051D15FA33855DB,2026-09-14T14:43:32.163349583Z,pb1xn26pu6csqg4vj2apq4x4muvc8g2vgazea9ack,pb1rrwuxd65chqed6t0c5z8z505daw0rvsveyl0eq,,,,,,,,,,,,,2026-09-15T02:58:13.806401+00:00
scope1qzfpw0jmr6lydfyu72g6vl3pgq2sckt8ly,9EE18F391A9BB7EEB5007849A5110964F5AC8C0610B9A0E1B5773F2565B9ECD0,2026-09-14T14:43:27.690413853Z,pb1xn26pu6csqg4vj2apq4x4muvc8g2vgazea9ack,pb1rrwuxd65chqed6t0c5z8z505daw0rvsveyl0eq,,,,,,,,,,,,,2026-09-15T02:58:14.942125+00:00
scope1qz45hx2atxm5dhus25wg264fywlsuwakfh,9EE18F391A9BB7EEB5007849A5110964F5AC8C0610B9A0E1B5773F2565B9ECD0,2026-09-14T14:43:27.690413853Z,pb1xn26pu6csqg4vj2apq4x4muvc8g2vgazea9ack,pb1rrwuxd65chqed6t0c5z8z505daw0rvsveyl0eq,,,,,,,,,,,,,2026-09-15T02:58:14.942066+00:00
scope1qz8ah69p0sty8cdmtn3x3vvk9l4slh3tw4,6048F9CCAB2E88029EBBD1A1D0491B21AEBD1D1AF4C6C52A4C9A166ACE2847A2,2026-09-14T14:43:27.690413853Z,pb1xn26pu6csqg4vj2apq4x4muvc8g2vgazea9ack,pb1rrwuxd65chqed6t0c5z8z505daw0rvsveyl0eq,,,,,,,,,,,,,2026-09-15T02:58:14.377285+00:00
scope1qzj6exrxk375659zmaslqekh8htqm3890u,6048F9CCAB2E88029EBBD1A1D0491B21AEBD1D1AF4C6C52A4C9A166ACE2847A2,2026-09-14T14:43:27.690413853Z,pb1xn26pu6csqg4vj2apq4x4muvc8g2vgazea9ack,pb1rrwuxd65chqed6t0c5z8z505daw0rvsveyl0eq,,,,,,,,,,,,,2026-09-15T02:58:14.377273+00:00
scope1qzryuslqlg55m4urqj8xln90nm5q05h7ea,6048F9CCAB2E88029EBBD1A1D0491B21AEBD1D1AF4C6C52A4C9A166ACE2847A2,2026-09-14T14:43:27.690413853Z,pb1xn26pu6csqg4vj2apq4x4muvc8g2vgazea9ack,pb1rrwuxd65chqed6t0c5z8z505daw0rvsveyl0eq,,,,,,,,,,,,,2026-09-15T02:58:14.377214+00:00
scope1qz20qaum2gs563v5kug40kzmremsdcm8q7,4EB5783FF6FF80B9E5299C63E28871910B5984DF5485EE272F3F9EFDF5169766,2026-09-14T14:43:19.042058513Z,pb1xn26pu6csqg4vj2apq4x4muvc8g2vgazea9ack,pb1rrwuxd65chqed6t0c5z8z505daw0rvsveyl0eq,,,,,,,,,,,,,2026-09-15T02:58:16.632300+00:00
scope1qzqqs69guz6ymguwxqmntewgdevsx6u8v8,4EB5783FF6FF80B9E5299C63E28871910B5984DF5485EE272F3F9EFDF5169766,2026-09-14T14:43:19.042058513Z,pb1xn26pu6csqg4vj2apq4x4muvc8g2vgazea9ack,pb1rrwuxd65chqed6t0c5z8z505daw0rvsveyl0eq,,,,,,,,,,,,,2026-09-15T02:58:16.632281+00:00
scope1qzdsepw7jr5y4q4dqj89ex8kuypqymp9r5,4EB5783FF6FF80B9E5299C63E28871910B5984DF5485EE272F3F9EFDF5169766,2026-09-14T14:43:19.042058513Z,pb1xn26pu6csqg4vj2apq4x4muvc8g2vgazea9ack,pb1rrwuxd65chqed6t0c5z8z505daw0rvsveyl0eq,,,,,,,,,,,,,2026-09-15T02:58:16.632221+00:00
scope1qz82x5vzygq52muzue9lzx962jss6z0mtl,301846CD829E6BF9350B8B9BADF78AA57A99C7B9E7CBC5C0029D9DB0BA10F70B,2026-09-14T14:43:19.042058513Z,pb1xvd4k9jg5h0d4dhzr4z0txtwe9p5zxf58xcmxd,pb1rrwuxd65chqed6t0c5z8z505daw0rvsveyl0eq,,,,,,,,,,,,,2026-09-15T02:58:16.064089+00:00
scope1qzg2gahh8275tsd5jmg6w0n3uq5sfp77z6,9DD9E825D50B73E8C532F713B786C1AEBBE3A24282A077686E30FA873E1823E0,2026-09-14T14:43:19.042058513Z,pb1xn26pu6csqg4vj2apq4x4muvc8g2vgazea9ack,pb1rrwuxd65chqed6t0c5z8z505daw0rvsveyl0eq,,,,,,,,,,,,,2026-09-15T02:58:15.508681+00:00
scope1qzfdty43mrz54s5r7q30h6mxehlqsp77cr,9DD9E825D50B73E8C532F713B786C1AEBBE3A24282A077686E30FA873E1823E0,2026-09-14T14:43:19.042058513Z,pb1xn26pu6csqg4vj2apq4x4muvc8g2vgazea9ack,pb1rrwuxd65chqed6t0c5z8z505daw0rvsveyl0eq,,,,,,,,,,,,,2026-09-15T02:58:15.508623+00:00
scope1qzr6wxw6wveyzxdufh6dc8jntwnsrgxzjt,2EB9B42A513C52A595377EC0A412EB21A33BBB0A3CBB7856BE53430D53EF7343,2026-09-14T14:43:14.664821607Z,pb1xn26pu6csqg4vj2apq4x4muvc8g2vgazea9ack,pb1rrwuxd65chqed6t0c5z8z505daw0rvsveyl0eq,,,,,,,,,,,,,2026-09-15T02:58:17.207335+00:00
scope1qpuucg00frt5s3v58kka6exmr3use7r7lh,2EB9B42A513C52A595377EC0A412EB21A33BBB0A3CBB7856BE53430D53EF7343,2026-09-14T14:43:14.664821607Z,pb1xn26pu6csqg4vj2apq4x4muvc8g2vgazea9ack,pb1rrwuxd65chqed6t0c5z8z505daw0rvsveyl0eq,,,,,,,,,,,,,2026-09-15T02:58:17.207270+00:00
scope1qzqfe6rd28gyhjd8fu6ndwjq2v5q6ys3z9,60CCDA7C8373F926E74E3B84F16CA87750C88FD0EBA4D7D79F994AE19587BDAB,2026-09-14T14:43:10.211161110Z,pb1xn26pu6csqg4vj2apq4x4muvc8g2vgazea9ack,pb1rrwuxd65chqed6t0c5z8z505daw0rvsveyl0eq,,,,,,,,,,,,,2026-09-15T02:58:17.764447+00:00
scope1qpe9lsuwtu455ndxlkla2gmu9ussy6qse3,60CCDA7C8373F926E74E3B84F16CA87750C88FD0EBA4D7D79F994AE19587BDAB,2026-09-14T14:43:10.211161110Z,pb1xn26pu6csqg4vj2apq4x4muvc8g2vgazea9ack,pb1rrwuxd65chqed6t0c5z8z505daw0rvsveyl0eq,,,,,,,,,,,,,2026-09-15T02:58:17.764430+00:00
scope1qphcz0sczmf5cl52pmvvy2kk5fkq0umh73,60CCDA7C8373F926E74E3B84F16CA87750C88FD0EBA4D7D79F994AE19587BDAB,2026-09-14T14:43:10.211161110Z,pb1xn26pu6csqg4vj2apq4x4muvc8g2vgazea9ack,pb1rrwuxd65chqed6t0c5z8z505daw0rvsveyl0eq,,,,,,,,,,,,,2026-09-15T02:58:17.764353+00:00
scope1qpc5cukwfl55604t0peha0fms3xsqvducx,54E33732D691C70CAC08763D6DCBDEEBEE94F2F32337AFCE065051ADF6F6F6DC,2026-09-14T14:43:05.709350624Z,pb1xn26pu6csqg4vj2apq4x4muvc8g2vgazea9ack,pb1rrwuxd65chqed6t0c5z8z505daw0rvsveyl0eq,,,,,,,,,,,,,2026-09-15T02:58:18.334181+00:00
scope1qzqnaj0ks6m5345hxmdcyxur8ldsrdy6gm,54E33732D691C70CAC08763D6DCBDEEBEE94F2F32337AFCE065051ADF6F6F6DC,2026-09-14T14:43:05.709350624Z,pb1xn26pu6csqg4vj2apq4x4muvc8g2vgazea9ack,pb1rrwuxd65chqed6t0c5z8z505daw0rvsveyl0eq,,,,,,,,,,,,,2026-09-15T02:58:18.334161+00:00
scope1qpdz8673quey32vhlndg32z87p4qghcxar,54E33732D691C70CAC08763D6DCBDEEBEE94F2F32337AFCE065051ADF6F6F6DC,2026-09-14T14:43:05.709350624Z,pb1xn26pu6csqg4vj2apq4x4muvc8g2vgazea9ack,pb1rrwuxd65chqed6t0c5z8z505daw0rvsveyl0eq,,,,,,,,,,,,,2026-09-15T02:58:18.334092+00:00
scope1qpqn3hlcnqsyv2vfh03jwwkp69hsaa3gks,BF3F9F6D4AAD24B5598E3BFF3257AB080739C77E4F86291229C7FD0E8120D120,2026-09-14T14:42:56.799012319Z,pb1xn26pu6csqg4vj2apq4x4muvc8g2vgazea9ack,pb1rrwuxd65chqed6t0c5z8z505daw0rvsveyl0eq,,,,,,,,,,,,,2026-09-15T02:58:19.450341+00:00
scope1qph3urkveqz5sn44t0wrft59v4sq3eny78,BF3F9F6D4AAD24B5598E3BFF3257AB080739C77E4F86291229C7FD0E8120D120,2026-09-14T14:42:56.799012319Z,pb1xn26pu6csqg4vj2apq4x4muvc8g2vgazea9ack,pb1rrwuxd65chqed6t0c5z8z505daw0rvsveyl0eq,,,,,,,,,,,,,2026-09-15T02:58:19.450329+00:00
scope1qpwk02tr84u5kvyyq7jx2pj04pvsr5mejn,BF3F9F6D4AAD24B5598E3BFF3257AB080739C77E4F86291229C7FD0E8120D120,2026-09-14T14:42:56.799012319Z,pb1xn26pu6csqg4vj2apq4x4muvc8g2vgazea9ack,pb1rrwuxd65chqed6t0c5z8z505daw0rvsveyl0eq,,,,,,,,,,,,,2026-09-15T02:58:19.450266+00:00
scope1qpktq490lwj5j5axgs9d53qwmwqspfpeg2,4119659F80C03EAB0AAE86BB456903BDC5EF2A9F3775DA2D3B5A5888E24B7D8B,2026-09-14T14:42:56.799012319Z,pb1xn26pu6csqg4vj2apq4x4muvc8g2vgazea9ack,pb1rrwuxd65chqed6t0c5z8z505daw0rvsveyl0eq,,,,,,,,,,,,,2026-09-15T02:58:18.888740+00:00
scope1qpcm5jx4yqny7laf7k0r6z2u7zlqcrwlcc,4119659F80C03EAB0AAE86BB456903BDC5EF2A9F3775DA2D3B5A5888E24B7D8B,2026-09-14T14:42:56.799012319Z,pb1xn26pu6csqg4vj2apq4x4muvc8g2vgazea9ack,pb1rrwuxd65chqed6t0c5z8z505daw0rvsveyl0eq,,,,,,,,,,,,,2026-09-15T02:58:18.888680+00:00
scope1qqltqwk0n0sy3xvu33yefq0ewmpqdhwqnm,CAF01F68F9E82BEEA81F2F5F23B8DC7040FA8A9943097D94ED8E7D7DDDF20CD2,2026-09-14T14:42:52.413042658Z,pb1xn26pu6csqg4vj2apq4x4muvc8g2vgazea9ack,pb1rrwuxd65chqed6t0c5z8z505daw0rvsveyl0eq,,,,,,,,,,,,,2026-09-15T02:58:21.126869+00:00
scope1qqujlwv5qf65539nu7wey8ts849sdeclpp,A54C6161E39F56B356DDD5550F984DD05B4ABCAB728488EF6302D57233A63BC9,2026-09-14T14:42:52.413042658Z,pb1xvd4k9jg5h0d4dhzr4z0txtwe9p5zxf58xcmxd,pb1rrwuxd65chqed6t0c5z8z505daw0rvsveyl0eq,,,,,,,,,,,,,2026-09-15T02:58:20.578255+00:00
scope1qpk5fw7z4rd5yu5dwk2xyxwezgtqgm7nd7,11002E31E0BA17EBA1A6DBE86112C93928D7D5109A918F682B89A077B7388F66,2026-09-14T14:42:52.413042658Z,pb1xn26pu6csqg4vj2apq4x4muvc8g2vgazea9ack,pb1rrwuxd65chqed6t0c5z8z505daw0rvsveyl0eq,,,,,,,,,,,,,2026-09-15T02:58:20.025600+00:00
scope1qp2fqazdnqe5pzdt3s6cyj5sj3xq4ee9mx,11002E31E0BA17EBA1A6DBE86112C93928D7D5109A918F682B89A077B7388F66,2026-09-14T14:42:52.413042658Z,pb1xn26pu6csqg4vj2apq4x4muvc8g2vgazea9ack,pb1rrwuxd65chqed6t0c5z8z505daw0rvsveyl0eq,,,,,,,,,,,,,2026-09-15T02:58:20.025579+00:00
scope1qqaragyyfdny2dv0qtvxgyrvf2asy3y7w4,11002E31E0BA17EBA1A6DBE86112C93928D7D5109A918F682B89A077B7388F66,2026-09-14T14:42:52.413042658Z,pb1xn26pu6csqg4vj2apq4x4muvc8g2vgazea9ack,pb1rrwuxd65chqed6t0c5z8z505daw0rvsveyl0eq,,,,,,,,,,,,,2026-09-15T02:58:20.025512+00:00
scope1qqjprul6knvyfcazcd0dw8v4yc2ql22ps2,3748C3377514BF4E1CF953FF31120237531B53AB57B671A2962D03170F795ADA,2026-09-14T14:42:43.813851187Z,pb1xn26pu6csqg4vj2apq4x4muvc8g2vgazea9ack,pb1rrwuxd65chqed6t0c5z8z505daw0rvsveyl0eq,,,,,,,,,,,,,2026-09-15T02:58:22.233987+00:00
scope1qq4lwr0635v50lvhp6pgnacahtcqfc8geq,3748C3377514BF4E1CF953FF31120237531B53AB57B671A2962D03170F795ADA,2026-09-14T14:42:43.813851187Z,pb1xn26pu6csqg4vj2apq4x4muvc8g2vgazea9ack,pb1rrwuxd65chqed6t0c5z8z505daw0rvsveyl0eq,,,,,,,,,,,,,2026-09-15T02:58:22.233962+00:00
scope1qqsv90am0a6yxn47q675xz9fn58qcyt92x,3748C3377514BF4E1CF953FF31120237531B53AB57B671A2962D03170F795ADA,2026-09-14T14:42:43.813851187Z,pb1xn26pu6csqg4vj2apq4x4muvc8g2vgazea9ack,pb1rrwuxd65chqed6t0c5z8z505daw0rvsveyl0eq,,,,,,,,,,,,,2026-09-15T02:58:22.233901+00:00
scope1qqufuk2p2aq5929j8qlrhnl5y84syue88v,F9486E979C3449532502B08E2B97E518EB2901EF2B04DAD3A6F8FB4181F1A7DB,2026-09-14T14:42:43.813851187Z,pb1xn26pu6csqg4vj2apq4x4muvc8g2vgazea9ack,pb1rrwuxd65chqed6t0c5z8z505daw0rvsveyl0eq,,,,,,,,,,,,,2026-09-15T02:58:21.675543+00:00
scope1qpqve37l6kr5j0v52mpcaq2tr09q68uzx0,278E1A36BAF4A4B026580F6F590024EC615864D650FFDF0A2F045E4CBEFC5A83,2026-09-14T14:42:39.287087570Z,pb1xn26pu6csqg4vj2apq4x4muvc8g2vgazea9ack,pb1rrwuxd65chqed6t0c5z8z505daw0rvsveyl0eq,,,,,,,,,,,,,2026-09-15T02:58:23.359590+00:00
scope1qq0879u55ej5fua6h4ycdy7wzxdstm9znv,278E1A36BAF4A4B026580F6F590024EC615864D650FFDF0A2F045E4CBEFC5A83,2026-09-14T14:42:39.287087570Z,pb1xn26pu6csqg4vj2apq4x4muvc8g2vgazea9ack,pb1rrwuxd65chqed6t0c5z8z505daw0rvsveyl0eq,,,,,,,,,,,,,2026-09-15T02:58:23.359576+00:00
scope1qqwuvtc938jyg753ptq49m8vy9hqj4shwm,278E1A36BAF4A4B026580F6F590024EC615864D650FFDF0A2F045E4CBEFC5A83,2026-09-14T14:42:39.287087570Z,pb1xn26pu6csqg4vj2apq4x4muvc8g2vgazea9ack,pb1rrwuxd65chqed6t0c5z8z505daw0rvsveyl0eq,,,,,,,,,,,,,2026-09-15T02:58:23.359511+00:00
scope1qqwmwdnwtuh57pdlwv3wvuvj0t5qz9quwx,48D9810AD1A7D0FE22885F8024B81A0535BDA96122EA6BA3BFFFD6EDF0AB3260,2026-09-14T14:42:39.287087570Z,pb1xn26pu6csqg4vj2apq4x4muvc8g2vgazea9ack,pb1rrwuxd65chqed6t0c5z8z505daw0rvsveyl0eq,,,,,,,,,,,,,2026-09-15T02:58:22.788461+00:00
scope1qqgjm3a39n5yjv5r08uwpxwdtxqsjztt2k,5FE29E31B3374B74E15DB1D99CAB08C7A09C9EC71CB923EB8CA8CE26E33E1F57,2026-09-14T14:42:30.276323760Z,pb1xn26pu6csqg4vj2apq4x4muvc8g2vgazea9ack,pb1rrwuxd65chqed6t0c5z8z505daw0rvsveyl0eq,,,,,,,,,,,,,2026-09-15T02:58:24.471711+00:00
scope1qqjregdfq7kygl5rjrc9xh3z563qwdmz9g,5FE29E31B3374B74E15DB1D99CAB08C7A09C9EC71CB923EB8CA8CE26E33E1F57,2026-09-14T14:42:30.276323760Z,pb1xn26pu6csqg4vj2apq4x4muvc8g2vgazea9ack,pb1rrwuxd65chqed6t0c5z8z505daw0rvsveyl0eq,,,,,,,,,,,,,2026-09-15T02:58:24.471699+00:00
scope1qqd8c45tr4cygldud6kw2uj3us4q6ua6v5,5FE29E31B3374B74E15DB1D99CAB08C7A09C9EC71CB923EB8CA8CE26E33E1F57,2026-09-14T14:42:30.276323760Z,pb1xn26pu6csqg4vj2apq4x4muvc8g2vgazea9ack,pb1rrwuxd65chqed6t0c5z8z505daw0rvsveyl0eq,,,,,,,,,,,,,2026-09-15T02:58:24.471632+00:00
scope1qq0fxa2enkeytkya5puv34wz99usp8pvha,D6C81FCCF67445D8CE060CD907EB94D5EB397456B02F9EFD3767C114A260E3F1,2026-09-14T14:42:30.276323760Z,pb1xn26pu6csqg4vj2apq4x4muvc8g2vgazea9ack,pb1rrwuxd65chqed6t0c5z8z505daw0rvsveyl0eq,,,,,,,,,,,,,2026-09-15T02:58:23.914337+00:00
scope1qqgqhjkuyjfy6ku3uhe2xkapyszs99wq7t,D6C81FCCF67445D8CE060CD907EB94D5EB397456B02F9EFD3767C114A260E3F1,2026-09-14T14:42:30.276323760Z,pb1xn26pu6csqg4vj2apq4x4muvc8g2vgazea9ack,pb1rrwuxd65chqed6t0c5z8z505daw0rvsveyl0eq,,,,,,,,,,,,,2026-09-15T02:58:23.914324+00:00
scope1qqvwy4zcey454wy9fhevnurr883qm9nfdq,D6C81FCCF67445D8CE060CD907EB94D5EB397456B02F9EFD3767C114A260E3F1,2026-09-14T14:42:30.276323760Z,pb1xn26pu6csqg4vj2apq4x4muvc8g2vgazea9ack,pb1rrwuxd65chqed6t0c5z8z505daw0rvsveyl0eq,,,,,,,,,,,,,2026-09-15T02:58:23.914245+00:00
scope1qqx03tlpelgy72y5uglkt54qn7kq6pr60r,C30F3613FD4B54F764D7BDA600B4223502AE91512C26E39B65124A92F364019C,2026-09-14T14:42:25.969190733Z,pb1xn26pu6csqg4vj2apq4x4muvc8g2vgazea9ack,pb1rrwuxd65chqed6t0c5z8z505daw0rvsveyl0eq,,,,,,,,,,,,,2026-09-15T02:58:25.592416+00:00
scope1qq9gr0hht68ywuyj33swlp3gllgstkq45v,C30F3613FD4B54F764D7BDA600B4223502AE91512C26E39B65124A92F364019C,2026-09-14T14:42:25.969190733Z,pb1xn26pu6csqg4vj2apq4x4muvc8g2vgazea9ack,pb1rrwuxd65chqed6t0c5z8z505daw0rvsveyl0eq,,,,,,,,,,,,,2026-09-15T02:58:25.592405+00:00
scope1qqxwy5m5e0757l93k2ucsq22srjsvvl6qy,C30F3613FD4B54F764D7BDA600B4223502AE91512C26E39B65124A92F364019C,2026-09-14T14:42:25.969190733Z,pb1xn26pu6csqg4vj2apq4x4muvc8g2vgazea9ack,pb1rrwuxd65chqed6t0c5z8z505daw0rvsveyl0eq,,,,,,,,,,,,,2026-09-15T02:58:25.592346+00:00
scope1qq805m4scelyytystpmlklnwpzqs9krhk6,C3C7B6F5B63EB35D643E5A0AF6C543E16AC1FE8DD818DA0B334C371ED3F4A5B8,2026-09-14T14:42:25.969190733Z,pb1xn26pu6csqg4vj2apq4x4muvc8g2vgazea9ack,pb1rrwuxd65chqed6t0c5z8z505daw0rvsveyl0eq,,,,,,,,,,,,,2026-09-15T02:58:25.020407+00:00
scope1qqqxya7yqwdygkdfkkec4tzlvpzss6hmhs,FD4D1C789E67EB0EF7FA2E9B312BF59EBEF3ABF410B7E051C96FE712EC582596,2026-09-14T14:42:17.341150731Z,pb1xn26pu6csqg4vj2apq4x4muvc8g2vgazea9ack,pb1rrwuxd65chqed6t0c5z8z505daw0rvsveyl0eq,,,,,,,,,,,,,2026-09-15T02:58:26.139015+00:00
scope1qqqv9artlftyuyd6uwggskxl474qx82v0u,FD4D1C789E67EB0EF7FA2E9B312BF59EBEF3ABF410B7E051C96FE712EC582596,2026-09-14T14:42:17.341150731Z,pb1xn26pu6csqg4vj2apq4x4muvc8g2vgazea9ack,pb1rrwuxd65chqed6t0c5z8z505daw0rvsveyl0eq,,,,,,,,,,,,,2026-09-15T02:58:26.138954+00:00
scope1qz3m579r906ydxdx7v83mp9td7jsr4mysl,AA65BDE99ECD1FF23C8058A73A4BD77CECCC0836F78F2726CCBEA19732D565C0,2026-09-14T14:41:32.881966001Z,pb1xvd4k9jg5h0d4dhzr4z0txtwe9p5zxf58xcmxd,pb1rrwuxd65chqed6t0c5z8z505daw0rvsveyl0eq,,,,,,,,,,,,,2026-09-15T02:58:26.699060+00:00
scope1qp03spnq9y95a8a77lf3mtcu2s5qgcs7s7,02EB058DB04043DDC49743A977F721621C0C4339719004B24AB724A56CEC2F68,2026-09-14T14:40:19.343882124Z,pb109v8r0nk4du3k7vw3yf5dt8cjnhp9dtmaqahaa,pb1rrwuxd65chqed6t0c5z8z505daw0rvsveyl0eq,,,,,,,,,,,,,2026-09-15T02:58:27.269950+00:00
scope1qpx2zc6s9p45pru5hc5rv3z8xs2sjgd2l9,7FA88ED1B586064B27730D6BAF5ABE6A18F159C91FBBE9710798DD4E45628B43,2026-09-14T14:39:49.014132780Z,pb1k38pa6rgnepcs592n4mvr3hxucw8tslprcmlvk,pb1rrwuxd65chqed6t0c5z8z505daw0rvsveyl0eq,,,,,,,,,,,,,2026-09-15T02:58:40.348071+00:00
scope1qrmzy0tkwtj5nsv3r58haqpwcj5srt67t8,CE5A86CC0A3B32A518456EA05EF1EDA8165369A248F62258B41E735FCBF63260,2026-09-14T14:39:09.915519774Z,pb13knswfs6ack05wveq5nua7jgc5jnld3zg8xl52,pb1rrwuxd65chqed6t0c5z8z505daw0rvsveyl0eq,,,,,,,,,,,,,2026-09-15T02:58:40.907824+00:00
scope1qrkn574dvsp5wkdav87ckcy9jn5qu2zezm,03215270E463997050E82F53F60C1E0168066FEC21D0A9FC79661D8B80CAB898,2026-09-14T14:37:55.369447692Z,pb1xvd4k9jg5h0d4dhzr4z0txtwe9p5zxf58xcmxd,pb1rrwuxd65chqed6t0c5z8z505daw0rvsveyl0eq,,,,,,,,,,,,,2026-09-15T02:58:41.468444+00:00
scope1qr3yuug5xlh5p447dqj5ajaq5x2shly2sr,EF5B9B0E5C8CACEF6A59BA6A7AE241507695B5562294E9A593360C0C97222567,2026-09-14T14:37:20.710596293Z,pb1k38pa6rgnepcs592n4mvr3hxucw8tslprcmlvk,pb1rrwuxd65chqed6t0c5z8z505daw0rvsveyl0eq,,,,,,,,,,,,,2026-09-15T02:58:42.018137+00:00
scope1qzzr06urv6zyfeymnnaf8pg264jsdltmfv,D75C4F456639E86B7E45E5AB16BFF6BE4EF8E38271DD3D39EE1EB4F93E126621,2026-09-14T14:35:19.627226563Z,pb13knswfs6ack05wveq5nua7jgc5jnld3zg8xl52,pb1rrwuxd65chqed6t0c5z8z505daw0rvsveyl0eq,,,,,,,,,,,,,2026-09-15T02:58:42.572034+00:00
scope1qpu9845p70f5e4vp8y9nsegzqhpquhcyg9,7FA9BBA0AD5F097DE6DA54FD45ACF0E176547C204E8D28BCC016CC2CB8CB3F50,2026-09-14T14:33:39.702479555Z,pb1awn7unm6pv3rd9s0wzg4vje357dn3pn8ua530c,pb1rrwuxd65chqed6t0c5z8z505daw0rvsveyl0eq,,,,,,,,,,,,,2026-09-15T02:58:43.121245+00:00
scope1qzvn53f84ncy77aav3zr82x02egsx0sx5d,4698600DA7B06F6639C45A6B0B09BCEB7F989CE64887370037B9442571DB6A53,2026-09-14T14:32:42.952737617Z,pb1xvd4k9jg5h0d4dhzr4z0txtwe9p5zxf58xcmxd,pb1rrwuxd65chqed6t0c5z8z505daw0rvsveyl0eq,,,,,,,,,,,,,2026-09-15T02:58:43.685929+00:00
scope1qph7gzvwh3e5mnu05l7ax97u34pskkg5lm,A92C4C388D675D9217D9F2899C44B120448747C6BD61457955840609E06726F6,2026-09-14T14:32:12.709465320Z,pb1xvd4k9jg5h0d4dhzr4z0txtwe9p5zxf58xcmxd,pb1rrwuxd65chqed6t0c5z8z505daw0rvsveyl0eq,,,,,,,,,,,,,2026-09-15T02:58:44.242156+00:00
scope1qz295alzhzyyxpv7yz272ks6w8tqxdtgza,1EC38A8285930990D86A9DC538D15E3EDD8E6CCF395D8C87110B81EACCB747BB,2026-09-14T14:31:29.031457387Z,pb1xvd4k9jg5h0d4dhzr4z0txtwe9p5zxf58xcmxd,pb1rrwuxd65chqed6t0c5z8z505daw0rvsveyl0eq,,,,,,,,,,,,,2026-09-15T02:58:44.799083+00:00
scope1qzrz94rt05fy0x54hx60fcl7zjuqnfg6gr,F5B7F44D5C72F8976EE84C7BD1EF3C1CA868CE67E7B9927E46F0F657B5E093AC,2026-09-14T14:30:19.632074802Z,pb1fmxzuzx5c4ja50vu94nt0aessnuedzmppde8qr,pb1rrwuxd65chqed6t0c5z8z505daw0rvsveyl0eq,,,,,,,,,,,,,2026-09-15T02:58:45.356141+00:00
scope1qzgskewsz6s5n846lkcj6kjtw72qsyy3c7,52C61A60A4D1A6A21F9C95B68B1A1EBC4F939830AE0E3E1D39BF71CB4384E64D,2026-09-14T14:30:15.203817185Z,pb1xvd4k9jg5h0d4dhzr4z0txtwe9p5zxf58xcmxd,pb1rrwuxd65chqed6t0c5z8z505daw0rvsveyl0eq,,,,,,,,,,,,,2026-09-15T02:58:45.921161+00:00
scope1qq77aqpc4gyy7h5wrcgapv7p6w0s586uqh,2305838EA918B4D4AE5A70DA7A8BB9E0E9202F374FB231FD0AB49DD72B9FD573,2026-09-14T14:29:44.940017321Z,pb1fmxzuzx5c4ja50vu94nt0aessnuedzmppde8qr,pb1rrwuxd65chqed6t0c5z8z505daw0rvsveyl0eq,,,,,,,,,,,,,2026-09-15T02:58:46.471707+00:00
scope1qq570gwxrlv5zy455jagp548mxvspdfc87,D1EA46EE42CB8F4FD31DE06BD88BB58A9C4E8D8D8C512C94ECAA5FEA2A8B17EC,2026-09-14T14:25:27.878069978Z,pb1xvd4k9jg5h0d4dhzr4z0txtwe9p5zxf58xcmxd,pb1rrwuxd65chqed6t0c5z8z505daw0rvsveyl0eq,,,,,,,,,,,,,2026-09-15T02:58:47.029962+00:00
scope1qrv7w9un58j5cr9kyh7lf22lfh9sy907hy,E18B8D78BDCDB66D8E82A09F17473FEDDE4F919C7F415EEEC77EC4FEFDB42805,2026-09-14T14:25:23.570048902Z,pb1xvd4k9jg5h0d4dhzr4z0txtwe9p5zxf58xcmxd,pb1rrwuxd65chqed6t0c5z8z505daw0rvsveyl0eq,,,,,,,,,,,,,2026-09-15T02:58:48.154025+00:00
scope1qzcv9yxm5wyy98a96fn3l7aqng9st72prc,E18B8D78BDCDB66D8E82A09F17473FEDDE4F919C7F415EEEC77EC4FEFDB42805,2026-09-14T14:25:23.570048902Z,pb1xvd4k9jg5h0d4dhzr4z0txtwe9p5zxf58xcmxd,pb1rrwuxd65chqed6t0c5z8z505daw0rvsveyl0eq,,,,,,,,,,,,,2026-09-15T02:58:48.153967+00:00
scope1qr5xvehu07r5lwvhqpyfpzc7mzgqhzjtr6,059AF7F974DA5DBC308405C20690AA58760EFE18D69E1647958840BC831D9E3E,2026-09-14T14:25:23.570048902Z,pb1k38pa6rgnepcs592n4mvr3hxucw8tslprcmlvk,pb1rrwuxd65chqed6t0c5z8z505daw0rvsveyl0eq,,,,,,,,,,,,,2026-09-15T02:58:47.590747+00:00
scope1qplucvfq85e5lm9al0p3cy39nj3q74fvhd,1654B1A3B9F3AC3060E212A13541AA24519EBDADD9F3CEFE8BF717A381A39133,2026-09-14T14:25:14.908055611Z,pb1xvd4k9jg5h0d4dhzr4z0txtwe9p5zxf58xcmxd,pb1rrwuxd65chqed6t0c5z8z505daw0rvsveyl0eq,,,,,,,,,,,,,2026-09-15T02:58:48.713906+00:00
scope1qrpal9ast7vy0n5tvs5s9tpmsfvsg62f83,FD4334186710AA8C2DFD44D4356C301651764F19DE519D01CC20BF6145A838DF,2026-09-14T14:25:06.158231083Z,pb1xvd4k9jg5h0d4dhzr4z0txtwe9p5zxf58xcmxd,pb1rrwuxd65chqed6t0c5z8z505daw0rvsveyl0eq,,,,,,,,,,,,,2026-09-15T02:58:49.268487+00:00
scope1qqaxkr6hrzxy0e4u3dtnntzku9tq7u89eh,D941C103475460FBB95A5A5466F8A59A8CFB5A71E908942E8D9FE0D6E96AF7B6,2026-09-14T14:22:29.653616774Z,pb1xvd4k9jg5h0d4dhzr4z0txtwe9p5zxf58xcmxd,pb1rrwuxd65chqed6t0c5z8z505daw0rvsveyl0eq,,,,,,,,,,,,,2026-09-15T02:58:49.845460+00:00
scope1qzspa3n0345ysd9quu7ypr279sfs9z0uvc,FC901B7FC1458716D40600387BDF8A7B9F49313441CF186CD4F276718EC8DBCD,2026-09-14T14:21:16.211368486Z,pb13knswfs6ack05wveq5nua7jgc5jnld3zg8xl52,pb1rrwuxd65chqed6t0c5z8z505daw0rvsveyl0eq,,,,,,,,,,,,,2026-09-15T02:58:50.441651+00:00
scope1qqrn2z625cc5emdqvv4m7qyc9taqqh32vl,98258B2561AFE5592B2C67706ACE90DDA716DE5CE409DDE39A709BF128D941BB,2026-09-14T14:20:24.126901507Z,pb1k38pa6rgnepcs592n4mvr3hxucw8tslprcmlvk,pb1rrwuxd65chqed6t0c5z8z505daw0rvsveyl0eq,,,,,,,,,,,,,2026-09-15T02:58:50.994850+00:00
scope1qqdq6xkap73579uh4sdlsnc998jspkxqkd,6838F4AE98B36507BB238A4A2C7C601A8BC8557BF77A5E253250433EF739642A,2026-09-14T14:20:19.689873862Z,pb109v8r0nk4du3k7vw3yf5dt8cjnhp9dtmaqahaa,pb1rrwuxd65chqed6t0c5z8z505daw0rvsveyl0eq,,,,,,,,,,,,,2026-09-15T02:58:51.594619+00:00
scope1qrs2gkahgqdy3lyzx3nlrs2hmslqkgv6ft,FEE0FBF5811B1214B4869CB885F3B458E1E5079FB632D0C3CEEC51B984E5A70C,2026-09-14T14:15:16.454252046Z,pb1tntasskkhfuaeataw3qj6ed7u4gmlcxz69tppu,pb1rrwuxd65chqed6t0c5z8z505daw0rvsveyl0eq,,,,,,,,,,,,,2026-09-15T02:58:52.176357+00:00
scope1qr2eejjyvgay9uyey2c50fvh5r2s02e3g6,7FA531689C634B5B07BBB74CDBFD2E8B490CE8B7B1DD43DA52C8EA8208F693A2,2026-09-14T14:14:37.601353486Z,pb1xvd4k9jg5h0d4dhzr4z0txtwe9p5zxf58xcmxd,pb1rrwuxd65chqed6t0c5z8z505daw0rvsveyl0eq,,,,,,,,,,,,,2026-09-15T02:58:52.747290+00:00
scope1qqxxs8hpzvu5ul5vv390vccjwchqgx0vp9,7F94A4149187BFBB4D27BD7F0CE2A5BE92C3F039EA8CCA2EE9BE81CC06536024,2026-09-14T14:13:15.089437973Z,pb12dyqf6zh3g8tqvk5hp8mqavj75700yy04xud59,pb1rrwuxd65chqed6t0c5z8z505daw0rvsveyl0eq,,,,,,,,,,,,,2026-09-15T02:58:53.306142+00:00
scope1qp7rp49palcyfxuu47dfl66u8z9s09dy4t,ADB7FE9120988CF7D22EF8317EE1F4BA8C974230FFA1CDA2C1724822135294FB,2026-09-14T14:12:31.985518948Z,pb1xvd4k9jg5h0d4dhzr4z0txtwe9p5zxf58xcmxd,pb1rrwuxd65chqed6t0c5z8z505daw0rvsveyl0eq,,,,,,,,,,,,,2026-09-15T02:58:53.886052+00:00
scope1qp2gmexc0vky8dyqpjnpzexxjrdse0pcd5,6AFE96FBFC0D56481887A9CCBE6EEC9D470C707DC6CFB9545124267585454BCE,2026-09-14T14:11:18.316299643Z,pb1kx5k0nr068xhxgcmnzzef9523cxdcexlm3r29w,pb1rrwuxd65chqed6t0c5z8z505daw0rvsveyl0eq,,,,,,,,,,,,,2026-09-15T02:58:54.450858+00:00
scope1qqg8h0kl6ud540dah073njyvzgaqrxthrq,69098E369F52DC153232E634687E75C8C200792143D18A4CE97A03C0CF7B3F82,2026-09-14T14:10:43.769496373Z,pb1xvd4k9jg5h0d4dhzr4z0txtwe9p5zxf58xcmxd,pb1rrwuxd65chqed6t0c5z8z505daw0rvsveyl0eq,,,,,,,,,,,,,2026-09-15T02:58:55.021389+00:00
scope1qrtg0psndury75u995e5xk3kh22s3pa38n,B0BCA4698269B7D676DB4AB28BDD68151A81BBAAC945B7A63BA7021A103DF23C,2026-09-14T14:10:22.057124723Z,pb1xvd4k9jg5h0d4dhzr4z0txtwe9p5zxf58xcmxd,pb1rrwuxd65chqed6t0c5z8z505daw0rvsveyl0eq,,,,,,,,,,,,,2026-09-15T02:58:55.587232+00:00
scope1qpr5afhxm5j58y5dmc8cqkpaut0qdd5klm,DD1A03A25E9017599F45A8AD7F67FEFA3F8D3EEA8D0D088E52E14AB4F38023E4,2026-09-14T14:10:17.435673524Z,pb1xvd4k9jg5h0d4dhzr4z0txtwe9p5zxf58xcmxd,pb1rrwuxd65chqed6t0c5z8z505daw0rvsveyl0eq,,,,,,,,,,,,,2026-09-15T02:58:56.716284+00:00
scope1qqzs8kjq783yc9uv2huxa989tyvsga2q75,DD1A03A25E9017599F45A8AD7F67FEFA3F8D3EEA8D0D088E52E14AB4F38023E4,2026-09-14T14:10:17.435673524Z,pb1xvd4k9jg5h0d4dhzr4z0txtwe9p5zxf58xcmxd,pb1rrwuxd65chqed6t0c5z8z505daw0rvsveyl0eq,,,,,,,,,,,,,2026-09-15T02:58:56.716221+00:00
scope1qqasedxcwuf5479t9xh3q7cl2hds8ny7h6,537D5BF7F59DBD672C136EBAB85E6E0D4197A228A12BADFF46465195DA4FABBE,2026-09-14T14:10:17.435673524Z,pb13knswfs6ack05wveq5nua7jgc5jnld3zg8xl52,pb1rrwuxd65chqed6t0c5z8z505daw0rvsveyl0eq,,,,,,,,,,,,,2026-09-15T02:58:56.158942+00:00
scope1qqcqd7t8sy7yx09wm079qxt6cw0sx8fsg6,3C30FF47A46666FFD1E1974A2956101CBF26A21B7F4A8FFE44D18027CA9B19B4,2026-09-14T14:06:17.865529198Z,pb1xvd4k9jg5h0d4dhzr4z0txtwe9p5zxf58xcmxd,pb1rrwuxd65chqed6t0c5z8z505daw0rvsveyl0eq,,,,,,,,,,,,,2026-09-15T02:58:57.306891+00:00
scope1qrkc4hxpf3e5pz504rs2n7w5w0jskrma5h,C751484F90D5DC78AA96C03BC30FBB3CEE73EE2E37E0096050059A785584BFF7,2026-09-14T14:05:30.204495876Z,pb1xvd4k9jg5h0d4dhzr4z0txtwe9p5zxf58xcmxd,pb1rrwuxd65chqed6t0c5z8z505daw0rvsveyl0eq,,,,,,,,,,,,,2026-09-15T02:58:57.866391+00:00
scope1qqn400a32j05y2ye58c8vsrg6aaqd7fq6g,0391AD09EA86630D7B745848BC84A6C46E328E06AF6707C475D0610F138BB1F5,2026-09-14T14:05:25.757447151Z,pb1q4ffj426hu5fj0h7muy2h7hj6sqmqe7vz67245,pb1rrwuxd65chqed6t0c5z8z505daw0rvsveyl0eq,,,,,,,,,,,,,2026-09-15T02:58:58.425877+00:00
scope1qpnf389pwvz5jf5dv8j4v8fxlw7qq2hk22,DC38E8173C920C33F6C8C9CC39A4382DF58ADED3E1741D3829BF590BBC92121E,2026-09-14T14:05:21.388840174Z,pb17e03lfm0sxjkf860l4n2j2h5yh4s9etq5l9laq,pb1rrwuxd65chqed6t0c5z8z505daw0rvsveyl0eq,,,,,,,,,,,,,2026-09-15T02:58:58.979876+00:00
scope1qzs03gce3an5t3vu6cgzr2jz0y4q2a0m8m,9703E6CFFE1133B93BE70F9F1B344AFD5CAC6F9E44A017D151238ABD446331C8,2026-09-14T14:00:26.742033163Z,pb13knswfs6ack05wveq5nua7jgc5jnld3zg8xl52,pb1rrwuxd65chqed6t0c5z8z505daw0rvsveyl0eq,,,,,,,,,,,,,2026-09-15T02:58:59.539043+00:00
scope1qqn7kpnnz4c57hya6528ygfnvg6qgxfjxl,4759BAE6C8B2EDB1AA5D73F20135F9031B9ACB66EE8765EFFD576B2EE03BFDB9,2026-09-14T14:00:18.044208754Z,pb1kx5k0nr068xhxgcmnzzef9523cxdcexlm3r29w,pb1rrwuxd65chqed6t0c5z8z505daw0rvsveyl0eq,,,,,,,,,,,,,2026-09-15T02:59:00.095185+00:00
scope1qracn34k80qyfnvhnpg9cz9vkarstrfk40,579CE91D56C3988853A2BC7747C29925401E63251196B11590458614C6E5332D,2026-09-14T13:55:44.405387579Z,pb1xvd4k9jg5h0d4dhzr4z0txtwe9p5zxf58xcmxd,pb1rrwuxd65chqed6t0c5z8z505daw0rvsveyl0eq,,,,,,,,,,,,,2026-09-15T02:59:00.651342+00:00
scope1qzv3zgzqm42523yc6knm7gqkmsls24z7uk,F04EFE1C20B420F16DE018565B793247AB0FC4C6F8A06BEBEE0A1B8A4C699558,2026-09-14T13:55:26.682005088Z,pb1xvd4k9jg5h0d4dhzr4z0txtwe9p5zxf58xcmxd,pb1rrwuxd65chqed6t0c5z8z505daw0rvsveyl0eq,,,,,,,,,,,,,2026-09-15T02:59:01.202567+00:00
scope1qruk7jeaeyl55z5zwl3h7ujqsrlq96z57h,C7DB907029B5EF89FE2BCCFF58B3F025FA1D4663B8CA37DFA3B45D7CC41F82A2,2026-09-14T13:55:22.161017917Z,pb134yg6h3g0vjq9ct2lpmx6sdxv3yuz942wrpxuu,pb1rrwuxd65chqed6t0c5z8z505daw0rvsveyl0eq,,,,,,,,,,,,,2026-09-15T02:59:01.772146+00:00
scope1qq3lrxjwkyx5zgawx5knzcx0jc7qgzgsvu,7AA3EF2D5E17487FC0C45628F3D4E6684A3496134159E735612F6C391B82F905,2026-09-14T13:55:17.883377050Z,pb1k38pa6rgnepcs592n4mvr3hxucw8tslprcmlvk,pb1rrwuxd65chqed6t0c5z8z505daw0rvsveyl0eq,,,,,,,,,,,,,2026-09-15T02:59:02.902103+00:00
scope1qz0kwde83nvygzd0sdmerph46nlsmmvc48,9E4BD8F4E74372C3E84F264BD4E1B9FAAC470B3480F2DA4E977623DC26EBF1D0,2026-09-14T13:55:17.883377050Z,pb1xvd4k9jg5h0d4dhzr4z0txtwe9p5zxf58xcmxd,pb1rrwuxd65chqed6t0c5z8z505daw0rvsveyl0eq,,,,,,,,,,,,,2026-09-15T02:59:02.336082+00:00
scope1qz8gaugfay0ygga2xdx4dxz42txqrq6vpf,BB7D2D5414D962DB0063C2E03B0308A65199EABBEBF18456A4C665087E552D6E,2026-09-14T13:54:47.420309827Z,pb1xvd4k9jg5h0d4dhzr4z0txtwe9p5zxf58xcmxd,pb1rrwuxd65chqed6t0c5z8z505daw0rvsveyl0eq,,,,,,,,,,,,,2026-09-15T02:59:03.454655+00:00
scope1qzuw0vpnl4sywrd0wt7wuh5ummjsvcfs2g,E9A59C4B64DF4EC8C45AC01E6DDCF04FA6DD8C6CE0FB094BEEA4FFF910DB2D5A,2026-09-14T13:50:18.537622193Z,pb13knswfs6ack05wveq5nua7jgc5jnld3zg8xl52,pb1rrwuxd65chqed6t0c5z8z505daw0rvsveyl0eq,,,,,,,,,,,,,2026-09-15T02:59:04.020701+00:00
scope1qpfwand337vy2c5fuums8rxnklfsljjmkz,B0A4B0B6EA8AE90D7334B28E0071F680523A8072062F8B80F66B854324DEA020,2026-09-14T13:44:00.241835880Z,pb1xvd4k9jg5h0d4dhzr4z0txtwe9p5zxf58xcmxd,pb1rrwuxd65chqed6t0c5z8z505daw0rvsveyl0eq,,,,,,,,,,,,,2026-09-15T02:59:04.591393+00:00
scope1qpql676nnga58j5fcqpfqvfrt8wqju827n,E3592D744592E0CE8071BA9076FDD59100546738A36044E82B629E09D027B972,2026-09-14T13:43:42.848616423Z,pb1awn7unm6pv3rd9s0wzg4vje357dn3pn8ua530c,pb1rrwuxd65chqed6t0c5z8z505daw0rvsveyl0eq,,,,,,,,,,,,,2026-09-15T02:59:05.141605+00:00
scope1qzp0dj5g0gs5tly9nz34fz0854qqaxq5r0,71FEF234301145B11F50930C62017A922C6261434C38C823FE70DA8BD14E4822,2026-09-14T13:40:18.502322123Z,pb13knswfs6ack05wveq5nua7jgc5jnld3zg8xl52,pb1rrwuxd65chqed6t0c5z8z505daw0rvsveyl0eq,,,,,,,,,,,,,2026-09-15T02:59:05.694635+00:00
scope1qzg9lpjsqzc5fldpzpfmdvejsnvqwry34y,6091F13B232C781C8419786E99A121865342236B337A84BD191AE34890B1623D,2026-09-14T13:40:14.122863202Z,pb1xvd4k9jg5h0d4dhzr4z0txtwe9p5zxf58xcmxd,pb1rrwuxd65chqed6t0c5z8z505daw0rvsveyl0eq,,,,,,,,,,,,,2026-09-15T02:59:06.241981+00:00
scope1qqj2r8dkqwzyma5g4h59w6ve3stqf75fkt,B0FC12639D48F1D2BF268E0E28DF72A711DAAC2B0D3DD2C8C569070600E4CF22,2026-09-14T13:35:37.001772998Z,pb1awn7unm6pv3rd9s0wzg4vje357dn3pn8ua530c,pb1rrwuxd65chqed6t0c5z8z505daw0rvsveyl0eq,,,,,,,,,,,,,2026-09-15T02:59:06.799343+00:00
scope1qqs48x356lkyt4a35egjx4qxsd0qtcqtve,685A430881417BFC3D62C4727A1B4FAA59FBF8CA5DFF87EC7EBCADBA27DAAEFF,2026-09-14T13:35:28.346651895Z,pb1xvd4k9jg5h0d4dhzr4z0txtwe9p5zxf58xcmxd,pb1rrwuxd65chqed6t0c5z8z505daw0rvsveyl0eq,,,,,,,,,,,,,2026-09-15T02:59:07.363931+00:00
scope1qp9lgmn3d49503aezjn2kqfnt6usn93zxd,DDCF473E73ECFB61805D07FA778542846CB3E9F7B45DCC15D53322A98D7AD3CB,2026-09-14T13:35:24.028595481Z,pb1xvd4k9jg5h0d4dhzr4z0txtwe9p5zxf58xcmxd,pb1rrwuxd65chqed6t0c5z8z505daw0rvsveyl0eq,,,,,,,,,,,,,2026-09-15T02:59:08.479134+00:00
scope1qrxxt5desgg5llaa82m0rfg690qq5phxtl,97F7E7777E0E7BAC0499926DE7E3EB56EC843DAFDD00CBC4B1EAF0A33F2F9636,2026-09-14T13:35:24.028595481Z,pb1pax2c49kxep98gmwd0fkgj97cg3njcrv9u7kkg,pb1rrwuxd65chqed6t0c5z8z505daw0rvsveyl0eq,,,,,,,,,,,,,2026-09-15T02:59:07.913788+00:00
scope1qzedspljy09yefdd6rrs3z4wg2as40vuv7,D527DCC1D19FC0663B29BEE4188727B2D9F3D6FDEAB8DCC4422E6B80FF91EFED,2026-09-14T13:30:19.919332131Z,pb1xvd4k9jg5h0d4dhzr4z0txtwe9p5zxf58xcmxd,pb1rrwuxd65chqed6t0c5z8z505daw0rvsveyl0eq,,,,,,,,,,,,,2026-09-15T02:59:09.033230+00:00
scope1qza6vmhw943554atj4z2ydn4p88qrsymxa,60686E9E4B3BF19E647A272CD1F08B4D79F180E388BBD817CC3FF78D28149C66,2026-09-14T13:30:15.505183037Z,pb1xvd4k9jg5h0d4dhzr4z0txtwe9p5zxf58xcmxd,pb1rrwuxd65chqed6t0c5z8z505daw0rvsveyl0eq,,,,,,,,,,,,,2026-09-15T02:59:09.587187+00:00
scope1qprs37ahvsnyeq4j5kd3fexyj4cst697yd,4BD06A590EE4C27265431A0E2B86D209DE2A1B0258170B6A6E4076FBB70D179B,2026-09-14T13:25:33.315405886Z,pb1vcvv37pka8nyk2q3lkxz56c3ljeu4p7nkd2mdt,pb1rrwuxd65chqed6t0c5z8z505daw0rvsveyl0eq,,,,,,,,,,,,,2026-09-15T02:59:10.144464+00:00
scope1qzmgssx6pldye9v3n92ewmxkmskq5yjqyr,338EF47555F424D925DA2F57E6DE4633B1AEF3EBCFC6AE38819B98635E8F544D,2026-09-14T13:25:28.764980448Z,pb134yg6h3g0vjq9ct2lpmx6sdxv3yuz942wrpxuu,pb1rrwuxd65chqed6t0c5z8z505daw0rvsveyl0eq,,,,,,,,,,,,,2026-09-15T02:59:10.705825+00:00
scope1qz5479cl43h5zhapdea6ek6yxllss0mfqt,BEBA74A632FB0AE636CFFB40582579F05041739037BCBE71EC978575D0054969,2026-09-14T13:25:24.367405717Z,pb1awn7unm6pv3rd9s0wzg4vje357dn3pn8ua530c,pb1rrwuxd65chqed6t0c5z8z505daw0rvsveyl0eq,,,,,,,,,,,,,2026-09-15T02:59:11.831440+00:00
scope1qrsx3cw27fyyv3dsatzt3jqmaedsqzvn3s,7ED9DB3C260613914DF463F19CF9A4B52BB1D7D58C5A55F0214AC11292D437C4,2026-09-14T13:25:24.367405717Z,pb1xvd4k9jg5h0d4dhzr4z0txtwe9p5zxf58xcmxd,pb1rrwuxd65chqed6t0c5z8z505daw0rvsveyl0eq,,,,,,,,,,,,,2026-09-15T02:59:11.266651+00:00
scope1qrwtdn8uf6k5ntdvdrapfv7xhe9q2rnh2m,F17218C82A8DD06465419276EAB62A20A06144DAC8103DFEAF15CC6D231ED30A,2026-09-14T13:25:19.975853854Z,pb13knswfs6ack05wveq5nua7jgc5jnld3zg8xl52,pb1rrwuxd65chqed6t0c5z8z505daw0rvsveyl0eq,,,,,,,,,,,,,2026-09-15T02:59:12.402053+00:00
scope1qps3tj7k7v6ypxy60rzsy62qtj6q0pqf9c,4568633C09F7C4FF888D611FD0B8D17053A9913415C309AC98F8740894304C48,2026-09-14T13:21:30.050716254Z,pb1xvd4k9jg5h0d4dhzr4z0txtwe9p5zxf58xcmxd,pb1rrwuxd65chqed6t0c5z8z505daw0rvsveyl0eq,,,,,,,,,,,,,2026-09-15T02:59:12.965650+00:00
scope1qrc50j974z75cjdg8fp94pdqd3ks3tka4m,51B88B90BE17D67960289F217E062C200D2D0280DE2E2A2C4B1677BC04FA1FA9,2026-09-14T13:20:20.690469569Z,pb1xvd4k9jg5h0d4dhzr4z0txtwe9p5zxf58xcmxd,pb1rrwuxd65chqed6t0c5z8z505daw0rvsveyl0eq,,,,,,,,,,,,,2026-09-15T02:59:13.524548+00:00
scope1qpyynr0mhep559dc2hnek7drw75sjzn3kl,47E1FC6F2CE8CF5DE7BE5E192726AB75B4145436949A9984727B58D165EF6CFF,2026-09-14T13:16:47.941542081Z,pb1xvd4k9jg5h0d4dhzr4z0txtwe9p5zxf58xcmxd,pb1rrwuxd65chqed6t0c5z8z505daw0rvsveyl0eq,,,,,,,,,,,,,2026-09-15T02:59:14.098457+00:00
scope1qzzdulrljg75d8ulgfrwlls3e0pshwdxd5,736416D83BF6CFC5EE47EF144031E8C1705ABC4BA26DD579472227DFA53B4100,2026-09-14T13:15:16.994196576Z,pb1awn7unm6pv3rd9s0wzg4vje357dn3pn8ua530c,pb1rrwuxd65chqed6t0c5z8z505daw0rvsveyl0eq,,,,,,,,,,,,,2026-09-15T02:59:15.204283+00:00
scope1qzthlcwnzx0yefaxa8szeq3jrgeqgg4yv7,571594C170722EA5D884292AA19D437444F571562DE26758E01CC0EEF86A38E2,2026-09-14T13:15:16.994196576Z,pb1qjxvmds5pwjt3zursu967phrlf29ndtqr82r4e,pb1rrwuxd65chqed6t0c5z8z505daw0rvsveyl0eq,,,,,,,,,,,,,2026-09-15T02:59:14.656370+00:00
scope1qrqvrz0rjt65tj5yr87nc5xqf03ssnky86,6F6205570EA2EC207159E96789B04AEBB8F5D30EDAF312BEFA9591E2CB048C53,2026-09-14T13:10:15.830796458Z,pb1xvd4k9jg5h0d4dhzr4z0txtwe9p5zxf58xcmxd,pb1rrwuxd65chqed6t0c5z8z505daw0rvsveyl0eq,,,,,,,,,,,,,2026-09-15T02:59:15.763933+00:00
scope1qrvxhu0n0t659vv49nqpum4dnvdqykweyp,AED2F228283B68D5C43D16A443520018EE419FC288615DA592BE60135FCA37C4,2026-09-14T13:09:49.485922125Z,pb1xvd4k9jg5h0d4dhzr4z0txtwe9p5zxf58xcmxd,pb1rrwuxd65chqed6t0c5z8z505daw0rvsveyl0eq,,,,,,,,,,,,,2026-09-15T02:59:16.330905+00:00
scope1qr0a2a06zfsyvn4e59kud59t0gdsf4m3zq,C80D983C8FFD4DFA95B3EE1BE834C14E7C2FB3D4B55B25F99A3A8E90331E1B55,2026-09-14T13:05:16.803966185Z,pb1xvd4k9jg5h0d4dhzr4z0txtwe9p5zxf58xcmxd,pb1rrwuxd65chqed6t0c5z8z505daw0rvsveyl0eq,,,,,,,,,,,,,2026-09-15T02:59:16.897314+00:00
scope1qq6qg8tr74h5p9v45vyteql8pcus255hxw,2F03991E1C00E14C8CBE1DFBB92AACEE4A37AD1D6D7B94CC5CC98FF02EDAF713,2026-09-14T12:43:13.084920364Z,pb1xvd4k9jg5h0d4dhzr4z0txtwe9p5zxf58xcmxd,pb1rrwuxd65chqed6t0c5z8z505daw0rvsveyl0eq,,,,,,,,,,,,,2026-09-15T02:59:17.453294+00:00
scope1qqun6cvumqk5yn5xzxkud88ttsxslyh4q7,50EDF4587229878B63C2B155A2219BB0A4B9448EECC58580D7C98BD1082923A8,2026-09-14T12:41:55.123380635Z,pb1xvd4k9jg5h0d4dhzr4z0txtwe9p5zxf58xcmxd,pb1rrwuxd65chqed6t0c5z8z505daw0rvsveyl0eq,,,,,,,,,,,,,2026-09-15T02:59:18.000433+00:00
scope1qr2k08xtvxu5th4ttxkp2pef8f4s8pf548,48538AD1403AD3CC5F0E5915486DD376CFBB001A90FEA3DBA6CECD3526E85B4F,2026-09-14T12:40:54.021644182Z,pb1xvd4k9jg5h0d4dhzr4z0txtwe9p5zxf58xcmxd,pb1rrwuxd65chqed6t0c5z8z505daw0rvsveyl0eq,,,,,,,,,,,,,2026-09-15T02:59:18.563725+00:00
scope1qpd292cgg9s54cyl35egcytwnxysumdaxr,F0D9C5969ED5BA5921DB420E6535710130DD9F917E6D87BA575B85888744AEE7,2026-09-14T12:35:18.304568425Z,pb1xvd4k9jg5h0d4dhzr4z0txtwe9p5zxf58xcmxd,pb1rrwuxd65chqed6t0c5z8z505daw0rvsveyl0eq,,,,,,,,,,,,,2026-09-15T02:59:19.112269+00:00
scope1qqwn8sw4ayz5vf40ea2qee2c4x4qeumk4f,0C8F028E0542AB329B0C47137BC3A274A74C68BBCA56F5E3D4C7A1C0FA892BCB,2026-09-14T12:28:08.061416843Z,pb1xvd4k9jg5h0d4dhzr4z0txtwe9p5zxf58xcmxd,pb1rrwuxd65chqed6t0c5z8z505daw0rvsveyl0eq,,,,,,,,,,,,,2026-09-15T02:59:19.666376+00:00
scope1qpzeyr685l3yahdr740k9lnkz5lqpv6g07,0DE3039C05F2349AF1B0F17CC193B2909298210C0BCFBD8AFD0DE01C244179B4,2026-09-14T12:18:43.136393322Z,pb1xvd4k9jg5h0d4dhzr4z0txtwe9p5zxf58xcmxd,pb1rrwuxd65chqed6t0c5z8z505daw0rvsveyl0eq,,,,,,,,,,,,,2026-09-15T02:59:20.226032+00:00
scope1qqwc5w0p2085a4aktq00gdf8x5lswpy87t,C66E6D466B433B06FDCCB6BED0846F81544282A20ED6C68CB4CB994BF761C2CD,2026-09-14T12:07:02.944696610Z,pb1xvd4k9jg5h0d4dhzr4z0txtwe9p5zxf58xcmxd,pb1rrwuxd65chqed6t0c5z8z505daw0rvsveyl0eq,,,,,,,,,,,,,2026-09-15T02:59:20.777880+00:00
scope1qqdcxw8lsjk57tu2qgq2a7skxths53vfek,E01A61FB144351BF20A42CF0BD75FECE38C1D69DE4CB6517BD8293493005A5CC,2026-09-14T11:54:13.444318893Z,pb1xvd4k9jg5h0d4dhzr4z0txtwe9p5zxf58xcmxd,pb1rrwuxd65chqed6t0c5z8z505daw0rvsveyl0eq,,,,,,,,,,,,,2026-09-15T02:59:21.343522+00:00
scope1qq5j7luchu9y7jaqsnhykkpsprqs3mse4r,316F44954EB10D9E8E388E0FBC6301F4C3DBD72D1AC630F70295D61A25F50C74,2026-09-14T10:49:05.179483286Z,pb1xvd4k9jg5h0d4dhzr4z0txtwe9p5zxf58xcmxd,pb1rrwuxd65chqed6t0c5z8z505daw0rvsveyl0eq,,,,,,,,,,,,,2026-09-15T02:59:21.894106+00:00
scope1qz2k29wnap65yeaq40xz5fgzqlhsfstfgs,5FFE83499721344063871F61B4662E825456E79031DF791C9E0DA8EAAB9F0EB3,2026-09-14T10:48:56.459762718Z,pb1xvd4k9jg5h0d4dhzr4z0txtwe9p5zxf58xcmxd,pb1rrwuxd65chqed6t0c5z8z505daw0rvsveyl0eq,,,,,,,,,,,,,2026-09-15T02:59:22.442503+00:00
scope1qzeprxj2pky52eamkw69ap5c8r8qztatd8,5FA32F979CD68EC3F5B385F5413BD8A6D3936EEFE7A94E70868BBE92A0F3A601,2026-09-14T10:41:04.556628837Z,pb1xvd4k9jg5h0d4dhzr4z0txtwe9p5zxf58xcmxd,pb1rrwuxd65chqed6t0c5z8z505daw0rvsveyl0eq,,,,,,,,,,,,,2026-09-15T02:59:22.999244+00:00
scope1qpt2fjg3tm056evfxhft0d522jxqvwcrcf,3AF428F0D4AEADF821139CA9AB745378EF8D921B74F72BAB7089966BADB94989,2026-09-14T10:31:04.479855806Z,pb1xvd4k9jg5h0d4dhzr4z0txtwe9p5zxf58xcmxd,pb1rrwuxd65chqed6t0c5z8z505daw0rvsveyl0eq,,,,,,,,,,,,,2026-09-15T02:59:23.552627+00:00
scope1qqtvd73p0ve573ar7hmq8jrccnps96v46d,7030623D9398B7B9FF36E403DCEEC596B0BFAAFD546B317143D15C210286E44F,2026-09-14T10:00:31.275651601Z,pb1xvd4k9jg5h0d4dhzr4z0txtwe9p5zxf58xcmxd,pb1rrwuxd65chqed6t0c5z8z505daw0rvsveyl0eq,,,,,,,,,,,,,2026-09-15T02:59:24.112832+00:00
scope1qz3klsafj6a5rcu9ytdv3hzyrafs54sdqu,3E1CCA7ED9F09238AC77491CD3D6EFEB3D681AC60C6C276A037A2E60F338527A,2026-09-14T09:59:21.742748242Z,pb1xvd4k9jg5h0d4dhzr4z0txtwe9p5zxf58xcmxd,pb1rrwuxd65chqed6t0c5z8z505daw0rvsveyl0eq,,,,,,,,,,,,,2026-09-15T02:59:24.661963+00:00
scope1qrxj6prsv3fyunu7yvn06hg9ustsn7ayu2,12FE225A771FCC6DE9B79AFFB42C41B39C1941559B61B517774879A2CBF9B6E9,2026-09-14T09:50:36.356268609Z,pb1xvd4k9jg5h0d4dhzr4z0txtwe9p5zxf58xcmxd,pb1rrwuxd65chqed6t0c5z8z505daw0rvsveyl0eq,,,,,,,,,,,,,2026-09-15T02:59:25.221272+00:00
scope1qzu00r7rm5w5se4hx6v250exhuysvfmyuw,C32B61950E2A720CB94D4BDD7C2C95941761239A9D5D5058F5E270F09E405251,2026-09-14T07:10:00.869166822Z,pb1xvd4k9jg5h0d4dhzr4z0txtwe9p5zxf58xcmxd,pb1rrwuxd65chqed6t0c5z8z505daw0rvsveyl0eq,,,,,,,,,,,,,2026-09-15T02:59:25.768386+00:00
scope1qryddjtt0g85nx5qwkrsd3akyjeqdd64qq,601728A4504FC60111A3F0C5C50A1D0C07BF50745EC0AED11507C5ABDF56C2F6,2026-09-14T06:38:47.298735996Z,pb1xvd4k9jg5h0d4dhzr4z0txtwe9p5zxf58xcmxd,pb1rrwuxd65chqed6t0c5z8z505daw0rvsveyl0eq,,,,,,,,,,,,,2026-09-15T02:59:26.369124+00:00
scope1qrp4s04xvr7yc7ud5wysfahp9syqalllaj,CAD198DB3EA99D9684C8AB4595847E0AFF4D667E169F3B03E8EAADD394AA6FAE,2026-09-14T05:34:19.185200255Z,pb129e6pvjd4d289kkayjtev9gmyg0flj77qhgx6g,pb1rrwuxd65chqed6t0c5z8z505daw0rvsveyl0eq,,,,,,,,,,,,,2026-09-15T02:59:26.931460+00:00
scope1qr4fxrhdcc3yac9w4wmrw6zhrazqxnkuvn,C5579215E26AE2F1A83B9BEA946F6C2A62961ABF0E2917B47490BF0FA6579F86,2026-09-14T04:58:42.583689236Z,pb1xvd4k9jg5h0d4dhzr4z0txtwe9p5zxf58xcmxd,pb1rrwuxd65chqed6t0c5z8z505daw0rvsveyl0eq,,,,,,,,,,,,,2026-09-15T02:59:27.491251+00:00
scope1qzpaythv3svymfv4edn2t8qrucuqg9g7nh,9F4036BDEE7481CA2AB727478245920B492D08F49257A58A84B925590BAE9C54,2026-09-14T04:31:03.058845013Z,pb1xvd4k9jg5h0d4dhzr4z0txtwe9p5zxf58xcmxd,pb1rrwuxd65chqed6t0c5z8z505daw0rvsveyl0eq,,,,,,,,,,,,,2026-09-15T02:59:28.047233+00:00
scope1qq3lqduxedv5m05ekkdtnuplhl5sdg6jw0,DBCD44F1F8E06DB06A78E564D15BCDE7C1505F73F5D4763BA7C695C401B9BE5F,2026-09-14T04:17:57.292816866Z,pb1xvd4k9jg5h0d4dhzr4z0txtwe9p5zxf58xcmxd,pb1rrwuxd65chqed6t0c5z8z505daw0rvsveyl0eq,,,,,,,,,,,,,2026-09-15T02:59:28.604185+00:00
scope1qz8gf7j52eqyuxd4xu5k3dyda3wsv0ufhm,0C89F5A4001D742E112327854E54C3FF4A99A0DCC503A9FEA29FE76F25345D90,2026-09-14T03:38:09.772246840Z,pb1xvd4k9jg5h0d4dhzr4z0txtwe9p5zxf58xcmxd,pb1rrwuxd65chqed6t0c5z8z505daw0rvsveyl0eq,,,,,,,,,,,,,2026-09-15T02:59:29.161766+00:00
scope1qrk5s9rkv3t5zj9eum68qxlxg3tq4cxh64,D9306ABFFD4153D627C2103BF240E0B6344E5BC2D695E8806639C9AF7A00ADFC,2026-09-14T03:36:43.061554767Z,pb1xvd4k9jg5h0d4dhzr4z0txtwe9p5zxf58xcmxd,pb1rrwuxd65chqed6t0c5z8z505daw0rvsveyl0eq,,,,,,,,,,,,,2026-09-15T02:59:29.724162+00:00
scope1qq9ghu50h2ly8u4ecf4n2e7m7a9sn68v2r,756B865C5F5E2BF9E58AEF99B91B9E2E13C2DB7353B48722E9A452FA5022661F,2026-09-14T03:16:25.507367078Z,pb1xvd4k9jg5h0d4dhzr4z0txtwe9p5zxf58xcmxd,pb1rrwuxd65chqed6t0c5z8z505daw0rvsveyl0eq,,,,,,,,,,,,,2026-09-15T02:59:30.277415+00:00
scope1qzzefp276zm5en97kym4x8kk7cdsras3q8,FC193A7084F77925C39046E7C2C7E2FBF8C1D10E996D04FDA6645EDD7CE9D7B0,2026-09-14T02:29:29.345214436Z,pb1xvd4k9jg5h0d4dhzr4z0txtwe9p5zxf58xcmxd,pb1rrwuxd65chqed6t0c5z8z505daw0rvsveyl0eq,,,,,,,,,,,,,2026-09-15T02:59:30.832148+00:00
scope1qqhzzylcs83ysmd5dq0ggw557jzq8n5gh3,7F59ABDC3A6CB3CDC2D9143B4DBDEB3443C03195E3E78D8FAA72B2DAC0502E2B,2026-09-14T02:14:12.789168167Z,pb1xvd4k9jg5h0d4dhzr4z0txtwe9p5zxf58xcmxd,pb1rrwuxd65chqed6t0c5z8z505daw0rvsveyl0eq,,,,,,,,,,,,,2026-09-15T02:59:31.384353+00:00
scope1qptyntsx33gyly4utv4pp7vzg9hqdcs84s,C5C97959A8C235749A781F9D6065F0FB63E885CE9BA65B6389811559EA955AB2,2026-09-14T02:08:36.967236905Z,pb1xvd4k9jg5h0d4dhzr4z0txtwe9p5zxf58xcmxd,pb1rrwuxd65chqed6t0c5z8z505daw0rvsveyl0eq,,,,,,,,,,,,,2026-09-15T02:59:31.932877+00:00
scope1qrnnkxzgwazy7sd5ydskfadmdenshuv522,B92321876F55B826C55D9E1495AB2DA534E0DFF3E459A247D1168E0DDC55DA56,2026-09-14T02:03:07.812251067Z,pb1xvd4k9jg5h0d4dhzr4z0txtwe9p5zxf58xcmxd,pb1rrwuxd65chqed6t0c5z8z505daw0rvsveyl0eq,,,,,,,,,,,,,2026-09-15T02:59:32.490285+00:00
scope1qzqly2g9us454zy6pj03al567ukqxtpdeg,80F55A3A91B8A198826FDD1C6ADA7E2AC3B1ABBA7D688902BF54B48685A5203E,2026-09-14T02:01:32.229473222Z,pb1xvd4k9jg5h0d4dhzr4z0txtwe9p5zxf58xcmxd,pb1rrwuxd65chqed6t0c5z8z505daw0rvsveyl0eq,,,,,,,,,,,,,2026-09-15T02:59:33.043883+00:00
scope1qpqx5nefvdh570asrr33afkxp9qs0pgtp7,4476BFEA623B91DD80282334153D6DD64C3C39B53E76B6289BFE691995B5BC22,2026-09-14T01:49:40.846156412Z,pb1xvd4k9jg5h0d4dhzr4z0txtwe9p5zxf58xcmxd,pb1rrwuxd65chqed6t0c5z8z505daw0rvsveyl0eq,,,,,,,,,,,,,2026-09-15T02:59:33.596538+00:00
scope1qr6rnzth3up5mfaepyv9y32uswfqg6zf6s,19B956500343FB1B03278AC89E57BBE9790455BE2F437FD1B092D969D5A2FDE2,2026-09-14T01:41:30.110500045Z,pb1xvd4k9jg5h0d4dhzr4z0txtwe9p5zxf58xcmxd,pb1rrwuxd65chqed6t0c5z8z505daw0rvsveyl0eq,,,,,,,,,,,,,2026-09-15T02:59:34.146311+00:00
scope1qqeem4z0ley5sua5cj3u4aaa07nqf6jxqt,0D34A150EC5E0A34A4AEFA80DFCD2B9CDE284CF286DDCE31AD2068DEA4782AD6,2026-09-14T01:38:40.684636985Z,pb1xvd4k9jg5h0d4dhzr4z0txtwe9p5zxf58xcmxd,pb1rrwuxd65chqed6t0c5z8z505daw0rvsveyl0eq,,,,,,,,,,,,,2026-09-15T02:59:34.709754+00:00
scope1qrc8926k2nv5tn4y2wjjhu3pmtasg2nfny,5BF47360A019AC85082DE95A8C0ED72074427C15FB9A5547E1B0ADFC9B6EAC00,2026-09-14T01:18:26.660970792Z,pb1xvd4k9jg5h0d4dhzr4z0txtwe9p5zxf58xcmxd,pb1rrwuxd65chqed6t0c5z8z505daw0rvsveyl0eq,,,,,,,,,,,,,2026-09-15T02:59:35.273423+00:00
scope1qrkz7w54j00yua5e3k3nahc3h2hsd7rkp0,E45D0186F53C564F0043E11C4A93A6C92599C0CF014EA71EE60BC12E84BA763C,2026-09-14T00:55:57.254089948Z,pb1xvd4k9jg5h0d4dhzr4z0txtwe9p5zxf58xcmxd,pb1rrwuxd65chqed6t0c5z8z505daw0rvsveyl0eq,,,,,,,,,,,,,2026-09-15T02:59:35.828060+00:00
scope1qq5rdlr67yfy8tvk4nwcurhehmmq78yeht,E1AF3CF9D451DBB07FEEBC8D1869DF7CA9C9C0C46DC41875D4C93B7571491BC3,2026-09-14T00:52:10.996185188Z,pb1xvd4k9jg5h0d4dhzr4z0txtwe9p5zxf58xcmxd,pb1rrwuxd65chqed6t0c5z8z505daw0rvsveyl0eq,,,,,,,,,,,,,2026-09-15T02:59:37.279469+00:00
scope1qzczku97lrr55nudccct978dt4hsl6fajd,78D2ECAFB5773110AB84C82C9B93384174BD1F22F889B830549B57453D566002,2026-09-14T00:24:53.800113405Z,pb1xvd4k9jg5h0d4dhzr4z0txtwe9p5zxf58xcmxd,pb1rrwuxd65chqed6t0c5z8z505daw0rvsveyl0eq,,,,,,,,,,,,,2026-09-15T02:59:37.836334+00:00
scope1qqpt3dh7xqvyke48rk7sm3nrd7es4qnsrn,C9377318D447F296C2E04AAB67D6CC160873BF49F3E5AFA712BF372C3A21B280,2026-09-14T00:07:48.595695872Z,pb1xvd4k9jg5h0d4dhzr4z0txtwe9p5zxf58xcmxd,pb1rrwuxd65chqed6t0c5z8z505daw0rvsveyl0eq,,,,,,,,,,,,,2026-09-15T02:59:38.386890+00:00
scope1qze9ettmptr5ld46klevdp806xlszxs9lz,22334EA33BB970C79ECCBDD2B374C3ED7FA14597247C2628FC4453D1885AA1C7,2026-09-14T00:00:17.643561425Z,pb134yg6h3g0vjq9ct2lpmx6sdxv3yuz942wrpxuu,pb1rrwuxd65chqed6t0c5z8z505daw0rvsveyl0eq,,,,,,,,,,,,,2026-09-15T02:59:38.941068+00:00
